columna,cobertura_ola1,cobertura_ola2,cobertura_ola3,clasificacion
llave_n16,0.0,0.0,1.0,IDENTIFICADOR
llave,0.0,1.0,0.961442503969154,IDENTIFICADOR
consecutivo,1.0,1.0,1.0,IDENTIFICADOR
consecutivo_c,1.0,1.0,1.0,IDENTIFICADOR
hogar_n16,0.0,0.0,1.0,IDENTIFICADOR
hogar,0.0,1.0,0.961442503969154,IDENTIFICADOR
ola,1.0,1.0,1.0,IDENTIFICADOR
zona,1.0,1.0,1.0,IDENTIFICADOR
zona_2010,0.0,1.0,1.0,EXCLUIDA_NO_EN_OLA1
zona_2016,0.0,0.0,1.0,EXCLUIDA_SOLO_OLA3
region,1.0,1.0,0.9958040371966432,IDENTIFICADOR
RegionLb,0.0,1.0,1.0,EXCLUIDA_NO_EN_OLA1
region_2016,0.0,0.0,0.9958040371966432,EXCLUIDA_SOLO_OLA3
id_dpto,1.0,1.0,1.0,IDENTIFICADOR
id_mpio,1.0,1.0,1.0,IDENTIFICADOR
id_mpioU,1.0,1.0,1.0,IDENTIFICADOR
estrato,0.5353699380899218,0.500485908649174,0.4861646631889317,CANDIDATO_BENCHMARK
t_hogar,1.0,0.0,0.5511453844409163,EXCLUIDA_OTRO_PATRON
t_personas,1.0,1.0,1.0,CANDIDATO_BENCHMARK
ordeninforma,1.0,0.0,0.0,EXCLUIDA_NO_EN_OLA2
tipo_vivienda,1.0,1.0,1.0,CANDIDATO_BENCHMARK
material_pisos,1.0,1.0,1.0,CANDIDATO_BENCHMARK
material_paredes,1.0,1.0,1.0,CANDIDATO_BENCHMARK
sp_energia,1.0,1.0,1.0,CANDIDATO_BENCHMARK
sp_estrato,0.5337460671876586,1.0,1.0,CANDIDATO_BENCHMARK
sp_gasnatural,1.0,1.0,1.0,CANDIDATO_BENCHMARK
sp_acueducto,1.0,1.0,1.0,CANDIDATO_BENCHMARK
sp_alcantarillado,1.0,1.0,1.0,CANDIDATO_BENCHMARK
sp_telefono,1.0,1.0,1.0,CANDIDATO_BENCHMARK
sp_recoleccion_basura,1.0,1.0,1.0,CANDIDATO_BENCHMARK
eliminan_basura,1.0,1.0,1.0,CANDIDATO_BENCHMARK
t_hogares,1.0,1.0,1.0,CANDIDATO_BENCHMARK
uc_fabricas,1.0,0.0,0.0,EXCLUIDA_NO_EN_OLA2
uc_basureros,1.0,0.0,0.0,EXCLUIDA_NO_EN_OLA2
uc_plaza_mercado,1.0,0.0,0.0,EXCLUIDA_NO_EN_OLA2
uc_terminal_bus,1.0,0.0,0.0,EXCLUIDA_NO_EN_OLA2
uc_aeropuerto,1.0,0.0,0.0,EXCLUIDA_NO_EN_OLA2
uc_cagno_agua,1.0,0.0,0.0,EXCLUIDA_NO_EN_OLA2
uc_planta_tratamiento,1.0,0.0,0.0,EXCLUIDA_NO_EN_OLA2
uc_trans_hidrocarburo,1.0,0.0,0.0,EXCLUIDA_NO_EN_OLA2
uc_linea_alta_tension,1.0,0.0,0.0,EXCLUIDA_NO_EN_OLA2
uc_vias_ppales,0.5353699380899218,0.0,0.0,EXCLUIDA_NO_EN_OLA2
inundacion,1.0,1.0,0.0,CANDIDATO_BENCHMARK
avalancha,1.0,1.0,0.0,CANDIDATO_BENCHMARK
creciente,1.0,1.0,0.0,CANDIDATO_BENCHMARK
hundimiento,1.0,1.0,0.0,CANDIDATO_BENCHMARK
terremoto,1.0,1.0,0.0,CANDIDATO_BENCHMARK
t_cuartos_hogar,1.0,1.0,1.0,CANDIDATO_BENCHMARK
t_cuartos_dormir,1.0,1.0,1.0,CANDIDATO_BENCHMARK
servicio_sanitario,1.0,1.0,1.0,CANDIDATO_BENCHMARK
uso_sanitario,0.9165736323962244,0.0,0.0,EXCLUIDA_NO_EN_OLA2
obtencion_agua,1.0,1.0,1.0,CANDIDATO_BENCHMARK
sitio_alimentos,1.0,0.0,0.0,EXCLUIDA_NO_EN_OLA2
cocina_es,0.996853750126865,0.0,0.0,EXCLUIDA_NO_EN_OLA2
energia_cocinan,0.996853750126865,1.0,1.0,CANDIDATO_BENCHMARK
tenencia_vivienda,1.0,1.0,1.0,CANDIDATO_BENCHMARK
anos_adqviv,0.2112047092256165,0.0,0.0,EXCLUIDA_NO_EN_OLA2
meses_adqviv,0.2111032172942251,0.0,0.0,EXCLUIDA_NO_EN_OLA2
fecha_ano_adviv,0.0275043134070841,0.0,0.0,EXCLUIDA_NO_EN_OLA2
fecha_mes_adviv,0.0275043134070841,0.0,0.0,EXCLUIDA_NO_EN_OLA2
compro_vivcuando,0.2384045468385263,0.0,0.0,EXCLUIDA_NO_EN_OLA2
compro_vc_cual,0.0008119354511316,0.0,0.0,EXCLUIDA_CASI_VACIA
recursos_propios,0.4830001014919314,0.5549076773566569,0.5759809480607847,CANDIDATO_BENCHMARK
credito_financiera,0.4830001014919314,0.5549076773566569,0.5759809480607847,CANDIDATO_BENCHMARK
credito_fna,0.2384045468385263,0.2626066299535687,0.2861193014288954,CANDIDATO_BENCHMARK
credito_proveedor,0.4830001014919314,0.0,0.0,EXCLUIDA_NO_EN_OLA2
credito_cooperativa,0.2384045468385263,0.2626066299535687,0.2861193014288954,CANDIDATO_BENCHMARK
prestamo_empleador,0.2384045468385263,0.0,0.0,EXCLUIDA_NO_EN_OLA2
prestamo_familiar,0.4830001014919314,0.5549076773566569,0.5759809480607847,CANDIDATO_BENCHMARK
prestamo_particular,0.4830001014919314,0.0,0.0,EXCLUIDA_NO_EN_OLA2
subsidios,0.2385060387699178,0.5549076773566569,0.5759809480607847,CANDIDATO_BENCHMARK
otra_financiacion,0.4830001014919314,0.5549076773566569,0.5759809480607847,CANDIDATO_BENCHMARK
otra_financiacion_cual,0.0021313305592205,1.0,1.0,EXCLUIDA_NO_EN_OLA1
subsidio_compra,0.2486552319090632,0.0,0.0,EXCLUIDA_NO_EN_OLA2
subsidio_mejora,0.2465239013498427,0.0,0.0,EXCLUIDA_NO_EN_OLA2
subsidio_legalizar,0.244595554653405,0.0,0.0,EXCLUIDA_NO_EN_OLA2
subsidio_nousado,0.2454074901045367,0.0,0.0,EXCLUIDA_NO_EN_OLA2
subsidio_negado,0.2498731350857606,0.0,0.0,EXCLUIDA_NO_EN_OLA2
ningun_subsidio,0.4710240535877398,0.0,0.0,EXCLUIDA_NO_EN_OLA2
subsidio_recibido,0.0177610879935045,0.0,0.0,EXCLUIDA_NO_EN_OLA2
dcto_vivienda,0.2384045468385263,0.2626066299535687,0.2861193014288954,CANDIDATO_BENCHMARK
dcto_viv_cual,0.0027402821475692,0.0,0.0,EXCLUIDA_CASI_VACIA
ofrecev_vivi,0.2384045468385263,0.0,0.0,EXCLUIDA_NO_EN_OLA2
ofrecev_mes,0.0079163706485334,0.0,0.0,EXCLUIDA_CASI_VACIA
ofrecev_ano,0.0079163706485334,0.0,0.0,EXCLUIDA_CASI_VACIA
valor_arriendo_pagado,0.2348523292398254,0.2217903034229565,0.2057155817645724,CANDIDATO_BENCHMARK
arren_casa,0.5353699380899218,0.0,0.0,EXCLUIDA_NO_EN_OLA2
arren_cuarto,0.5353699380899218,0.0,0.0,EXCLUIDA_NO_EN_OLA2
arren_bodega,0.5353699380899218,0.0,0.0,EXCLUIDA_NO_EN_OLA2
arren_oficina,0.5353699380899218,0.0,0.0,EXCLUIDA_NO_EN_OLA2
arren_local,0.5353699380899218,0.0,0.0,EXCLUIDA_NO_EN_OLA2
arren_garaje,0.5353699380899218,0.0,0.0,EXCLUIDA_NO_EN_OLA2
arren_finca,0.5353699380899218,0.0,0.0,EXCLUIDA_NO_EN_OLA2
anos_tiene_hogar,0.9381914137826044,0.0,0.0,EXCLUIDA_NO_EN_OLA2
ano_creo_hogar,0.1270678981021009,0.0,0.0,EXCLUIDA_NO_EN_OLA2
religion,1.0,1.0,1.0,CANDIDATO_BENCHMARK
religion_cual,0.9116005277580432,0.0,0.0,EXCLUIDA_NO_EN_OLA2
religion_cual2,0.0333908454277884,0.0,0.0,EXCLUIDA_NO_EN_OLA2
cambio_vivienda,1.0,0.0,0.0,EXCLUIDA_NO_EN_OLA2
veces_cambio_vivienda,0.6252917893027504,0.0,0.0,EXCLUIDA_NO_EN_OLA2
anos_ocupa_vivienda,0.5834771135694712,0.0,0.0,EXCLUIDA_NO_EN_OLA2
meses_ocupa_vivienda,0.5834771135694712,0.0,0.0,EXCLUIDA_NO_EN_OLA2
ano_llevaviviendo,0.0421191515274535,0.0,0.0,EXCLUIDA_NO_EN_OLA2
mes_llevaviviendo,0.0421191515274535,0.0,0.0,EXCLUIDA_NO_EN_OLA2
n_neveras,1.0,1.0,1.0,CANDIDATO_BENCHMARK
n_lavadoras,1.0,1.0,1.0,CANDIDATO_BENCHMARK
n_secadoras,0.5353699380899218,1.0,1.0,CANDIDATO_BENCHMARK
n_licuadoras,1.0,1.0,1.0,CANDIDATO_BENCHMARK
n_hornos,1.0,1.0,1.0,CANDIDATO_BENCHMARK
n_microondas,1.0,1.0,1.0,CANDIDATO_BENCHMARK
n_calentadores,1.0,1.0,1.0,CANDIDATO_BENCHMARK
n_duchas,1.0,1.0,1.0,CANDIDATO_BENCHMARK
n_aire_acondicionado,1.0,1.0,1.0,CANDIDATO_BENCHMARK
n_televisores,1.0,1.0,1.0,CANDIDATO_BENCHMARK
n_radios,1.0,1.0,1.0,CANDIDATO_BENCHMARK
n_equipos_sonido,1.0,1.0,1.0,CANDIDATO_BENCHMARK
n_equipos_video,1.0,1.0,1.0,CANDIDATO_BENCHMARK
n_television_cable,1.0,1.0,1.0,CANDIDATO_BENCHMARK
n_internet,1.0,1.0,1.0,CANDIDATO_BENCHMARK
n_computadores,1.0,1.0,1.0,CANDIDATO_BENCHMARK
n_bicicletas,1.0,1.0,1.0,CANDIDATO_BENCHMARK
motocicletas,1.0,1.0,1.0,CANDIDATO_BENCHMARK
vr_motocicletas,0.1955749517913325,0.0,0.0,EXCLUIDA_NO_EN_OLA2
automoviles,1.0,1.0,1.0,CANDIDATO_BENCHMARK
vr_automoviles,0.0845427788490815,0.0,0.0,EXCLUIDA_NO_EN_OLA2
lotes,1.0,1.0,1.0,CANDIDATO_BENCHMARK
vr_lotes,0.0234446361514259,0.0,0.0,EXCLUIDA_NO_EN_OLA2
casas,1.0,1.0,1.0,CANDIDATO_BENCHMARK
vr_casas,0.0423221353902364,0.0,0.0,EXCLUIDA_NO_EN_OLA2
maquinaria,0.5353699380899218,0.0,0.0,EXCLUIDA_NO_EN_OLA2
vr_maquinaria,0.013193951080889,0.0,0.0,EXCLUIDA_NO_EN_OLA2
oficina,1.0,0.0,0.0,EXCLUIDA_NO_EN_OLA2
vr_oficina,0.0116715721100172,0.0,0.0,EXCLUIDA_NO_EN_OLA2
transporte,0.5353699380899218,1.0,1.0,CANDIDATO_BENCHMARK
vr_transporte,0.004262661118441,0.0,0.0,EXCLUIDA_CASI_VACIA
semovientes,0.5353699380899218,0.5301803260986935,0.5511453844409163,CANDIDATO_BENCHMARK
vr_semovientes,0.0047701207753983,0.0,0.0,EXCLUIDA_CASI_VACIA
otro_bien_cual,0.0015223789708718,1.0,1.0,EXCLUIDA_NO_EN_OLA1
n_otros_bienes,0.9998985080686086,1.0,1.0,CANDIDATO_BENCHMARK
vr_otros_bienes,0.0014208870394803,0.0,0.0,EXCLUIDA_CASI_VACIA
familias_accion,1.0,1.0,1.0,CANDIDATO_BENCHMARK
jovenes_accion,1.0,0.0,1.0,EXCLUIDA_OTRO_PATRON
sena,1.0,1.0,1.0,CANDIDATO_BENCHMARK
red_juntos,1.0,1.0,1.0,CANDIDATO_BENCHMARK
icbf,1.0,1.0,1.0,CANDIDATO_BENCHMARK
sub_desempleo,1.0,0.0,0.0,EXCLUIDA_NO_EN_OLA2
caja_subsprest,1.0,0.0,0.0,EXCLUIDA_NO_EN_OLA2
caja_saludrec,1.0,0.0,0.0,EXCLUIDA_NO_EN_OLA2
ayu_emergencias,1.0,0.0,0.0,EXCLUIDA_NO_EN_OLA2
prg_adultomayor,1.0,1.0,1.0,CANDIDATO_BENCHMARK
ayu_desplazados,1.0,1.0,1.0,CANDIDATO_BENCHMARK
otro_programa,1.0,1.0,1.0,CANDIDATO_BENCHMARK
otro_programa_cual,0.0080178625799248,1.0,1.0,EXCLUIDA_NO_EN_OLA1
ayu_fam_colom,1.0,1.0,1.0,CANDIDATO_BENCHMARK
ayu_fc_per,0.137826042829595,0.0,0.0,EXCLUIDA_NO_EN_OLA2
ayu_fc_vr,0.137826042829595,0.2510528020732102,0.2211385801769108,CANDIDATO_BENCHMARK
ayu_fam_ext,1.0,1.0,1.0,CANDIDATO_BENCHMARK
ayu_fe_per,0.0239520958083832,0.0,0.0,EXCLUIDA_NO_EN_OLA2
ayu_fe_vr,0.0239520958083832,0.0339056257423604,0.0260830120208664,CANDIDATO_BENCHMARK
ayu_alimentos,1.0,1.0,1.0,CANDIDATO_BENCHMARK
ayu_ali_per,0.0881964883791738,0.0,0.0,EXCLUIDA_NO_EN_OLA2
ayu_ali_vr,0.0881964883791738,0.1020408163265306,0.0999092764799274,CANDIDATO_BENCHMARK
ayu_orgintern,1.0,1.0,1.0,CANDIDATO_BENCHMARK
ayu_oi_per,0.0011164112453059,0.0,0.0,EXCLUIDA_CASI_VACIA
ayu_oi_vr,0.0011164112453059,0.0049670661915559,0.0004536176003628,EXCLUIDA_CASI_VACIA
ayu_ong,1.0,1.0,1.0,CANDIDATO_BENCHMARK
ayu_ong_per,0.0147163300517608,0.0,0.0,EXCLUIDA_NO_EN_OLA2
ayu_ong_vr,0.0147163300517608,0.0109059496814598,0.0017010660013608,CANDIDATO_BENCHMARK
ayu_religiosas,1.0,1.0,1.0,CANDIDATO_BENCHMARK
ayu_rel_per,0.003146249873135,0.0,0.0,EXCLUIDA_CASI_VACIA
ayu_rel_vr,0.003146249873135,0.0100421120829284,0.0112270356089816,EXCLUIDA_NO_EN_OLA1
uay_comida,0.223586724855374,0.3816002591512795,0.6204354728963484,CANDIDATO_BENCHMARK
uay_educacion,0.223586724855374,0.3816002591512795,0.6204354728963484,CANDIDATO_BENCHMARK
uay_salud,0.223586724855374,0.3816002591512795,0.6204354728963484,CANDIDATO_BENCHMARK
uay_vivienda,0.223586724855374,0.3816002591512795,0.6204354728963484,CANDIDATO_BENCHMARK
uay_tierras,0.223586724855374,0.1852931648850016,0.3255840326604672,CANDIDATO_BENCHMARK
uay_agropec,0.223586724855374,0.1852931648850016,0.3255840326604672,CANDIDATO_BENCHMARK
uay_noagropec,0.223586724855374,0.1852931648850016,0.3255840326604672,CANDIDATO_BENCHMARK
uay_ahorrar,0.223586724855374,0.3816002591512795,0.6204354728963484,CANDIDATO_BENCHMARK
uay_noinfo,0.0160357251598497,0.0,0.0,EXCLUIDA_NO_EN_OLA2
uay_otros,0.223586724855374,0.3816002591512795,0.6204354728963484,CANDIDATO_BENCHMARK
uay_otros_cual,0.0037552014614838,1.0,1.0,EXCLUIDA_NO_EN_OLA1
eay_fam_colom,0.999797016137217,1.0,1.0,CANDIDATO_BENCHMARK
eay_fc_per,0.1050441489901552,0.0,0.0,EXCLUIDA_NO_EN_OLA2
eay_fc_vr,0.1050441489901552,0.2344239283014793,0.2015196189612157,CANDIDATO_BENCHMARK
eay_fam_exte,0.999797016137217,1.0,1.0,CANDIDATO_BENCHMARK
eay_fe_per,0.0028417740789607,0.0,0.0,EXCLUIDA_CASI_VACIA
eay_fe_vr,0.0028417740789607,0.0084224165856818,0.0105466092084372,EXCLUIDA_SOLO_OLA3
eay_alimentos,0.999797016137217,1.0,1.0,CANDIDATO_BENCHMARK
eay_alim_per,0.0270983456815183,0.0,0.0,EXCLUIDA_NO_EN_OLA2
eay_alim_vr,0.0270983456815183,0.0,0.0,EXCLUIDA_NO_EN_OLA2
eay_otras,0.999797016137217,1.0,1.0,CANDIDATO_BENCHMARK
eay_otras_per,0.0093372576880138,0.0,0.0,EXCLUIDA_CASI_VACIA
eay_otras_vr,0.0093372576880138,0.0350934024403412,0.031980040825584,EXCLUIDA_NO_EN_OLA1
tienen_deudas,1.0,0.0,0.0,EXCLUIDA_NO_EN_OLA2
tipo_deuda_1,0.5565817517507358,0.0,0.0,EXCLUIDA_NO_EN_OLA2
aquien_deben_1,0.1431036232619506,0.0,0.0,EXCLUIDA_NO_EN_OLA2
aquien_cual_1,0.0297371358976961,0.0,0.0,EXCLUIDA_NO_EN_OLA2
con_quien_1,0.4134781284887851,0.5446496058740957,0.5220004536176004,CANDIDATO_BENCHMARK
conquien_cual_1,0.0073074190601847,0.5446496058740957,0.5220004536176004,EXCLUIDA_NO_EN_OLA1
destino1_1,0.4134781284887851,0.0,0.0,EXCLUIDA_NO_EN_OLA2
destino2_1,0.2737237389627525,0.0,0.0,EXCLUIDA_NO_EN_OLA2
destino3_1,0.2648939409316959,0.0,0.0,EXCLUIDA_NO_EN_OLA2
destino4_1,0.2637775296863899,0.0,0.0,EXCLUIDA_NO_EN_OLA2
fechai_mes_1,0.4134781284887851,0.4784580498866213,0.5220004536176004,CANDIDATO_BENCHMARK
fechai_ano_1,0.4134781284887851,0.4784580498866213,0.5220004536176004,CANDIDATO_BENCHMARK
vr_inicial_1,0.4134781284887851,0.4360220278587625,0.5220004536176004,CANDIDATO_BENCHMARK
tasa_interes_1,0.4134781284887851,0.0,0.0,EXCLUIDA_NO_EN_OLA2
tasa_period_1,0.4131736526946107,0.0,0.0,EXCLUIDA_NO_EN_OLA2
cuota_1,0.4134781284887851,0.5018896447467877,0.5220004536176004,CANDIDATO_BENCHMARK
period_cuota_1,0.4134781284887851,0.501997624446604,0.5220004536176004,CANDIDATO_BENCHMARK
meses_plazo_1,0.5565817517507358,0.4740308821941475,0.4635971875708777,CANDIDATO_BENCHMARK
vr_saldo_1,0.5565817517507358,0.5446496058740957,0.5220004536176004,CANDIDATO_BENCHMARK
tipo_deuda_2,0.2210494265705876,0.0,0.0,EXCLUIDA_NO_EN_OLA2
aquien_deben_2,0.0719577793565411,0.0,0.0,EXCLUIDA_NO_EN_OLA2
aquien_cual_2,0.0180655637876788,0.0,0.0,EXCLUIDA_NO_EN_OLA2
con_quien_2,0.1490916472140465,0.2451139185833063,0.2097981401678385,CANDIDATO_BENCHMARK
conquien_cual_2,0.0054805642951385,0.2451139185833063,0.2097981401678385,EXCLUIDA_NO_EN_OLA1
destino1_2,0.1490916472140465,0.0,0.0,EXCLUIDA_NO_EN_OLA2
destino2_2,0.1060590683040698,0.0,0.0,EXCLUIDA_NO_EN_OLA2
destino3_2,0.1037247538820663,0.0,0.0,EXCLUIDA_NO_EN_OLA2
destino4_2,0.1033187861565005,0.0,0.0,EXCLUIDA_NO_EN_OLA2
fechai_mes_2,0.1490916472140465,0.1999784040600367,0.2097981401678385,CANDIDATO_BENCHMARK
fechai_ano_2,0.1490916472140465,0.1999784040600367,0.2097981401678385,CANDIDATO_BENCHMARK
vr_inicial_2,0.1490916472140465,0.182161753590325,0.2097981401678385,CANDIDATO_BENCHMARK
tasa_interes_2,0.1490916472140465,0.0,0.0,EXCLUIDA_NO_EN_OLA2
tasa_period_2,0.1490916472140465,0.0,0.0,EXCLUIDA_NO_EN_OLA2
cuota_2,0.1490916472140465,0.2270813087139618,0.2097981401678385,CANDIDATO_BENCHMARK
period_cuota_2,0.1490916472140465,0.2270813087139618,0.2097981401678385,CANDIDATO_BENCHMARK
meses_plazo_2,0.2210494265705876,0.2108843537414966,0.1804264005443411,CANDIDATO_BENCHMARK
vr_saldo_2,0.2210494265705876,0.2451139185833063,0.2097981401678385,CANDIDATO_BENCHMARK
tipo_deuda_3,0.0758144727494164,0.0,0.0,EXCLUIDA_NO_EN_OLA2
aquien_deben_3,0.029940119760479,0.0,0.0,EXCLUIDA_NO_EN_OLA2
aquien_cual_3,0.0088297980310565,0.0,0.0,EXCLUIDA_CASI_VACIA
con_quien_3,0.0458743529889373,0.1060360652197386,0.0782490360625992,CANDIDATO_BENCHMARK
conquien_cual_3,0.0018268547650461,0.1060360652197386,0.0782490360625992,EXCLUIDA_NO_EN_OLA1
destino1_3,0.0458743529889373,0.0,0.0,EXCLUIDA_NO_EN_OLA2
destino2_3,0.0348117324672688,0.0,0.0,EXCLUIDA_NO_EN_OLA2
destino3_3,0.0346087486044859,0.0,0.0,EXCLUIDA_NO_EN_OLA2
destino4_3,0.0346087486044859,0.0,0.0,EXCLUIDA_NO_EN_OLA2
fechai_mes_3,0.0458743529889373,0.0858438613540654,0.0782490360625992,CANDIDATO_BENCHMARK
fechai_ano_3,0.0458743529889373,0.0858438613540654,0.0782490360625992,CANDIDATO_BENCHMARK
vr_inicial_3,0.0458743529889373,0.0761256883705863,0.0782490360625992,CANDIDATO_BENCHMARK
tasa_interes_3,0.0458743529889373,0.0,0.0,EXCLUIDA_NO_EN_OLA2
tasa_period_3,0.0458743529889373,0.0,0.0,EXCLUIDA_NO_EN_OLA2
cuota_3,0.0458743529889373,0.0963178922362595,0.0782490360625992,CANDIDATO_BENCHMARK
period_cuota_3,0.0458743529889373,0.0963178922362595,0.0782490360625992,CANDIDATO_BENCHMARK
meses_plazo_3,0.0758144727494164,0.0861678004535147,0.0632796552506237,CANDIDATO_BENCHMARK
vr_saldo_3,0.0758144727494164,0.1060360652197386,0.0782490360625992,CANDIDATO_BENCHMARK
tipo_deuda_4,0.0293311681721303,0.0,0.0,EXCLUIDA_NO_EN_OLA2
aquien_deben_4,0.0121790317669745,0.0,0.0,EXCLUIDA_NO_EN_OLA2
aquien_cual_4,0.0044656449812239,0.0,0.0,EXCLUIDA_CASI_VACIA
con_quien_4,0.0171521364051557,0.0404923874311629,0.0318666364254933,CANDIDATO_BENCHMARK
conquien_cual_4,0.000913427382523,0.0404923874311629,0.0318666364254933,EXCLUIDA_NO_EN_OLA1
destino1_4,0.0171521364051557,0.0,0.0,EXCLUIDA_NO_EN_OLA2
destino2_4,0.0138029026692377,0.0,0.0,EXCLUIDA_NO_EN_OLA2
destino3_4,0.0135999188064548,0.0,0.0,EXCLUIDA_NO_EN_OLA2
destino4_4,0.0135999188064548,0.0,0.0,EXCLUIDA_NO_EN_OLA2
fechai_mes_4,0.0171521364051557,0.0332577475434618,0.0318666364254933,CANDIDATO_BENCHMARK
fechai_ano_4,0.0171521364051557,0.0332577475434618,0.0318666364254933,CANDIDATO_BENCHMARK
vr_inicial_4,0.0171521364051557,0.0301263362487852,0.0318666364254933,CANDIDATO_BENCHMARK
tasa_interes_4,0.0171521364051557,0.0,0.0,EXCLUIDA_NO_EN_OLA2
tasa_period_4,0.0171521364051557,0.0,0.0,EXCLUIDA_NO_EN_OLA2
cuota_4,0.0171521364051557,0.0373609761364863,0.0318666364254933,CANDIDATO_BENCHMARK
period_cuota_4,0.0171521364051557,0.0373609761364863,0.0318666364254933,CANDIDATO_BENCHMARK
meses_plazo_4,0.0293311681721303,0.032069970845481,0.0238149240190519,CANDIDATO_BENCHMARK
vr_saldo_4,0.0293311681721303,0.0404923874311629,0.0318666364254933,CANDIDATO_BENCHMARK
tipo_deuda_5,0.0102506850705368,0.0,0.0,EXCLUIDA_NO_EN_OLA2
aquien_deben_5,0.0036537095300923,0.0,0.0,EXCLUIDA_CASI_VACIA
aquien_cual_5,0.0014208870394803,0.0,0.0,EXCLUIDA_CASI_VACIA
con_quien_5,0.0065969755404445,0.0165208940719144,0.0124744840099795,EXCLUIDA_NO_EN_OLA1
conquien_cual_5,0.0001014919313914,0.0165208940719144,0.0124744840099795,EXCLUIDA_NO_EN_OLA1
destino1_5,0.0065969755404445,0.0,0.0,EXCLUIDA_CASI_VACIA
destino2_5,0.0054805642951385,0.0,0.0,EXCLUIDA_CASI_VACIA
destino3_5,0.0054805642951385,0.0,0.0,EXCLUIDA_CASI_VACIA
destino4_5,0.0054805642951385,0.0,0.0,EXCLUIDA_CASI_VACIA
fechai_mes_5,0.0065969755404445,0.0128495842781557,0.0124744840099795,EXCLUIDA_NO_EN_OLA1
fechai_ano_5,0.0065969755404445,0.0128495842781557,0.0124744840099795,EXCLUIDA_NO_EN_OLA1
vr_inicial_5,0.0065969755404445,0.0112298887809091,0.0124744840099795,EXCLUIDA_NO_EN_OLA1
tasa_interes_5,0.0065969755404445,0.0,0.0,EXCLUIDA_CASI_VACIA
tasa_period_5,0.0065969755404445,0.0,0.0,EXCLUIDA_CASI_VACIA
cuota_5,0.0065969755404445,0.0149011985746679,0.0124744840099795,EXCLUIDA_NO_EN_OLA1
period_cuota_5,0.0065969755404445,0.0149011985746679,0.0124744840099795,EXCLUIDA_NO_EN_OLA1
meses_plazo_5,0.0102506850705368,0.0126336248785228,0.0100929916080743,CANDIDATO_BENCHMARK
vr_saldo_5,0.0102506850705368,0.0165208940719144,0.0124744840099795,CANDIDATO_BENCHMARK
tipo_deuda_6,0.004262661118441,0.0,0.0,EXCLUIDA_CASI_VACIA
aquien_deben_6,0.0015223789708718,0.0,0.0,EXCLUIDA_CASI_VACIA
aquien_cual_6,0.0007104435197401,0.0,0.0,EXCLUIDA_CASI_VACIA
con_quien_6,0.0027402821475692,0.0070186804880682,0.0060104332048083,EXCLUIDA_CASI_VACIA
destino1_6,0.0027402821475692,0.0,0.0,EXCLUIDA_CASI_VACIA
destino2_6,0.0024358063533949,0.0,0.0,EXCLUIDA_CASI_VACIA
destino3_6,0.0023343144220034,0.0,0.0,EXCLUIDA_CASI_VACIA
destino4_6,0.0023343144220034,0.0,0.0,EXCLUIDA_CASI_VACIA
fechai_mes_6,0.0027402821475692,0.0053989849908217,0.0060104332048083,EXCLUIDA_CASI_VACIA
fechai_ano_6,0.0027402821475692,0.0053989849908217,0.0060104332048083,EXCLUIDA_CASI_VACIA
vr_inicial_6,0.0027402821475692,0.0048590864917395,0.0060104332048083,EXCLUIDA_CASI_VACIA
tasa_interes_6,0.0027402821475692,0.0,0.0,EXCLUIDA_CASI_VACIA
tasa_period_6,0.0027402821475692,0.0,0.0,EXCLUIDA_CASI_VACIA
cuota_6,0.0027402821475692,0.006478781988986,0.0060104332048083,EXCLUIDA_CASI_VACIA
period_cuota_6,0.0027402821475692,0.006478781988986,0.0060104332048083,EXCLUIDA_CASI_VACIA
meses_plazo_6,0.004262661118441,0.0055069646906381,0.0044227716035382,EXCLUIDA_CASI_VACIA
vr_saldo_6,0.004262661118441,0.0070186804880682,0.0060104332048083,EXCLUIDA_CASI_VACIA
tipo_deuda_7,0.0017253628336547,0.0,0.0,EXCLUIDA_CASI_VACIA
aquien_deben_7,0.0003044757941743,0.0,0.0,EXCLUIDA_CASI_VACIA
aquien_cual_7,0.0002029838627829,0.0,0.0,EXCLUIDA_CASI_VACIA
con_quien_7,0.0014208870394803,0.0035633300939423,0.0029485144023588,EXCLUIDA_CASI_VACIA
destino1_7,0.0014208870394803,0.0,0.0,EXCLUIDA_CASI_VACIA
destino2_7,0.0013193951080889,0.0,0.0,EXCLUIDA_CASI_VACIA
destino3_7,0.0013193951080889,0.0,0.0,EXCLUIDA_CASI_VACIA
destino4_7,0.0013193951080889,0.0,0.0,EXCLUIDA_CASI_VACIA
fechai_mes_7,0.0014208870394803,0.0030234315948601,0.0029485144023588,EXCLUIDA_CASI_VACIA
fechai_ano_7,0.0014208870394803,0.0030234315948601,0.0029485144023588,EXCLUIDA_CASI_VACIA
vr_inicial_7,0.0014208870394803,0.0028074721952272,0.0029485144023588,EXCLUIDA_CASI_VACIA
tasa_interes_7,0.0015223789708718,0.0,0.0,EXCLUIDA_CASI_VACIA
tasa_period_7,0.0014208870394803,0.0,0.0,EXCLUIDA_CASI_VACIA
cuota_7,0.0014208870394803,0.0033473706943094,0.0029485144023588,EXCLUIDA_CASI_VACIA
period_cuota_7,0.0014208870394803,0.0033473706943094,0.0029485144023588,EXCLUIDA_CASI_VACIA
meses_plazo_7,0.0017253628336547,0.0022675736961451,0.0023814924019051,EXCLUIDA_CASI_VACIA
vr_saldo_7,0.0017253628336547,0.0035633300939423,0.0029485144023588,EXCLUIDA_CASI_VACIA
tipo_deuda_8,0.0007104435197401,0.0,0.0,EXCLUIDA_CASI_VACIA
aquien_deben_8,0.0003044757941743,0.0,0.0,EXCLUIDA_CASI_VACIA
aquien_cual_8,0.0002029838627829,0.0,0.0,EXCLUIDA_CASI_VACIA
con_quien_8,0.0004059677255658,0.0014037360976136,0.0010206396008165,EXCLUIDA_CASI_VACIA
destino1_8,0.0004059677255658,0.0,0.0,EXCLUIDA_CASI_VACIA
destino2_8,0.0003044757941743,0.0,0.0,EXCLUIDA_CASI_VACIA
destino3_8,0.0003044757941743,0.0,0.0,EXCLUIDA_CASI_VACIA
destino4_8,0.0003044757941743,0.0,0.0,EXCLUIDA_CASI_VACIA
fechai_mes_8,0.0004059677255658,0.0010797969981643,0.0010206396008165,EXCLUIDA_CASI_VACIA
fechai_ano_8,0.0004059677255658,0.0010797969981643,0.0010206396008165,EXCLUIDA_CASI_VACIA
vr_inicial_8,0.0004059677255658,0.0010797969981643,0.0010206396008165,EXCLUIDA_CASI_VACIA
tasa_interes_8,0.0005074596569572,0.0,0.0,EXCLUIDA_CASI_VACIA
tasa_period_8,0.0004059677255658,0.0,0.0,EXCLUIDA_CASI_VACIA
cuota_8,0.0004059677255658,0.0014037360976136,0.0010206396008165,EXCLUIDA_CASI_VACIA
period_cuota_8,0.0004059677255658,0.0014037360976136,0.0010206396008165,EXCLUIDA_CASI_VACIA
meses_plazo_8,0.0007104435197401,0.0010797969981643,0.0006804264005443,EXCLUIDA_CASI_VACIA
vr_saldo_8,0.0007104435197401,0.0014037360976136,0.0010206396008165,EXCLUIDA_CASI_VACIA
tipo_deuda_9,0.0003044757941743,0.0,0.0,EXCLUIDA_CASI_VACIA
aquien_deben_9,0.0002029838627829,0.0,0.0,EXCLUIDA_CASI_VACIA
aquien_cual_9,0.0001014919313914,0.0,0.0,EXCLUIDA_CASI_VACIA
con_quien_9,0.0001014919313914,0.000755857898715,0.0005670220004536,EXCLUIDA_CASI_VACIA
destino1_9,0.0001014919313914,0.0,0.0,EXCLUIDA_CASI_VACIA
destino2_9,0.0001014919313914,0.0,0.0,EXCLUIDA_CASI_VACIA
destino3_9,0.0001014919313914,0.0,0.0,EXCLUIDA_CASI_VACIA
destino4_9,0.0001014919313914,0.0,0.0,EXCLUIDA_CASI_VACIA
fechai_mes_9,0.0001014919313914,0.0004319187992657,0.0005670220004536,EXCLUIDA_CASI_VACIA
fechai_ano_9,0.0001014919313914,0.0004319187992657,0.0005670220004536,EXCLUIDA_CASI_VACIA
vr_inicial_9,0.0001014919313914,0.0004319187992657,0.0005670220004536,EXCLUIDA_CASI_VACIA
tasa_interes_9,0.0001014919313914,0.0,0.0,EXCLUIDA_CASI_VACIA
tasa_period_9,0.0001014919313914,0.0,0.0,EXCLUIDA_CASI_VACIA
cuota_9,0.0001014919313914,0.000755857898715,0.0005670220004536,EXCLUIDA_CASI_VACIA
period_cuota_9,0.0001014919313914,0.000755857898715,0.0005670220004536,EXCLUIDA_CASI_VACIA
meses_plazo_9,0.0003044757941743,0.0006478781988986,0.0002268088001814,EXCLUIDA_CASI_VACIA
vr_saldo_9,0.0003044757941743,0.000755857898715,0.0005670220004536,EXCLUIDA_CASI_VACIA
tipo_deuda_10,0.0003044757941743,0.0,0.0,EXCLUIDA_CASI_VACIA
aquien_deben_10,0.0,0.0,0.0,EXCLUIDA_CASI_VACIA
aquien_cual_10,0.0,0.0,0.0,EXCLUIDA_CASI_VACIA
con_quien_10,0.0003044757941743,0.0004319187992657,0.0002268088001814,EXCLUIDA_CASI_VACIA
destino1_10,0.0003044757941743,0.0,0.0,EXCLUIDA_CASI_VACIA
destino2_10,0.0003044757941743,0.0,0.0,EXCLUIDA_CASI_VACIA
destino3_10,0.0003044757941743,0.0,0.0,EXCLUIDA_CASI_VACIA
destino4_10,0.0003044757941743,0.0,0.0,EXCLUIDA_CASI_VACIA
fechai_mes_10,0.0003044757941743,0.0003239390994493,0.0002268088001814,EXCLUIDA_CASI_VACIA
fechai_ano_10,0.0003044757941743,0.0003239390994493,0.0002268088001814,EXCLUIDA_CASI_VACIA
vr_inicial_10,0.0003044757941743,0.0003239390994493,0.0002268088001814,EXCLUIDA_CASI_VACIA
tasa_interes_10,0.0003044757941743,0.0,0.0,EXCLUIDA_CASI_VACIA
tasa_period_10,0.0003044757941743,0.0,0.0,EXCLUIDA_CASI_VACIA
cuota_10,0.0003044757941743,0.0004319187992657,0.0002268088001814,EXCLUIDA_CASI_VACIA
period_cuota_10,0.0003044757941743,0.0004319187992657,0.0002268088001814,EXCLUIDA_CASI_VACIA
meses_plazo_10,0.0003044757941743,0.0004319187992657,0.0001134044000907,EXCLUIDA_CASI_VACIA
vr_saldo_10,0.0003044757941743,0.0004319187992657,0.0002268088001814,EXCLUIDA_CASI_VACIA
tipo_deuda_11,0.0002029838627829,0.0,0.0,EXCLUIDA_CASI_VACIA
aquien_deben_11,0.0002029838627829,0.0,0.0,EXCLUIDA_CASI_VACIA
aquien_cual_11,0.0001014919313914,0.0,0.0,EXCLUIDA_CASI_VACIA
meses_plazo_11,0.0002029838627829,0.0001079796998164,0.0001134044000907,EXCLUIDA_CASI_VACIA
vr_saldo_11,0.0002029838627829,0.0001079796998164,0.0001134044000907,EXCLUIDA_CASI_VACIA
tipo_deuda_12,0.0002029838627829,0.0,0.0,EXCLUIDA_CASI_VACIA
aquien_deben_12,0.0002029838627829,0.0,0.0,EXCLUIDA_CASI_VACIA
meses_plazo_12,0.0002029838627829,0.0001079796998164,0.0,EXCLUIDA_CASI_VACIA
vr_saldo_12,0.0002029838627829,0.0001079796998164,0.0,EXCLUIDA_CASI_VACIA
tipo_deuda_13,0.0001014919313914,0.0,0.0,EXCLUIDA_CASI_VACIA
aquien_deben_13,0.0001014919313914,0.0,0.0,EXCLUIDA_CASI_VACIA
meses_plazo_13,0.0001014919313914,0.0,0.0,EXCLUIDA_CASI_VACIA
vr_saldo_13,0.0001014919313914,0.0,0.0,EXCLUIDA_CASI_VACIA
tipo_deuda_14,0.0001014919313914,0.0,0.0,EXCLUIDA_CASI_VACIA
con_quien_14,0.0001014919313914,0.0,0.0,EXCLUIDA_CASI_VACIA
destino1_14,0.0001014919313914,0.0,0.0,EXCLUIDA_CASI_VACIA
destino2_14,0.0001014919313914,0.0,0.0,EXCLUIDA_CASI_VACIA
destino3_14,0.0001014919313914,0.0,0.0,EXCLUIDA_CASI_VACIA
destino4_14,0.0001014919313914,0.0,0.0,EXCLUIDA_CASI_VACIA
fechai_mes_14,0.0001014919313914,0.0,0.0,EXCLUIDA_CASI_VACIA
fechai_ano_14,0.0001014919313914,0.0,0.0,EXCLUIDA_CASI_VACIA
vr_inicial_14,0.0001014919313914,0.0,0.0,EXCLUIDA_CASI_VACIA
tasa_interes_14,0.0001014919313914,0.0,0.0,EXCLUIDA_CASI_VACIA
tasa_period_14,0.0001014919313914,0.0,0.0,EXCLUIDA_CASI_VACIA
cuota_14,0.0001014919313914,0.0,0.0,EXCLUIDA_CASI_VACIA
period_cuota_14,0.0001014919313914,0.0,0.0,EXCLUIDA_CASI_VACIA
meses_plazo_14,0.0001014919313914,0.0,0.0,EXCLUIDA_CASI_VACIA
vr_saldo_14,0.0001014919313914,0.0,0.0,EXCLUIDA_CASI_VACIA
tipo_deuda_15,0.0001014919313914,0.0,0.0,EXCLUIDA_CASI_VACIA
aquien_deben_15,0.0001014919313914,0.0,0.0,EXCLUIDA_CASI_VACIA
meses_plazo_15,0.0001014919313914,0.0,0.0,EXCLUIDA_CASI_VACIA
vr_saldo_15,0.0001014919313914,0.0,0.0,EXCLUIDA_CASI_VACIA
tipo_deuda_16,0.0001014919313914,0.0,0.0,EXCLUIDA_CASI_VACIA
aquien_deben_16,0.0001014919313914,0.0,0.0,EXCLUIDA_CASI_VACIA
aquien_cual_16,0.0001014919313914,0.0,0.0,EXCLUIDA_CASI_VACIA
meses_plazo_16,0.0001014919313914,0.0,0.0,EXCLUIDA_CASI_VACIA
vr_saldo_16,0.0001014919313914,0.0,0.0,EXCLUIDA_CASI_VACIA
act_dinero,1.0,1.0,1.0,CANDIDATO_BENCHMARK
act_dinero_vr,0.0993606008322338,0.0,0.0,EXCLUIDA_NO_EN_OLA2
act_fondos,1.0,1.0,1.0,CANDIDATO_BENCHMARK
act_fondos_vr,0.0363341114381406,0.0,0.0,EXCLUIDA_NO_EN_OLA2
act_cesantias,1.0,1.0,1.0,CANDIDATO_BENCHMARK
act_cesantias_vr,0.0899218512128285,0.0,0.0,EXCLUIDA_NO_EN_OLA2
act_bonos_gob,1.0,0.0,0.0,EXCLUIDA_NO_EN_OLA2
act_bonos_gob_vr,0.0144118542575865,0.0,0.0,EXCLUIDA_NO_EN_OLA2
act_bonos_emp,1.0,0.0,0.0,EXCLUIDA_NO_EN_OLA2
act_bonos_emp_vr,0.0036537095300923,0.0,0.0,EXCLUIDA_CASI_VACIA
act_inversiones,1.0,0.0,0.0,EXCLUIDA_NO_EN_OLA2
act_inversiones_vr,0.0022328224906119,0.0,0.0,EXCLUIDA_CASI_VACIA
act_roscas,1.0,1.0,1.0,CANDIDATO_BENCHMARK
act_roscas_vr,0.0103521770019283,0.0,0.0,EXCLUIDA_NO_EN_OLA2
act_dineroprestado,1.0,0.0,0.0,EXCLUIDA_NO_EN_OLA2
act_dineroprestado_vr,0.0123820156297574,0.0,0.0,EXCLUIDA_NO_EN_OLA2
act_segvida,1.0,0.4705755318000216,0.5147425720117941,CANDIDATO_BENCHMARK
act_segvida_vr,0.0395818532426672,0.0,0.0,EXCLUIDA_NO_EN_OLA2
act_segveh,1.0,0.4705755318000216,0.5147425720117941,CANDIDATO_BENCHMARK
act_segveh_vr,0.0380594742717953,0.0,0.0,EXCLUIDA_NO_EN_OLA2
act_segviv,1.0,0.4705755318000216,0.5147425720117941,CANDIDATO_BENCHMARK
act_segviv_vr,0.0081193545113163,0.0,0.0,EXCLUIDA_CASI_VACIA
act_segmaq,1.0,0.4705755318000216,0.5147425720117941,CANDIDATO_BENCHMARK
act_segmaq_vr,0.000913427382523,0.0,0.0,EXCLUIDA_CASI_VACIA
act_segotros,1.0,0.4705755318000216,0.5147425720117941,CANDIDATO_BENCHMARK
act_segotros_vr,0.0268953618187354,0.0,0.0,EXCLUIDA_NO_EN_OLA2
act_herencias,0.5353699380899218,1.0,1.0,CANDIDATO_BENCHMARK
act_herencias_vr,0.4691971988226936,0.0102580714825612,0.011453844409163,CANDIDATO_BENCHMARK
act_polizas,0.5353699380899218,1.0,1.0,CANDIDATO_BENCHMARK
act_polizas_vr,0.465949457018167,0.0016196954972465,0.0038557496030845,EXCLUIDA_NO_EN_OLA2
act_vtainm,0.5353699380899218,1.0,1.0,CANDIDATO_BENCHMARK
act_vtainm_vr,0.4673703440576474,0.0062628225893532,0.0082785212066228,EXCLUIDA_NO_EN_OLA2
act_vtaneg,0.5353699380899218,1.0,1.0,CANDIDATO_BENCHMARK
act_vtaneg_vr,0.4651375215670354,0.0016196954972465,0.0029485144023588,EXCLUIDA_NO_EN_OLA2
act_vgtaotros,0.5353699380899218,0.0,0.0,EXCLUIDA_NO_EN_OLA2
act_vtaotros_vr,0.4667613924692987,0.0149011985746679,0.0157632116126105,CANDIDATO_BENCHMARK
act_vtaotros_cual,0.0037552014614838,1.0,1.0,EXCLUIDA_NO_EN_OLA1
act_otrosing,0.5353699380899218,1.0,1.0,CANDIDATO_BENCHMARK
act_otrosing_vr,0.4721404648330458,0.0203001835654896,0.0066908596053526,CANDIDATO_BENCHMARK
act_otrosing_cual,0.0117730640414087,1.0,1.0,CANDIDATO_BENCHMARK
ing_trabajo,0.9686389932000404,0.5301803260986935,0.5511453844409163,CANDIDATO_BENCHMARK
ing_pensiones,0.5232923982543388,1.0,1.0,CANDIDATO_BENCHMARK
ing_arriendos,0.5203491322439866,1.0,1.0,CANDIDATO_BENCHMARK
ing_intereses_div,0.4697046584796508,1.0,1.0,CANDIDATO_BENCHMARK
ing_ayudas,0.0925606414290064,1.0,1.0,CANDIDATO_BENCHMARK
ing_otros_nrem,0.4803613112757536,1.0,1.0,CANDIDATO_BENCHMARK
vr_gtos_mensuales,1.0,1.0,1.0,CANDIDATO_BENCHMARK
vr_gtos_mens_alim,1.0,1.0,1.0,CANDIDATO_BENCHMARK
fhog,1.0,0.0,0.0,EXCLUIDA_NO_EN_OLA2
fexhog,1.0,0.0,0.0,EXCLUIDA_NO_EN_OLA2
riqueza_pca,1.0,1.0,1.0,CANDIDATO_BENCHMARK
tercil2010,1.0,0.0,0.0,EXCLUIDA_NO_EN_OLA2
tratan_agua,0.0,0.187884677680596,0.1863234293490587,EXCLUIDA_NO_EN_OLA1
metodo_agua,0.0,0.1031206133246949,0.0976411884781129,EXCLUIDA_NO_EN_OLA1
otro_prestamo,0.0,0.5549076773566569,0.5759809480607847,EXCLUIDA_NO_EN_OLA1
vec_inunda,0.0,0.088975272648742,0.0,EXCLUIDA_NO_EN_OLA1
mes_inunda,0.0,0.088975272648742,0.0,EXCLUIDA_NO_EN_OLA1
ano_inunda,0.0,0.088975272648742,0.0,EXCLUIDA_NO_EN_OLA1
vivien_inu,0.0,0.088975272648742,0.0,EXCLUIDA_NO_EN_OLA1
servag_inu,0.0,0.088975272648742,0.0,EXCLUIDA_NO_EN_OLA1
alcant_inu,0.0,0.088975272648742,0.0,EXCLUIDA_NO_EN_OLA1
vec_avalancha,0.0,0.0157650361731994,0.0,EXCLUIDA_NO_EN_OLA1
mes_avalancha,0.0,0.0157650361731994,0.0,EXCLUIDA_NO_EN_OLA1
ano_avalancha,0.0,0.0157650361731994,0.0,EXCLUIDA_NO_EN_OLA1
vivien_ava,0.0,0.0157650361731994,0.0,EXCLUIDA_NO_EN_OLA1
servag_ava,0.0,0.0157650361731994,0.0,EXCLUIDA_NO_EN_OLA1
alcant_ava,0.0,0.0157650361731994,0.0,EXCLUIDA_NO_EN_OLA1
vec_creciente,0.0,0.0277507828528236,0.0,EXCLUIDA_NO_EN_OLA1
mes_creciente,0.0,0.0277507828528236,0.0,EXCLUIDA_NO_EN_OLA1
ano_creciente,0.0,0.0277507828528236,0.0,EXCLUIDA_NO_EN_OLA1
vivien_cre,0.0,0.0277507828528236,0.0,EXCLUIDA_NO_EN_OLA1
servag_cre,0.0,0.0277507828528236,0.0,EXCLUIDA_NO_EN_OLA1
alcant_cre,0.0,0.0277507828528236,0.0,EXCLUIDA_NO_EN_OLA1
vec_hunde,0.0,0.014685239175035,0.0,EXCLUIDA_NO_EN_OLA1
mes_hunde,0.0,0.014685239175035,0.0,EXCLUIDA_NO_EN_OLA1
ano_hunde,0.0,0.014685239175035,0.0,EXCLUIDA_NO_EN_OLA1
vivien_hun,0.0,0.014685239175035,0.0,EXCLUIDA_NO_EN_OLA1
servag_hun,0.0,0.014685239175035,0.0,EXCLUIDA_NO_EN_OLA1
alcant_hun,0.0,0.014685239175035,0.0,EXCLUIDA_NO_EN_OLA1
vec_temblor,0.0,0.0126336248785228,0.0,EXCLUIDA_NO_EN_OLA1
mes_temblor,0.0,0.0126336248785228,0.0,EXCLUIDA_NO_EN_OLA1
ano_temblor,0.0,0.0126336248785228,0.0,EXCLUIDA_NO_EN_OLA1
vivien_tem,0.0,0.0126336248785228,0.0,EXCLUIDA_NO_EN_OLA1
servag_tem,0.0,0.0126336248785228,0.0,EXCLUIDA_NO_EN_OLA1
alcant_tem,0.0,0.0126336248785228,0.0,EXCLUIDA_NO_EN_OLA1
incendio,0.0,1.0,0.0,EXCLUIDA_NO_EN_OLA1
vec_incendio,0.0,0.0044271676924738,0.0,EXCLUIDA_CASI_VACIA
mes_incendio,0.0,0.0044271676924738,0.0,EXCLUIDA_CASI_VACIA
ano_incendio,0.0,0.0044271676924738,0.0,EXCLUIDA_CASI_VACIA
vivien_inc,0.0,0.0044271676924738,0.0,EXCLUIDA_CASI_VACIA
servag_inc,0.0,0.0044271676924738,0.0,EXCLUIDA_CASI_VACIA
alcant_inc,0.0,0.0044271676924738,0.0,EXCLUIDA_CASI_VACIA
vendaval,0.0,1.0,0.0,EXCLUIDA_NO_EN_OLA1
vec_vendaval,0.0,0.0810927545621423,0.0,EXCLUIDA_NO_EN_OLA1
mes_vendaval,0.0,0.0810927545621423,0.0,EXCLUIDA_NO_EN_OLA1
ano_vendaval,0.0,0.0810927545621423,0.0,EXCLUIDA_NO_EN_OLA1
vivien_ven,0.0,0.0810927545621423,0.0,EXCLUIDA_NO_EN_OLA1
servag_ven,0.0,0.0810927545621423,0.0,EXCLUIDA_NO_EN_OLA1
alcant_ven,0.0,0.0810927545621423,0.0,EXCLUIDA_NO_EN_OLA1
otro_desastre,0.0,1.0,0.0,EXCLUIDA_NO_EN_OLA1
otro_desastre_cual,0.0,1.0,0.0,EXCLUIDA_NO_EN_OLA1
vec_otro_desnat,0.0,0.0029154518950437,0.0,EXCLUIDA_CASI_VACIA
mes_otro,0.0,0.0029154518950437,0.0,EXCLUIDA_CASI_VACIA
ano_otro,0.0,0.0029154518950437,0.0,EXCLUIDA_CASI_VACIA
vivien_otra,0.0,0.0029154518950437,0.0,EXCLUIDA_CASI_VACIA
servag_otra,0.0,0.0029154518950437,0.0,EXCLUIDA_CASI_VACIA
alcant_otra,0.0,0.0029154518950437,0.0,EXCLUIDA_CASI_VACIA
mejoras_vivienda,0.0,0.1881006370802289,0.0,EXCLUIDA_NO_EN_OLA1
cambiar_vivienda,0.0,0.1881006370802289,0.0,EXCLUIDA_NO_EN_OLA1
sisben_hogar,0.0,1.0,0.0,EXCLUIDA_NO_EN_OLA1
ano_sisben,0.0,0.8060684591296836,0.0,EXCLUIDA_NO_EN_OLA1
sisben_ptj,0.0,0.8060684591296836,0.0,EXCLUIDA_NO_EN_OLA1
sisben_nvl,0.0,0.8060684591296836,0.0,EXCLUIDA_NO_EN_OLA1
religion1_2013,0.0,0.9657704351581904,0.0,EXCLUIDA_NO_EN_OLA1
religion2_2013,0.0,0.982831227729187,0.0,EXCLUIDA_NO_EN_OLA1
n_celular,0.0,1.0,1.0,EXCLUIDA_NO_EN_OLA1
equip_oficina,0.0,1.0,1.0,EXCLUIDA_NO_EN_OLA1
equip_maq,0.0,1.0,1.0,EXCLUIDA_NO_EN_OLA1
clfq_familias,0.0,0.3344131303314976,0.3080063506464051,EXCLUIDA_NO_EN_OLA1
clfq_sena,0.0,0.0749379116726055,0.0561351780449081,EXCLUIDA_NO_EN_OLA1
clfq_red,0.0,0.0787172011661807,0.0493309140394647,EXCLUIDA_NO_EN_OLA1
clfq_icbf,0.0,0.1067919231184537,0.0750737128600589,EXCLUIDA_NO_EN_OLA1
ayu_desastres_nat,0.0,1.0,1.0,EXCLUIDA_NO_EN_OLA1
dsnat_redjuntos,0.0,0.0119857466796242,0.0,EXCLUIDA_NO_EN_OLA1
dsnat_predial,0.0,0.0119857466796242,0.0,EXCLUIDA_NO_EN_OLA1
dsnat_salud,0.0,0.0119857466796242,0.0,EXCLUIDA_NO_EN_OLA1
dsnat_sicosocial,0.0,0.0119857466796242,0.0,EXCLUIDA_NO_EN_OLA1
dsnat_creditos,0.0,0.0119857466796242,0.0,EXCLUIDA_NO_EN_OLA1
dsnat_bancoldex,0.0,0.0119857466796242,0.0,EXCLUIDA_NO_EN_OLA1
dsnat_condona,0.0,0.0119857466796242,0.0,EXCLUIDA_NO_EN_OLA1
dsnat_otro_prg,0.0,0.0119857466796242,0.0,EXCLUIDA_NO_EN_OLA1
bef_otro_cual,0.0,1.0,0.0,EXCLUIDA_NO_EN_OLA1
dsnat_efectivo,0.0,0.0119857466796242,0.0,EXCLUIDA_NO_EN_OLA1
quien_efectivo,0.0,0.0028074721952272,0.0,EXCLUIDA_CASI_VACIA
dsnat_mercado,0.0,0.0119857466796242,0.0,EXCLUIDA_NO_EN_OLA1
quien_mercado,0.0,0.006478781988986,0.0,EXCLUIDA_CASI_VACIA
dsnat_kaseo,0.0,0.0119857466796242,0.0,EXCLUIDA_NO_EN_OLA1
quien_kaseo,0.0,0.0043191879926573,0.0,EXCLUIDA_CASI_VACIA
dsnat_subsidio,0.0,0.0119857466796242,0.0,EXCLUIDA_NO_EN_OLA1
quien_subsidio,0.0,0.0020516142965122,0.0,EXCLUIDA_CASI_VACIA
dsnat_befcred,0.0,0.0119857466796242,0.0,EXCLUIDA_NO_EN_OLA1
quien_credito,0.0,0.0002159593996328,0.0,EXCLUIDA_CASI_VACIA
dsnat_repviv,0.0,0.0119857466796242,0.0,EXCLUIDA_NO_EN_OLA1
quien_repviv,0.0,0.0041032285930245,0.0,EXCLUIDA_CASI_VACIA
dsnat_subagro,0.0,0.0119857466796242,0.0,EXCLUIDA_NO_EN_OLA1
quien_subagro,0.0,0.0005398984990821,0.0,EXCLUIDA_CASI_VACIA
dsnat_oayuda,0.0,0.0119857466796242,0.0,EXCLUIDA_NO_EN_OLA1
oayuda_cual,0.0,1.0,0.0,EXCLUIDA_NO_EN_OLA1
quien_otra,0.0,0.0002159593996328,0.0,EXCLUIDA_CASI_VACIA
ayu_famc_dinesp,0.0,0.2510528020732102,0.2211385801769108,EXCLUIDA_NO_EN_OLA1
ayu_famc_vec,0.0,0.2510528020732102,0.2211385801769108,EXCLUIDA_NO_EN_OLA1
ayu_fame_dinesp,0.0,0.0339056257423604,0.0260830120208664,EXCLUIDA_NO_EN_OLA1
ayu_fame_vec,0.0,0.0339056257423604,0.0260830120208664,EXCLUIDA_NO_EN_OLA1
ayu_ali_dinesp,0.0,0.1020408163265306,0.0999092764799274,EXCLUIDA_NO_EN_OLA1
ayu_ali_vec,0.0,0.1020408163265306,0.0999092764799274,EXCLUIDA_NO_EN_OLA1
ayu_orgint_dinesp,0.0,0.0049670661915559,0.0004536176003628,EXCLUIDA_CASI_VACIA
ayu_orgint_vec,0.0,0.0049670661915559,0.0004536176003628,EXCLUIDA_CASI_VACIA
ayu_ong_dinesp,0.0,0.0109059496814598,0.0017010660013608,EXCLUIDA_NO_EN_OLA1
ayu_ong_vec,0.0,0.0109059496814598,0.0017010660013608,EXCLUIDA_NO_EN_OLA1
ayu_rel_dinesp,0.0,0.0100421120829284,0.0112270356089816,EXCLUIDA_NO_EN_OLA1
ayu_rel_vec,0.0,0.0100421120829284,0.0112270356089816,EXCLUIDA_NO_EN_OLA1
ayu_otra,0.0,1.0,1.0,EXCLUIDA_NO_EN_OLA1
ayu_otra_dinesp,0.0,0.0656516574883921,0.4752778407802223,EXCLUIDA_NO_EN_OLA1
ayu_otra_vec,0.0,0.0656516574883921,0.4752778407802223,EXCLUIDA_NO_EN_OLA1
ayu_otra_vr,0.0,0.0656516574883921,0.4752778407802223,EXCLUIDA_NO_EN_OLA1
recibio_ayu_alim,0.0,0.1020408163265306,0.0999092764799274,EXCLUIDA_NO_EN_OLA1
mes_ayualim,0.0,0.1020408163265306,0.0999092764799274,EXCLUIDA_NO_EN_OLA1
ano_ayualim,0.0,0.1020408163265306,0.0999092764799274,EXCLUIDA_NO_EN_OLA1
uay_reconst,0.0,0.3816002591512795,0.6204354728963484,EXCLUIDA_NO_EN_OLA1
uay_dsnat,0.0,0.3816002591512795,0.6204354728963484,EXCLUIDA_NO_EN_OLA1
uay_invertir,0.0,0.1963070942662779,0.2948514402358811,EXCLUIDA_NO_EN_OLA1
uay_transporte,0.0,0.3816002591512795,0.6204354728963484,EXCLUIDA_NO_EN_OLA1
eay_famc_dinesp,0.0,0.2344239283014793,0.2015196189612157,EXCLUIDA_NO_EN_OLA1
eay_famc_vec,0.0,0.2344239283014793,0.2015196189612157,EXCLUIDA_NO_EN_OLA1
eay_fame_dinesp,0.0,0.0084224165856818,0.0105466092084372,EXCLUIDA_SOLO_OLA3
eay_fame_vec,0.0,0.0084224165856818,0.0105466092084372,EXCLUIDA_SOLO_OLA3
eay_ali_dinesp,0.0,0.0396285498326314,0.0422998412338398,EXCLUIDA_NO_EN_OLA1
eay_ali_vec,0.0,0.0396285498326314,0.0422998412338398,EXCLUIDA_NO_EN_OLA1
eay_ali_vr,0.0,0.0396285498326314,0.0422998412338398,EXCLUIDA_NO_EN_OLA1
eay_otras_dinesp,0.0,0.0350934024403412,0.031980040825584,EXCLUIDA_NO_EN_OLA1
eay_otras_vec,0.0,0.0350934024403412,0.031980040825584,EXCLUIDA_NO_EN_OLA1
envio_ayu_alim,0.0,0.0396285498326314,0.0422998412338398,EXCLUIDA_NO_EN_OLA1
act_boninv,0.0,1.0,1.0,EXCLUIDA_NO_EN_OLA1
act_prestamo,0.0,1.0,1.0,EXCLUIDA_NO_EN_OLA1
seguro_hogar,0.0,1.0,1.0,EXCLUIDA_NO_EN_OLA1
act_segexe,0.0,0.4705755318000216,0.5147425720117941,EXCLUIDA_NO_EN_OLA1
act_segsal,0.0,0.4705755318000216,0.5147425720117941,EXCLUIDA_NO_EN_OLA1
act_segcosechas,0.4646300619100781,0.4705755318000216,0.5147425720117941,CANDIDATO_BENCHMARK
act_segotros_cual,0.0,1.0,1.0,EXCLUIDA_NO_EN_OLA1
no_seguros,0.0,0.5294244681999783,0.4852574279882059,EXCLUIDA_NO_EN_OLA1
no_seguros_cual,0.0,0.5301803260986935,1.0,EXCLUIDA_NO_EN_OLA1
act_ocasional,0.0,1.0,1.0,EXCLUIDA_NO_EN_OLA1
act_ocasional_vr,0.0,0.0147932188748515,0.0158766160127012,EXCLUIDA_NO_EN_OLA1
act_vtaotros,0.0,1.0,1.0,EXCLUIDA_NO_EN_OLA1
tienen_creditos,0.0,1.0,1.0,EXCLUIDA_NO_EN_OLA1
cuantos_creditos,0.0,0.5446496058740957,0.5220004536176004,EXCLUIDA_NO_EN_OLA1
deuda_tarjeta_1,0.0,0.3595724003887269,0.0,EXCLUIDA_NO_EN_OLA1
destino2013_1,0.0,0.5446496058740957,0.0,EXCLUIDA_NO_EN_OLA1
destino_cual_1,0.0,0.5446496058740957,0.5220004536176004,EXCLUIDA_NO_EN_OLA1
pacto_meses_1,0.0,0.5446496058740957,0.5220004536176004,EXCLUIDA_NO_EN_OLA1
cred_anombre_1,0.0,0.5446496058740957,0.5220004536176004,EXCLUIDA_NO_EN_OLA1
cred_aldia_1,0.0,0.5446496058740957,0.5220004536176004,EXCLUIDA_NO_EN_OLA1
deuda_tarjeta_2,0.0,0.145880574452003,0.0,EXCLUIDA_NO_EN_OLA1
destino2013_2,0.0,0.2451139185833063,0.0,EXCLUIDA_NO_EN_OLA1
destino_cual_2,0.0,0.2451139185833063,0.2097981401678385,EXCLUIDA_NO_EN_OLA1
pacto_meses_2,0.0,0.2451139185833063,0.2097981401678385,EXCLUIDA_NO_EN_OLA1
cred_anombre_2,0.0,0.2451139185833063,0.2097981401678385,EXCLUIDA_NO_EN_OLA1
cred_aldia_2,0.0,0.2451139185833063,0.2097981401678385,EXCLUIDA_NO_EN_OLA1
deuda_tarjeta_3,0.0,0.0539898499082172,0.0,EXCLUIDA_NO_EN_OLA1
destino2013_3,0.0,0.1060360652197386,0.0,EXCLUIDA_NO_EN_OLA1
destino_cual_3,0.0,0.1060360652197386,0.0782490360625992,EXCLUIDA_NO_EN_OLA1
pacto_meses_3,0.0,0.1060360652197386,0.0782490360625992,EXCLUIDA_NO_EN_OLA1
cred_anombre_3,0.0,0.1060360652197386,0.0782490360625992,EXCLUIDA_NO_EN_OLA1
cred_aldia_3,0.0,0.1060360652197386,0.0782490360625992,EXCLUIDA_NO_EN_OLA1
deuda_tarjeta_4,0.0,0.0195443256667746,0.0,EXCLUIDA_NO_EN_OLA1
destino2013_4,0.0,0.0404923874311629,0.0,EXCLUIDA_NO_EN_OLA1
destino_cual_4,0.0,0.0404923874311629,0.0318666364254933,EXCLUIDA_NO_EN_OLA1
pacto_meses_4,0.0,0.0404923874311629,0.0318666364254933,EXCLUIDA_NO_EN_OLA1
cred_anombre_4,0.0,0.0404923874311629,0.0318666364254933,EXCLUIDA_NO_EN_OLA1
cred_aldia_4,0.0,0.0404923874311629,0.0318666364254933,EXCLUIDA_NO_EN_OLA1
deuda_tarjeta_5,0.0,0.0075585789871504,0.0,EXCLUIDA_CASI_VACIA
destino2013_5,0.0,0.0165208940719144,0.0,EXCLUIDA_NO_EN_OLA1
destino_cual_5,0.0,0.0165208940719144,0.0124744840099795,EXCLUIDA_NO_EN_OLA1
pacto_meses_5,0.0,0.0165208940719144,0.0124744840099795,EXCLUIDA_NO_EN_OLA1
cred_anombre_5,0.0,0.0165208940719144,0.0124744840099795,EXCLUIDA_NO_EN_OLA1
cred_aldia_5,0.0,0.0165208940719144,0.0124744840099795,EXCLUIDA_NO_EN_OLA1
conquien_cual_6,0.0,0.0070186804880682,0.0060104332048083,EXCLUIDA_CASI_VACIA
deuda_tarjeta_6,0.0,0.0030234315948601,0.0,EXCLUIDA_CASI_VACIA
destino2013_6,0.0,0.0070186804880682,0.0,EXCLUIDA_CASI_VACIA
destino_cual_6,0.0,0.0070186804880682,0.0060104332048083,EXCLUIDA_CASI_VACIA
pacto_meses_6,0.0,0.0070186804880682,0.0060104332048083,EXCLUIDA_CASI_VACIA
cred_anombre_6,0.0,0.0070186804880682,0.0060104332048083,EXCLUIDA_CASI_VACIA
cred_aldia_6,0.0,0.0070186804880682,0.0060104332048083,EXCLUIDA_CASI_VACIA
conquien_cual_7,0.0,0.0035633300939423,0.0029485144023588,EXCLUIDA_CASI_VACIA
deuda_tarjeta_7,0.0,0.0011877766979807,0.0,EXCLUIDA_CASI_VACIA
destino2013_7,0.0,0.0035633300939423,0.0,EXCLUIDA_CASI_VACIA
destino_cual_7,0.0,0.0035633300939423,0.0029485144023588,EXCLUIDA_CASI_VACIA
pacto_meses_7,0.0,0.0035633300939423,0.0029485144023588,EXCLUIDA_CASI_VACIA
cred_anombre_7,0.0,0.0035633300939423,0.0029485144023588,EXCLUIDA_CASI_VACIA
cred_aldia_7,0.0,0.0035633300939423,0.0029485144023588,EXCLUIDA_CASI_VACIA
conquien_cual_8,0.0,0.0014037360976136,0.0010206396008165,EXCLUIDA_CASI_VACIA
deuda_tarjeta_8,0.0,0.0008638375985314,0.0,EXCLUIDA_CASI_VACIA
destino2013_8,0.0,0.0014037360976136,0.0,EXCLUIDA_CASI_VACIA
destino_cual_8,0.0,0.0014037360976136,0.0010206396008165,EXCLUIDA_CASI_VACIA
pacto_meses_8,0.0,0.0014037360976136,0.0010206396008165,EXCLUIDA_CASI_VACIA
cred_anombre_8,0.0,0.0014037360976136,0.0010206396008165,EXCLUIDA_CASI_VACIA
cred_aldia_8,0.0,0.0014037360976136,0.0010206396008165,EXCLUIDA_CASI_VACIA
conquien_cual_9,0.0,0.000755857898715,0.0005670220004536,EXCLUIDA_CASI_VACIA
deuda_tarjeta_9,0.0,0.0004319187992657,0.0,EXCLUIDA_CASI_VACIA
destino2013_9,0.0,0.000755857898715,0.0,EXCLUIDA_CASI_VACIA
destino_cual_9,0.0,0.000755857898715,0.0005670220004536,EXCLUIDA_CASI_VACIA
pacto_meses_9,0.0,0.000755857898715,0.0005670220004536,EXCLUIDA_CASI_VACIA
cred_anombre_9,0.0,0.000755857898715,0.0005670220004536,EXCLUIDA_CASI_VACIA
cred_aldia_9,0.0,0.000755857898715,0.0005670220004536,EXCLUIDA_CASI_VACIA
conquien_cual_10,0.0,0.0004319187992657,0.0002268088001814,EXCLUIDA_CASI_VACIA
deuda_tarjeta_10,0.0,0.0003239390994493,0.0,EXCLUIDA_CASI_VACIA
destino2013_10,0.0,0.0004319187992657,0.0,EXCLUIDA_CASI_VACIA
destino_cual_10,0.0,0.0004319187992657,0.0002268088001814,EXCLUIDA_CASI_VACIA
pacto_meses_10,0.0,0.0004319187992657,0.0002268088001814,EXCLUIDA_CASI_VACIA
cred_anombre_10,0.0,0.0004319187992657,0.0002268088001814,EXCLUIDA_CASI_VACIA
cred_aldia_10,0.0,0.0004319187992657,0.0002268088001814,EXCLUIDA_CASI_VACIA
no_credito_sf1,0.0,0.225893532015981,0.7887276026309821,EXCLUIDA_NO_EN_OLA1
no_credito_sf2,0.0,0.0570132815030774,0.1518484917214788,EXCLUIDA_NO_EN_OLA1
no_credito_sf3,0.0,0.008206457186049,0.0,EXCLUIDA_CASI_VACIA
no_credito_sf4,0.0,0.0010797969981643,0.0,EXCLUIDA_CASI_VACIA
no_credito_sf5,0.0,0.0002159593996328,0.0,EXCLUIDA_CASI_VACIA
no_credito_cual,0.0,0.225893532015981,0.7887276026309821,EXCLUIDA_NO_EN_OLA1
trato_credito,0.0,0.6812439261418853,1.0,EXCLUIDA_NO_EN_OLA1
credito_si,0.0,0.0630601446927977,0.2112723973690179,EXCLUIDA_NO_EN_OLA1
rechazo_credito,0.0,0.0547457078069322,0.0667951916534361,EXCLUIDA_NO_EN_OLA1
rechazo_cred_cual,0.0,1.0,1.0,EXCLUIDA_NO_EN_OLA1
retpag_pub,0.0,1.0,1.0,EXCLUIDA_NO_EN_OLA1
retpag_pub_vr,0.0,0.1179138321995464,0.128373780902699,EXCLUIDA_NO_EN_OLA1
retpag_salud,0.0,1.0,1.0,EXCLUIDA_NO_EN_OLA1
retpag_sal_vr,0.0,0.0062628225893532,0.0035155364028124,EXCLUIDA_CASI_VACIA
retpag_educ,0.0,1.0,1.0,EXCLUIDA_NO_EN_OLA1
retpag_edu_vr,0.0,0.0112298887809091,0.0078249036062599,EXCLUIDA_NO_EN_OLA1
retpag_arren,0.0,1.0,1.0,EXCLUIDA_NO_EN_OLA1
retpag_arr_vr,0.0,0.0127416045783392,0.0088455432070764,EXCLUIDA_NO_EN_OLA1
retpag_almac,0.0,1.0,1.0,EXCLUIDA_NO_EN_OLA1
retpag_alm_vr,0.0,0.0051830255911888,0.0048763892039011,EXCLUIDA_CASI_VACIA
retpag_compra,0.0,1.0,1.0,EXCLUIDA_NO_EN_OLA1
retpag_cmp_vr,0.0,0.0130655436777885,0.0125878884100703,EXCLUIDA_NO_EN_OLA1
retpag_tend,0.0,1.0,1.0,EXCLUIDA_NO_EN_OLA1
retpag_ten_vr,0.0,0.0566893424036281,0.039351326831481,EXCLUIDA_NO_EN_OLA1
retpag_efinan,0.0,1.0,1.0,EXCLUIDA_NO_EN_OLA1
retpag_efi_vr,0.0,0.0323939099449303,0.0511453844409163,EXCLUIDA_NO_EN_OLA1
retpag_otro,0.0,1.0,1.0,EXCLUIDA_NO_EN_OLA1
retpag_otro_cual,0.0,1.0,1.0,EXCLUIDA_NO_EN_OLA1
retpag_otr_vr,0.0,0.0582010582010582,0.1160127012928101,EXCLUIDA_NO_EN_OLA1
resultado_final,0.0,0.5301803260986935,1.0,EXCLUIDA_NO_EN_OLA1
proviene_2010,0.0,1.0,0.0,EXCLUIDA_NO_EN_OLA1
fhog_2013,0.0,1.0,0.0,EXCLUIDA_NO_EN_OLA1
fexhog_2013,0.0,1.0,0.0,EXCLUIDA_NO_EN_OLA1
fhog_2010,0.0,1.0,1.0,EXCLUIDA_NO_EN_OLA1
fexhog_2010,0.0,1.0,1.0,EXCLUIDA_NO_EN_OLA1
tercil2013,0.0,1.0,0.0,EXCLUIDA_NO_EN_OLA1
metodo_agua_cual,0.0,0.0,1.0,EXCLUIDA_SOLO_OLA3
religion1,0.0,0.0,0.9556588795645272,EXCLUIDA_SOLO_OLA3
religion1_cual,0.0,0.0,1.0,EXCLUIDA_SOLO_OLA3
religion2,0.0,0.0,0.9556588795645272,EXCLUIDA_SOLO_OLA3
religion2_cual,0.0,0.0,1.0,EXCLUIDA_SOLO_OLA3
clfq_jovenes,0.0,0.0,0.0107734180086187,EXCLUIDA_SOLO_OLA3
recibio_alim_cual,0.0,0.0,1.0,EXCLUIDA_SOLO_OLA3
destino2016_1,0.0,0.0,0.5220004536176004,EXCLUIDA_SOLO_OLA3
destino2016_2,0.0,0.0,0.2097981401678385,EXCLUIDA_SOLO_OLA3
destino2016_3,0.0,0.0,0.0782490360625992,EXCLUIDA_SOLO_OLA3
destino2016_4,0.0,0.0,0.0318666364254933,EXCLUIDA_SOLO_OLA3
destino2016_5,0.0,0.0,0.0124744840099795,EXCLUIDA_SOLO_OLA3
destino2016_6,0.0,0.0,0.0060104332048083,EXCLUIDA_CASI_VACIA
destino2016_7,0.0,0.0,0.0029485144023588,EXCLUIDA_CASI_VACIA
destino2016_8,0.0,0.0,0.0010206396008165,EXCLUIDA_CASI_VACIA
destino2016_9,0.0,0.0,0.0005670220004536,EXCLUIDA_CASI_VACIA
destino2016_10,0.0,0.0,0.0002268088001814,EXCLUIDA_CASI_VACIA
con_quien_11,0.0,0.0001079796998164,0.0001134044000907,EXCLUIDA_CASI_VACIA
conquien_cual_11,0.0,0.0001079796998164,0.0001134044000907,EXCLUIDA_CASI_VACIA
destino2016_11,0.0,0.0,0.0001134044000907,EXCLUIDA_CASI_VACIA
destino_cual_11,0.0,0.0001079796998164,0.0001134044000907,EXCLUIDA_CASI_VACIA
fechai_mes_11,0.0,0.0001079796998164,0.0001134044000907,EXCLUIDA_CASI_VACIA
fechai_ano_11,0.0,0.0001079796998164,0.0001134044000907,EXCLUIDA_CASI_VACIA
vr_inicial_11,0.0,0.0001079796998164,0.0001134044000907,EXCLUIDA_CASI_VACIA
cuota_11,0.0,0.0001079796998164,0.0001134044000907,EXCLUIDA_CASI_VACIA
period_cuota_11,0.0,0.0001079796998164,0.0001134044000907,EXCLUIDA_CASI_VACIA
pacto_meses_11,0.0,0.0001079796998164,0.0001134044000907,EXCLUIDA_CASI_VACIA
cred_anombre_11,0.0,0.0001079796998164,0.0001134044000907,EXCLUIDA_CASI_VACIA
cred_aldia_11,0.0,0.0001079796998164,0.0001134044000907,EXCLUIDA_CASI_VACIA
hogar_tarjeta,0.0,0.0,1.0,EXCLUIDA_SOLO_OLA3
vr_pago_tarjeta,0.0,0.0,0.1650034021320027,EXCLUIDA_SOLO_OLA3
meses_pago_tarjeta,0.0,0.0,0.1650034021320027,EXCLUIDA_SOLO_OLA3
obrero,0.0,0.4107547781017169,0.3733272850986618,EXCLUIDA_NO_EN_OLA1
cuantos_obr,0.0,0.0133894827772378,0.0187117260149693,EXCLUIDA_NO_EN_OLA1
meses_obrero,0.0,0.0133894827772378,0.0187117260149693,EXCLUIDA_NO_EN_OLA1
vr_obrero,0.0,0.0133894827772378,0.0187117260149693,EXCLUIDA_NO_EN_OLA1
relacion_predio,0.0,0.4685239175035093,0.4414833295531866,EXCLUIDA_NO_EN_OLA1
relacion_cual,0.0,0.4685239175035093,0.4414833295531866,EXCLUIDA_NO_EN_OLA1
tercil2016,0.0,0.0,1.0,EXCLUIDA_SOLO_OLA3
fhog_2016,0.0,0.0,0.9929689271943752,EXCLUIDA_SOLO_OLA3
credito_gremios,0.244595554653405,0.0,0.0,EXCLUIDA_NO_EN_OLA2
tit_baldios,0.4646300619100781,0.4698196739013066,0.4488546155590837,CANDIDATO_BENCHMARK
prg_tierras,0.4646300619100781,0.4698196739013066,0.4488546155590837,CANDIDATO_BENCHMARK
agro_ingresos,0.4646300619100781,0.4698196739013066,0.4488546155590837,CANDIDATO_BENCHMARK
ing_t_actagr,0.4646300619100781,0.0,0.0,EXCLUIDA_NO_EN_OLA2
gto_t_actagr,0.4646300619100781,0.0,0.0,EXCLUIDA_NO_EN_OLA2
gan_actagr,0.4646300619100781,0.0,0.0,EXCLUIDA_NO_EN_OLA2
ing_t_actnag,0.4646300619100781,0.0,0.0,EXCLUIDA_NO_EN_OLA2
gto_t_actnag,0.4646300619100781,0.0,0.0,EXCLUIDA_NO_EN_OLA2
gan_actnag,0.4646300619100781,0.0,0.0,EXCLUIDA_NO_EN_OLA2
ing_t_vtapastos,0.4646300619100781,0.0,0.0,EXCLUIDA_NO_EN_OLA2
act_vtaanimdes,0.4646300619100781,0.0,0.0,EXCLUIDA_NO_EN_OLA2
ing_t_vtaanimales,0.4646300619100781,0.0,0.0,EXCLUIDA_NO_EN_OLA2
gto_t_vtaanimales,0.4646300619100781,0.0,0.0,EXCLUIDA_NO_EN_OLA2
gan_vtaanimales,0.4646300619100781,0.0,0.0,EXCLUIDA_NO_EN_OLA2
act_segcosechas_vr,0.0005074596569572,0.0,0.0,EXCLUIDA_CASI_VACIA
choquec_1,0.1164112453059981,0.0,0.0,EXCLUIDA_NO_EN_OLA2
n_vecesc_1,0.1164112453059981,0.0,0.0,EXCLUIDA_NO_EN_OLA2
hizo1c_1,0.1164112453059981,0.0,0.0,EXCLUIDA_NO_EN_OLA2
hizo2c_1,0.0061910078148787,0.0,0.0,EXCLUIDA_CASI_VACIA
afectaron_hogarc_1,0.1164112453059981,0.0,0.0,EXCLUIDA_NO_EN_OLA2
choquec_2,0.0376535065462295,0.0,0.0,EXCLUIDA_NO_EN_OLA2
n_vecesc_2,0.0376535065462295,0.0,0.0,EXCLUIDA_NO_EN_OLA2
hizo1c_2,0.0376535065462295,0.0,0.0,EXCLUIDA_NO_EN_OLA2
hizo2c_2,0.0019283466964376,0.0,0.0,EXCLUIDA_CASI_VACIA
hizo3c_2,0.0001014919313914,0.0,0.0,EXCLUIDA_CASI_VACIA
afectaron_hogarc_2,0.0376535065462295,0.0,0.0,EXCLUIDA_NO_EN_OLA2
choquec_3,0.0121790317669745,0.0,0.0,EXCLUIDA_NO_EN_OLA2
n_vecesc_3,0.0121790317669745,0.0,0.0,EXCLUIDA_NO_EN_OLA2
hizo1c_3,0.0121790317669745,0.0,0.0,EXCLUIDA_NO_EN_OLA2
hizo2c_3,0.0008119354511316,0.0,0.0,EXCLUIDA_CASI_VACIA
afectaron_hogarc_3,0.0121790317669745,0.0,0.0,EXCLUIDA_NO_EN_OLA2
choquec_4,0.0032477418045265,0.0,0.0,EXCLUIDA_CASI_VACIA
n_vecesc_4,0.0032477418045265,0.0,0.0,EXCLUIDA_CASI_VACIA
hizo1c_4,0.0032477418045265,0.0,0.0,EXCLUIDA_CASI_VACIA
hizo2c_4,0.0003044757941743,0.0,0.0,EXCLUIDA_CASI_VACIA
hizo3c_4,0.0002029838627829,0.0,0.0,EXCLUIDA_CASI_VACIA
afectaron_hogarc_4,0.0032477418045265,0.0,0.0,EXCLUIDA_CASI_VACIA
choquec_5,0.0007104435197401,0.0,0.0,EXCLUIDA_CASI_VACIA
n_vecesc_5,0.0007104435197401,0.0,0.0,EXCLUIDA_CASI_VACIA
hizo1c_5,0.0007104435197401,0.0,0.0,EXCLUIDA_CASI_VACIA
hizo2c_5,0.0001014919313914,0.0,0.0,EXCLUIDA_CASI_VACIA
hizo3c_5,0.0001014919313914,0.0,0.0,EXCLUIDA_CASI_VACIA
afectaron_hogarc_5,0.0007104435197401,0.0,0.0,EXCLUIDA_CASI_VACIA
transp_cabec,0.0,0.4698196739013066,0.4488546155590837,EXCLUIDA_NO_EN_OLA1
hor_cabec,0.0,0.4698196739013066,0.4488546155590837,EXCLUIDA_NO_EN_OLA1
min_cabec,0.0,0.4698196739013066,0.4488546155590837,EXCLUIDA_NO_EN_OLA1
transp_salud,0.0,0.4698196739013066,0.4488546155590837,EXCLUIDA_NO_EN_OLA1
hor_salud,0.0,0.4698196739013066,0.4488546155590837,EXCLUIDA_NO_EN_OLA1
min_salud,0.0,0.4698196739013066,0.4488546155590837,EXCLUIDA_NO_EN_OLA1
transp_escue,0.0,0.4698196739013066,0.4488546155590837,EXCLUIDA_NO_EN_OLA1
hor_escue,0.0,0.4698196739013066,0.4488546155590837,EXCLUIDA_NO_EN_OLA1
min_escue,0.0,0.4698196739013066,0.4488546155590837,EXCLUIDA_NO_EN_OLA1
inf_rdtelefono,0.0,0.4698196739013066,0.4488546155590837,EXCLUIDA_NO_EN_OLA1
inf_internet,0.0,0.4698196739013066,0.4488546155590837,EXCLUIDA_NO_EN_OLA1
inf_telcelular,0.0,0.4698196739013066,0.4488546155590837,EXCLUIDA_NO_EN_OLA1
inf_emisora,0.0,0.4698196739013066,0.4488546155590837,EXCLUIDA_NO_EN_OLA1
locales,0.0,0.4698196739013066,0.4488546155590837,EXCLUIDA_NO_EN_OLA1
leydevictimas,0.0,0.4698196739013066,0.4488546155590837,EXCLUIDA_NO_EN_OLA1
oport_rural,0.0,0.4698196739013066,0.4488546155590837,EXCLUIDA_NO_EN_OLA1
alianz_prod,0.0,0.4698196739013066,0.4488546155590837,EXCLUIDA_NO_EN_OLA1
guardabosques,0.0,0.4698196739013066,0.4488546155590837,EXCLUIDA_NO_EN_OLA1
otro_prg_rural,0.0,0.4698196739013066,0.4488546155590837,EXCLUIDA_NO_EN_OLA1
ing_trabnoagr,0.0,0.4698196739013066,0.4488546155590837,EXCLUIDA_NO_EN_OLA1
ing_trabagr,0.0,0.4698196739013066,0.4488546155590837,EXCLUIDA_NO_EN_OLA1
deuda_tarjeta_11,0.0,0.0001079796998164,0.0,EXCLUIDA_CASI_VACIA
destino2013_11,0.0,0.0001079796998164,0.0,EXCLUIDA_CASI_VACIA
con_quien_12,0.0,0.0001079796998164,0.0,EXCLUIDA_CASI_VACIA
conquien_cual_12,0.0,0.0001079796998164,0.0,EXCLUIDA_CASI_VACIA
deuda_tarjeta_12,0.0,0.0001079796998164,0.0,EXCLUIDA_CASI_VACIA
destino2013_12,0.0,0.0001079796998164,0.0,EXCLUIDA_CASI_VACIA
destino_cual_12,0.0,0.0001079796998164,0.0,EXCLUIDA_CASI_VACIA
fechai_mes_12,0.0,0.0001079796998164,0.0,EXCLUIDA_CASI_VACIA
fechai_ano_12,0.0,0.0001079796998164,0.0,EXCLUIDA_CASI_VACIA
vr_inicial_12,0.0,0.0001079796998164,0.0,EXCLUIDA_CASI_VACIA
cuota_12,0.0,0.0001079796998164,0.0,EXCLUIDA_CASI_VACIA
period_cuota_12,0.0,0.0001079796998164,0.0,EXCLUIDA_CASI_VACIA
pacto_meses_12,0.0,0.0001079796998164,0.0,EXCLUIDA_CASI_VACIA
cred_anombre_12,0.0,0.0001079796998164,0.0,EXCLUIDA_CASI_VACIA
cred_aldia_12,0.0,0.0001079796998164,0.0,EXCLUIDA_CASI_VACIA
resultado_UPA,0.0,0.0,0.4488546155590837,EXCLUIDA_SOLO_OLA3
sector_rur,0.0,0.0,0.4488546155590837,EXCLUIDA_SOLO_OLA3
envio_alim_cual,0.0,0.0,0.4488546155590837,EXCLUIDA_SOLO_OLA3
