columna,patron_ola1_ola2_ola3,cobertura_ola1,cobertura_ola2,cobertura_ola3,clasificacion
actividad_ppal,111,0.203,0.782,0.799,CANDIDATO_BENCHMARK
actividad_principal,111,0.045,0.174,0.157,CANDIDATO_BENCHMARK
afiliacion,111,0.392,0.395,0.77,CANDIDATO_BENCHMARK
ahorra,111,0.392,0.395,0.39,CANDIDATO_BENCHMARK
ahorro_carro,111,0.053,0.062,0.075,CANDIDATO_BENCHMARK
ahorro_casa,111,0.053,0.062,0.075,CANDIDATO_BENCHMARK
ahorro_educ,111,0.053,0.062,0.075,CANDIDATO_BENCHMARK
ahorro_futuro,111,0.053,0.062,0.075,CANDIDATO_BENCHMARK
ahorro_montar,111,0.053,0.062,0.075,CANDIDATO_BENCHMARK
ahorro_otro,111,0.053,0.062,0.075,CANDIDATO_BENCHMARK
ahorro_otros_act,111,0.053,0.062,0.075,CANDIDATO_BENCHMARK
ahorro_recre,111,0.053,0.062,0.075,CANDIDATO_BENCHMARK
ano_unionm,111,0.069,0.124,0.141,CANDIDATO_BENCHMARK
anos_superior,111,0.042,0.08,0.043,CANDIDATO_BENCHMARK
anos_trabaja,111,0.038,0.116,0.112,CANDIDATO_BENCHMARK
asoc_vigil,111,0.392,0.395,0.391,CANDIDATO_BENCHMARK
beca_accionsocial,111,0.019,0.261,0.054,CANDIDATO_BENCHMARK
beca_cajacom,111,0.019,0.261,0.054,CANDIDATO_BENCHMARK
beca_emp_pri,111,0.019,0.261,0.054,CANDIDATO_BENCHMARK
beca_emp_pub,111,0.019,0.261,0.054,CANDIDATO_BENCHMARK
beca_misma_ins,111,0.019,0.261,0.054,CANDIDATO_BENCHMARK
beca_otro,111,0.019,0.261,0.054,CANDIDATO_BENCHMARK
beca_prg_gob,111,0.019,0.261,0.054,CANDIDATO_BENCHMARK
beneficiario_orden,111,0.181,0.078,0.042,CANDIDATO_BENCHMARK
beneficiario_sss,111,0.201,0.261,0.184,CANDIDATO_BENCHMARK
ceguera,111,0.201,0.655,0.954,CANDIDATO_BENCHMARK
cod_oficio2,111,0.141,0.144,0.148,CANDIDATO_BENCHMARK
consulta_libros,111,0.115,0.187,0.179,CANDIDATO_BENCHMARK
cr_arriendos,111,0.203,0.202,0.391,CANDIDATO_BENCHMARK
cr_dividendos,111,0.203,0.202,0.391,CANDIDATO_BENCHMARK
credito_estudiar,111,0.115,0.197,0.188,CANDIDATO_BENCHMARK
descrip_oficio,111,0.141,0.144,0.206,CANDIDATO_BENCHMARK
descripcion_ciiu,111,0.14,0.144,0.148,CANDIDATO_BENCHMARK
dias_noasistio,111,0.078,0.121,0.116,CANDIDATO_BENCHMARK
dif_aprender,111,0.201,0.655,0.954,CANDIDATO_BENCHMARK
dif_banarse,111,0.201,0.628,0.954,CANDIDATO_BENCHMARK
dif_calle,111,0.201,0.519,0.954,CANDIDATO_BENCHMARK
dif_moverse,111,0.201,0.628,0.954,CANDIDATO_BENCHMARK
diligencias12,111,0.048,0.253,0.262,CANDIDATO_BENCHMARK
diligencias4,111,0.061,0.28,0.288,CANDIDATO_BENCHMARK
disponibilidad,111,0.018,0.037,0.037,CANDIDATO_BENCHMARK
edad,111,1.0,1.0,1.0,CANDIDATO_BENCHMARK
edad_dejoestudio,111,0.35,0.535,0.192,CANDIDATO_BENCHMARK
edad_meses,111,1.0,0.999,1.0,CANDIDATO_BENCHMARK
edad_tenia,111,0.184,0.02,0.021,CANDIDATO_BENCHMARK
edad_unionm,111,0.332,0.258,0.2,CANDIDATO_BENCHMARK
estado_civil,111,0.392,1.0,1.0,CANDIDATO_BENCHMARK
estudia,111,0.496,0.884,0.88,CANDIDATO_BENCHMARK
etnia,111,0.594,0.655,0.138,CANDIDATO_BENCHMARK
ev_acci,111,0.593,0.655,0.574,CANDIDATO_BENCHMARK
ev_ciru,111,0.593,0.655,0.574,CANDIDATO_BENCHMARK
ev_enfe,111,0.593,0.655,0.574,CANDIDATO_BENCHMARK
ev_odon,111,0.593,0.655,0.574,CANDIDATO_BENCHMARK
finan_educ_pago,111,0.116,0.075,0.077,CANDIDATO_BENCHMARK
grado_educ,111,0.348,0.536,0.192,CANDIDATO_BENCHMARK
grado_educ_cursa,111,0.115,0.312,0.29,CANDIDATO_BENCHMARK
horas_normal,111,0.184,0.15,0.158,CANDIDATO_BENCHMARK
hospital_veces,111,0.056,0.054,0.043,CANDIDATO_BENCHMARK
hospitalizado,111,0.593,0.655,0.574,CANDIDATO_BENCHMARK
id_dpto_nac,111,0.199,1.0,0.138,CANDIDATO_BENCHMARK
id_mpio_nac,111,0.199,1.0,0.138,CANDIDATO_BENCHMARK
junta_edif,111,0.392,0.203,0.206,CANDIDATO_BENCHMARK
lee_escribe,111,0.496,0.893,0.88,CANDIDATO_BENCHMARK
lugar_ahorra,111,0.053,0.062,0.075,CANDIDATO_BENCHMARK
madre_vive,111,1.0,1.0,1.0,CANDIDATO_BENCHMARK
medio_consiguio,111,0.141,0.144,0.148,CANDIDATO_BENCHMARK
mes_unionm,111,0.069,0.124,0.141,CANDIDATO_BENCHMARK
meses_ganancia,111,0.06,0.061,0.067,CANDIDATO_BENCHMARK
meses_trabaja,111,0.038,0.116,0.112,CANDIDATO_BENCHMARK
mov_parpol,111,0.392,0.395,0.391,CANDIDATO_BENCHMARK
mudez,111,0.201,0.655,0.954,CANDIDATO_BENCHMARK
n_empleados,111,0.057,0.14,0.145,CANDIDATO_BENCHMARK
nac_ano,111,1.0,1.0,1.0,CANDIDATO_BENCHMARK
nac_dia,111,1.0,1.0,1.0,CANDIDATO_BENCHMARK
nac_mes,111,1.0,1.0,1.0,CANDIDATO_BENCHMARK
nivel_educ,111,0.379,0.579,0.202,CANDIDATO_BENCHMARK
nivel_educ_cursa,111,0.115,0.312,0.29,CANDIDATO_BENCHMARK
ocupacion,111,0.184,0.302,0.319,CANDIDATO_BENCHMARK
ocupacion2,111,0.012,0.021,0.016,CANDIDATO_BENCHMARK
ofertas_empleo,110,0.018,0.012,0.01,CANDIDATO_BENCHMARK
orden_conyuge,111,0.327,0.377,0.386,CANDIDATO_BENCHMARK
orden_madre,111,0.496,0.491,0.472,CANDIDATO_BENCHMARK
orden_padre,111,0.339,0.331,0.307,CANDIDATO_BENCHMARK
orden_tareas,111,0.095,0.147,0.121,CANDIDATO_BENCHMARK
org_caridad,111,0.392,0.395,0.391,CANDIDATO_BENCHMARK
org_comunitaria,111,0.392,0.395,0.391,CANDIDATO_BENCHMARK
org_culdep,111,0.392,0.395,0.391,CANDIDATO_BENCHMARK
org_educ,111,0.392,0.395,0.391,CANDIDATO_BENCHMARK
org_etnica,111,0.392,0.395,0.391,CANDIDATO_BENCHMARK
org_iestado,111,0.392,0.395,0.391,CANDIDATO_BENCHMARK
org_jac,111,0.392,0.395,0.391,CANDIDATO_BENCHMARK
org_mamb,111,0.392,0.395,0.391,CANDIDATO_BENCHMARK
org_otra,111,0.392,0.395,0.391,CANDIDATO_BENCHMARK
org_religiosa,111,0.392,0.395,0.391,CANDIDATO_BENCHMARK
padre_vive,111,1.0,1.0,1.0,CANDIDATO_BENCHMARK
parentesco,111,1.0,1.0,1.0,CANDIDATO_BENCHMARK
pds,111,0.017,0.025,0.025,CANDIDATO_BENCHMARK
pin,111,0.045,0.152,0.165,CANDIDATO_BENCHMARK
poc,111,0.141,0.227,0.243,CANDIDATO_BENCHMARK
prepagada,111,0.392,0.395,0.391,CANDIDATO_BENCHMARK
prestamo_libros,111,0.021,0.041,0.042,CANDIDATO_BENCHMARK
prev_malter,111,0.593,0.655,0.574,CANDIDATO_BENCHMARK
prev_med,111,0.593,0.655,0.574,CANDIDATO_BENCHMARK
prev_odo,111,0.593,0.655,0.574,CANDIDATO_BENCHMARK
prev_opto,111,0.593,0.655,0.574,CANDIDATO_BENCHMARK
prev_pediatra,111,0.201,0.26,0.184,CANDIDATO_BENCHMARK
prev_planif,111,0.392,0.527,0.391,CANDIDATO_BENCHMARK
razon_dejo_bus,111,0.031,0.036,0.037,CANDIDATO_BENCHMARK
razon_dejo_trab,111,0.032,0.049,0.048,CANDIDATO_BENCHMARK
razon_noestudia,111,0.381,0.58,0.203,CANDIDATO_BENCHMARK
razon_tiene_negocio,111,0.062,0.066,0.071,CANDIDATO_BENCHMARK
rec_alimentos_pago,111,0.116,0.075,0.077,CANDIDATO_BENCHMARK
rec_almuerzo,111,0.115,0.187,0.179,CANDIDATO_BENCHMARK
rec_balimenta,111,0.115,0.187,0.179,CANDIDATO_BENCHMARK
rec_bfotocop,111,0.115,0.187,0.179,CANDIDATO_BENCHMARK
rec_btransp,111,0.115,0.187,0.179,CANDIDATO_BENCHMARK
rec_desayuno,111,0.115,0.187,0.179,CANDIDATO_BENCHMARK
rec_otros_pago,111,0.073,0.075,0.077,CANDIDATO_BENCHMARK
rec_refrigerio,111,0.115,0.187,0.179,CANDIDATO_BENCHMARK
rec_uniformes,111,0.115,0.187,0.179,CANDIDATO_BENCHMARK
rec_vivienda_pago,111,0.116,0.075,0.077,CANDIDATO_BENCHMARK
recibio_beca,111,0.115,0.197,0.188,CANDIDATO_BENCHMARK
registro_mercantil,110,0.062,0.066,0.0,CANDIDATO_BENCHMARK
seguimiento,111,1.0,1.0,1.0,CANDIDATO_BENCHMARK
sexo,111,1.0,1.0,1.0,CANDIDATO_BENCHMARK
sordera,111,0.201,0.655,0.954,CANDIDATO_BENCHMARK
t_busco_trab,111,0.045,0.048,0.049,CANDIDATO_BENCHMARK
t_bustrab_a,111,0.017,0.045,0.042,CANDIDATO_BENCHMARK
t_bustrab_m,111,0.017,0.045,0.042,CANDIDATO_BENCHMARK
tareas,111,0.115,0.187,0.179,CANDIDATO_BENCHMARK
tipo_estab,111,0.115,0.312,0.29,CANDIDATO_BENCHMARK
ult_hosp_dias,111,0.039,0.036,0.035,CANDIDATO_BENCHMARK
ultima_hosp,111,0.056,0.054,0.043,CANDIDATO_BENCHMARK
vive_conyuge,111,0.332,0.384,0.396,CANDIDATO_BENCHMARK
vr_ahorro,111,0.053,0.062,0.075,CANDIDATO_BENCHMARK
vr_ganancia,111,0.062,0.064,0.069,CANDIDATO_BENCHMARK
vr_rec_arriendos,111,0.011,0.013,0.019,CANDIDATO_BENCHMARK
vr_rec_pension,111,0.011,0.012,0.014,CANDIDATO_BENCHMARK
vr_salario,111,0.116,0.075,0.077,CANDIDATO_BENCHMARK
activ_especfq3,000,0.0,0.003,0.0,EXCLUIDA_CASI_VACIA
activ_especfq4,000,0.0,0.001,0.0,EXCLUIDA_CASI_VACIA
activ_especfq5,000,0.0,0.0,0.0,EXCLUIDA_CASI_VACIA
activ_especfq6,000,0.0,0.0,0.0,EXCLUIDA_CASI_VACIA
adq_cpropia,000,0.0,0.005,0.006,EXCLUIDA_CASI_VACIA
adq_eps,000,0.0,0.005,0.006,EXCLUIDA_CASI_VACIA
adq_icbf,000,0.0,0.005,0.006,EXCLUIDA_CASI_VACIA
adq_ong,000,0.0,0.005,0.006,EXCLUIDA_CASI_VACIA
adq_otra,000,0.0,0.0,0.006,EXCLUIDA_CASI_VACIA
adq_prg_gob,000,0.0,0.005,0.006,EXCLUIDA_CASI_VACIA
afiliacion_fp2,000,0.0,0.0,0.001,EXCLUIDA_CASI_VACIA
afiliacion_fp3,000,0.0,0.0,0.0,EXCLUIDA_CASI_VACIA
afiliacion_fp4,000,0.0,0.0,0.0,EXCLUIDA_CASI_VACIA
afiliacion_fp5,000,0.0,0.0,0.0,EXCLUIDA_CASI_VACIA
afiliacion_fp6,000,0.0,0.0,0.0,EXCLUIDA_CASI_VACIA
ano_dejo_t,000,0.003,0.0,0.0,EXCLUIDA_CASI_VACIA
ano_desde_2,000,0.0,0.003,0.001,EXCLUIDA_CASI_VACIA
ano_desde_3,000,0.0,0.0,0.0,EXCLUIDA_CASI_VACIA
ano_hasta_2,000,0.0,0.003,0.001,EXCLUIDA_CASI_VACIA
ano_hasta_3,000,0.0,0.0,0.0,EXCLUIDA_CASI_VACIA
ano_hijo10h,000,0.0,0.0,0.0,EXCLUIDA_CASI_VACIA
ano_hijo4h,000,0.0,0.0,0.007,EXCLUIDA_CASI_VACIA
ano_hijo4m,000,0.0,0.0,0.005,EXCLUIDA_CASI_VACIA
ano_hijo5h,000,0.0,0.0,0.002,EXCLUIDA_CASI_VACIA
ano_hijo5m,000,0.0,0.0,0.002,EXCLUIDA_CASI_VACIA
ano_hijo6h,000,0.0,0.0,0.001,EXCLUIDA_CASI_VACIA
ano_hijo6m,000,0.0,0.0,0.001,EXCLUIDA_CASI_VACIA
ano_hijo7h,000,0.0,0.0,0.0,EXCLUIDA_CASI_VACIA
ano_hijo7m,000,0.0,0.0,0.0,EXCLUIDA_CASI_VACIA
ano_hijo8h,000,0.0,0.0,0.0,EXCLUIDA_CASI_VACIA
ano_hijo8m,000,0.0,0.0,0.0,EXCLUIDA_CASI_VACIA
ano_hijo9h,000,0.0,0.0,0.0,EXCLUIDA_CASI_VACIA
ano_hijo9m,000,0.0,0.0,0.0,EXCLUIDA_CASI_VACIA
ano_inicio_ta,000,0.003,0.0,0.0,EXCLUIDA_CASI_VACIA
ano_primert,000,0.001,0.0,0.0,EXCLUIDA_CASI_VACIA
ano_retiro_pt,000,0.009,0.0,0.0,EXCLUIDA_CASI_VACIA
ano_thijo,000,0.0,0.004,0.0,EXCLUIDA_CASI_VACIA
anos_dejo,000,0.003,0.0,0.0,EXCLUIDA_CASI_VACIA
asist_caridad,000,0.0,0.002,0.002,EXCLUIDA_CASI_VACIA
asist_comunitaria,000,0.0,0.009,0.007,EXCLUIDA_CASI_VACIA
asist_culdep,000,0.0,0.007,0.004,EXCLUIDA_CASI_VACIA
asist_edif,000,0.0,0.001,0.001,EXCLUIDA_CASI_VACIA
asist_etnica,000,0.0,0.006,0.006,EXCLUIDA_CASI_VACIA
asist_iestado,000,0.0,0.003,0.002,EXCLUIDA_CASI_VACIA
asist_mamb,000,0.0,0.004,0.003,EXCLUIDA_CASI_VACIA
asist_otra,000,0.0,0.002,0.003,EXCLUIDA_CASI_VACIA
asist_parpol,000,0.0,0.004,0.003,EXCLUIDA_CASI_VACIA
asist_sindicato,000,0.0,0.003,0.005,EXCLUIDA_CASI_VACIA
asist_vigil,000,0.0,0.002,0.002,EXCLUIDA_CASI_VACIA
benef_antes_1,000,0.002,0.0,0.0,EXCLUIDA_CASI_VACIA
benef_antes_2,000,0.001,0.0,0.0,EXCLUIDA_CASI_VACIA
benef_antes_3,000,0.0,0.0,0.0,EXCLUIDA_CASI_VACIA
benef_antes_4,000,0.0,0.0,0.0,EXCLUIDA_CASI_VACIA
benef_antes_5,000,0.0,0.0,0.0,EXCLUIDA_CASI_VACIA
benef_antesm_1,000,0.002,0.0,0.0,EXCLUIDA_CASI_VACIA
benef_antesm_2,000,0.001,0.0,0.0,EXCLUIDA_CASI_VACIA
benef_antesm_3,000,0.0,0.0,0.0,EXCLUIDA_CASI_VACIA
benef_antesm_4,000,0.0,0.0,0.0,EXCLUIDA_CASI_VACIA
benef_antesm_5,000,0.0,0.0,0.0,EXCLUIDA_CASI_VACIA
beneficiario_2,000,0.005,0.0,0.0,EXCLUIDA_CASI_VACIA
beneficiario_3,000,0.002,0.0,0.0,EXCLUIDA_CASI_VACIA
beneficiario_4,000,0.0,0.0,0.0,EXCLUIDA_CASI_VACIA
beneficiario_5,000,0.0,0.0,0.0,EXCLUIDA_CASI_VACIA
cabec_migra_2,000,0.0,0.003,0.001,EXCLUIDA_CASI_VACIA
cabec_migra_3,000,0.0,0.0,0.0,EXCLUIDA_CASI_VACIA
cam_t_semana,000,0.0,0.001,0.001,EXCLUIDA_CASI_VACIA
camina_t_total,000,0.0,0.002,0.001,EXCLUIDA_CASI_VACIA
cesantias2,000,0.0,0.0,0.001,EXCLUIDA_CASI_VACIA
cesantias3,000,0.0,0.0,0.0,EXCLUIDA_CASI_VACIA
cesantias4,000,0.0,0.0,0.0,EXCLUIDA_CASI_VACIA
cesantias5,000,0.0,0.0,0.0,EXCLUIDA_CASI_VACIA
cesantias6,000,0.0,0.0,0.0,EXCLUIDA_CASI_VACIA
cod_programa_2,000,0.005,0.0,0.0,EXCLUIDA_CASI_VACIA
cod_programa_3,000,0.002,0.0,0.0,EXCLUIDA_CASI_VACIA
cod_programa_4,000,0.0,0.0,0.0,EXCLUIDA_CASI_VACIA
cod_programa_5,000,0.0,0.0,0.0,EXCLUIDA_CASI_VACIA
control_prenatal,000,0.0,0.007,0.008,EXCLUIDA_CASI_VACIA
control_veces,000,0.0,0.006,0.006,EXCLUIDA_CASI_VACIA
costos,000,0.0,0.003,0.003,EXCLUIDA_CASI_VACIA
cr_activ6_no,000,0.002,0.0,0.0,EXCLUIDA_CASI_VACIA
cr_actv_ma10,000,0.0,0.0,0.0,EXCLUIDA_CASI_VACIA
cr_actv_ma11,000,0.0,0.0,0.0,EXCLUIDA_CASI_VACIA
cr_actv_ma12,000,0.0,0.0,0.0,EXCLUIDA_CASI_VACIA
cr_actv_ma13,000,0.0,0.0,0.0,EXCLUIDA_CASI_VACIA
cr_actv_ma14,000,0.0,0.0,0.0,EXCLUIDA_CASI_VACIA
cr_actv_ma15,000,0.0,0.0,0.0,EXCLUIDA_CASI_VACIA
cr_actv_ma16,000,0.0,0.0,0.0,EXCLUIDA_CASI_VACIA
cr_actv_ma17,000,0.0,0.0,0.0,EXCLUIDA_CASI_VACIA
cr_actv_ma7,000,0.0,0.006,0.007,EXCLUIDA_CASI_VACIA
cr_actv_ma8,000,0.0,0.002,0.003,EXCLUIDA_CASI_VACIA
cr_actv_ma9,000,0.0,0.001,0.001,EXCLUIDA_CASI_VACIA
cr_actv_no5,000,0.0,0.003,0.001,EXCLUIDA_CASI_VACIA
cr_actv_no6,000,0.0,0.001,0.0,EXCLUIDA_CASI_VACIA
cr_actv_no7,000,0.0,0.0,0.0,EXCLUIDA_CASI_VACIA
cr_actv_ta10,000,0.0,0.0,0.0,EXCLUIDA_CASI_VACIA
cr_actv_ta11,000,0.0,0.0,0.0,EXCLUIDA_CASI_VACIA
cr_actv_ta12,000,0.0,0.0,0.0,EXCLUIDA_CASI_VACIA
cr_actv_ta13,000,0.0,0.0,0.0,EXCLUIDA_CASI_VACIA
cr_actv_ta14,000,0.0,0.0,0.0,EXCLUIDA_CASI_VACIA
cr_actv_ta15,000,0.0,0.0,0.0,EXCLUIDA_CASI_VACIA
cr_actv_ta16,000,0.0,0.0,0.0,EXCLUIDA_CASI_VACIA
cr_actv_ta17,000,0.0,0.0,0.0,EXCLUIDA_CASI_VACIA
cr_actv_ta18,000,0.0,0.0,0.0,EXCLUIDA_CASI_VACIA
cr_actv_ta19,000,0.0,0.0,0.0,EXCLUIDA_CASI_VACIA
cr_actv_ta7,000,0.0,0.004,0.004,EXCLUIDA_CASI_VACIA
cr_actv_ta8,000,0.0,0.001,0.001,EXCLUIDA_CASI_VACIA
cr_actv_ta9,000,0.0,0.0,0.001,EXCLUIDA_CASI_VACIA
cr_asisteorg3,000,0.002,0.0,0.0,EXCLUIDA_CASI_VACIA
cr_asisteorg4,000,0.001,0.0,0.0,EXCLUIDA_CASI_VACIA
cr_asisteorg5,000,0.0,0.0,0.0,EXCLUIDA_CASI_VACIA
cred_banco,000,0.001,0.002,0.001,EXCLUIDA_CASI_VACIA
cred_cajacom,000,0.001,0.002,0.001,EXCLUIDA_CASI_VACIA
cred_emp_pri,000,0.001,0.002,0.001,EXCLUIDA_CASI_VACIA
cred_emp_pub,000,0.001,0.002,0.001,EXCLUIDA_CASI_VACIA
cred_fna,000,0.001,0.002,0.001,EXCLUIDA_CASI_VACIA
cred_fondo,000,0.001,0.002,0.001,EXCLUIDA_CASI_VACIA
cred_icetex,000,0.001,0.001,0.001,EXCLUIDA_CASI_VACIA
cred_misma_ins,000,0.001,0.002,0.001,EXCLUIDA_CASI_VACIA
cred_otro,000,0.001,0.002,0.001,EXCLUIDA_CASI_VACIA
cred_periodicidad,000,0.001,0.0,0.0,EXCLUIDA_CASI_VACIA
crlider_org3,000,0.002,0.0,0.0,EXCLUIDA_CASI_VACIA
crlider_org4,000,0.001,0.0,0.0,EXCLUIDA_CASI_VACIA
crlider_org5,000,0.0,0.0,0.0,EXCLUIDA_CASI_VACIA
cuando_monto_edad,000,0.007,0.0,0.0,EXCLUIDA_CASI_VACIA
curso_fami,000,0.0,0.007,0.008,EXCLUIDA_CASI_VACIA
curso_gimnasia,000,0.0,0.007,0.008,EXCLUIDA_CASI_VACIA
curso_otro,000,0.0,0.007,0.008,EXCLUIDA_CASI_VACIA
curso_sicoprofilactico,000,0.0,0.007,0.008,EXCLUIDA_CASI_VACIA
curso_yoga,000,0.0,0.007,0.008,EXCLUIDA_CASI_VACIA
dejoestudio,000,0.0,0.004,0.005,EXCLUIDA_CASI_VACIA
descrip_activ3,000,0.0,0.003,0.002,EXCLUIDA_CASI_VACIA
descrip_activ4,000,0.0,0.001,0.0,EXCLUIDA_CASI_VACIA
descrip_activ5,000,0.0,0.0,0.0,EXCLUIDA_CASI_VACIA
descrip_activ6,000,0.0,0.0,0.0,EXCLUIDA_CASI_VACIA
descrip_oficio3,000,0.0,0.003,0.002,EXCLUIDA_CASI_VACIA
descrip_oficio4,000,0.0,0.001,0.0,EXCLUIDA_CASI_VACIA
descrip_oficio5,000,0.0,0.0,0.0,EXCLUIDA_CASI_VACIA
descrip_oficio6,000,0.0,0.0,0.0,EXCLUIDA_CASI_VACIA
desde_ano_1,000,0.001,0.0,0.0,EXCLUIDA_CASI_VACIA
desde_ano_2,000,0.0,0.0,0.0,EXCLUIDA_CASI_VACIA
desde_ano_3,000,0.0,0.0,0.0,EXCLUIDA_CASI_VACIA
desde_ano_4,000,0.0,0.0,0.0,EXCLUIDA_CASI_VACIA
desde_ano_5,000,0.0,0.0,0.0,EXCLUIDA_CASI_VACIA
desde_edad_2,000,0.004,0.0,0.0,EXCLUIDA_CASI_VACIA
desde_edad_3,000,0.001,0.0,0.0,EXCLUIDA_CASI_VACIA
desde_edad_4,000,0.0,0.0,0.0,EXCLUIDA_CASI_VACIA
desde_edad_5,000,0.0,0.0,0.0,EXCLUIDA_CASI_VACIA
desde_mes_1,000,0.001,0.0,0.0,EXCLUIDA_CASI_VACIA
desde_mes_2,000,0.0,0.0,0.0,EXCLUIDA_CASI_VACIA
desde_mes_3,000,0.0,0.0,0.0,EXCLUIDA_CASI_VACIA
desde_mes_4,000,0.0,0.0,0.0,EXCLUIDA_CASI_VACIA
desde_mes_5,000,0.0,0.0,0.0,EXCLUIDA_CASI_VACIA
dia_thijo,000,0.0,0.004,0.0,EXCLUIDA_CASI_VACIA
edad_cancer,000,0.0,0.004,0.005,EXCLUIDA_CASI_VACIA
edad_cigarro,000,0.0,0.003,0.005,EXCLUIDA_CASI_VACIA
edad_cigentero,000,0.0,0.001,0.0,EXCLUIDA_CASI_VACIA
edad_enfisema,000,0.0,0.009,0.009,EXCLUIDA_CASI_VACIA
edad_epilepsia,000,0.0,0.002,0.002,EXCLUIDA_CASI_VACIA
edad_sida,000,0.0,0.001,0.001,EXCLUIDA_CASI_VACIA
edad_tbculosis,000,0.0,0.002,0.001,EXCLUIDA_CASI_VACIA
es_bisnieto,000,0.001,0.0,0.0,EXCLUIDA_CASI_VACIA
est_superiores,000,0.008,0.007,0.007,EXCLUIDA_CASI_VACIA
finan_educ_pago2,000,0.0,0.003,0.003,EXCLUIDA_CASI_VACIA
finan_educ_pago3,000,0.0,0.0,0.0,EXCLUIDA_CASI_VACIA
finan_educ_pago4,000,0.0,0.0,0.0,EXCLUIDA_CASI_VACIA
finan_educ_pago5,000,0.0,0.0,0.0,EXCLUIDA_CASI_VACIA
finan_educ_pago6,000,0.0,0.0,0.0,EXCLUIDA_CASI_VACIA
fuma_dias,000,0.0,0.0,0.0,EXCLUIDA_CASI_VACIA
ganancia_neta,000,0.0,0.003,0.003,EXCLUIDA_CASI_VACIA
hor_aactv5_no,000,0.002,0.0,0.0,EXCLUIDA_CASI_VACIA
hor_aactv6_ma,000,0.009,0.0,0.0,EXCLUIDA_CASI_VACIA
hor_aactv6_no,000,0.0,0.0,0.0,EXCLUIDA_CASI_VACIA
hor_aactv6_ta,000,0.009,0.0,0.0,EXCLUIDA_CASI_VACIA
hor_actv_ma10,000,0.0,0.0,0.0,EXCLUIDA_CASI_VACIA
hor_actv_ma11,000,0.0,0.0,0.0,EXCLUIDA_CASI_VACIA
hor_actv_ma12,000,0.0,0.0,0.0,EXCLUIDA_CASI_VACIA
hor_actv_ma13,000,0.0,0.0,0.0,EXCLUIDA_CASI_VACIA
hor_actv_ma14,000,0.0,0.0,0.0,EXCLUIDA_CASI_VACIA
hor_actv_ma15,000,0.0,0.0,0.0,EXCLUIDA_CASI_VACIA
hor_actv_ma16,000,0.0,0.0,0.0,EXCLUIDA_CASI_VACIA
hor_actv_ma17,000,0.0,0.0,0.0,EXCLUIDA_CASI_VACIA
hor_actv_ma7,000,0.0,0.006,0.007,EXCLUIDA_CASI_VACIA
hor_actv_ma8,000,0.0,0.002,0.003,EXCLUIDA_CASI_VACIA
hor_actv_ma9,000,0.0,0.001,0.001,EXCLUIDA_CASI_VACIA
hor_actv_no5,000,0.0,0.003,0.001,EXCLUIDA_CASI_VACIA
hor_actv_no6,000,0.0,0.001,0.0,EXCLUIDA_CASI_VACIA
hor_actv_no7,000,0.0,0.0,0.0,EXCLUIDA_CASI_VACIA
hor_actv_ta10,000,0.0,0.0,0.0,EXCLUIDA_CASI_VACIA
hor_actv_ta11,000,0.0,0.0,0.0,EXCLUIDA_CASI_VACIA
hor_actv_ta12,000,0.0,0.0,0.0,EXCLUIDA_CASI_VACIA
hor_actv_ta13,000,0.0,0.0,0.0,EXCLUIDA_CASI_VACIA
hor_actv_ta14,000,0.0,0.0,0.0,EXCLUIDA_CASI_VACIA
hor_actv_ta15,000,0.0,0.0,0.0,EXCLUIDA_CASI_VACIA
hor_actv_ta16,000,0.0,0.0,0.0,EXCLUIDA_CASI_VACIA
hor_actv_ta17,000,0.0,0.0,0.0,EXCLUIDA_CASI_VACIA
hor_actv_ta18,000,0.0,0.0,0.0,EXCLUIDA_CASI_VACIA
hor_actv_ta19,000,0.0,0.0,0.0,EXCLUIDA_CASI_VACIA
hor_actv_ta7,000,0.0,0.004,0.004,EXCLUIDA_CASI_VACIA
hor_actv_ta8,000,0.0,0.001,0.001,EXCLUIDA_CASI_VACIA
hor_actv_ta9,000,0.0,0.0,0.001,EXCLUIDA_CASI_VACIA
horario_nosirve,000,0.0,0.002,0.003,EXCLUIDA_CASI_VACIA
horas_dia3,000,0.0,0.003,0.002,EXCLUIDA_CASI_VACIA
horas_dia4,000,0.0,0.001,0.0,EXCLUIDA_CASI_VACIA
horas_dia5,000,0.0,0.0,0.0,EXCLUIDA_CASI_VACIA
horas_dia6,000,0.0,0.0,0.0,EXCLUIDA_CASI_VACIA
horas_normal3,000,0.0,0.003,0.002,EXCLUIDA_CASI_VACIA
horas_normal4,000,0.0,0.001,0.0,EXCLUIDA_CASI_VACIA
horas_normal5,000,0.0,0.0,0.0,EXCLUIDA_CASI_VACIA
horas_normal6,000,0.0,0.0,0.0,EXCLUIDA_CASI_VACIA
ingresos,000,0.0,0.003,0.003,EXCLUIDA_CASI_VACIA
lider_agremia,000,0.0,0.008,0.008,EXCLUIDA_CASI_VACIA
lider_caridad,000,0.0,0.002,0.002,EXCLUIDA_CASI_VACIA
lider_comunitaria,000,0.0,0.009,0.006,EXCLUIDA_CASI_VACIA
lider_culdep,000,0.0,0.007,0.004,EXCLUIDA_CASI_VACIA
lider_edif,000,0.0,0.001,0.001,EXCLUIDA_CASI_VACIA
lider_etnica,000,0.0,0.005,0.005,EXCLUIDA_CASI_VACIA
lider_iestado,000,0.0,0.002,0.002,EXCLUIDA_CASI_VACIA
lider_mamb,000,0.0,0.003,0.003,EXCLUIDA_CASI_VACIA
lider_otra,000,0.0,0.002,0.003,EXCLUIDA_CASI_VACIA
lider_parpol,000,0.0,0.004,0.003,EXCLUIDA_CASI_VACIA
lider_sindicato,000,0.0,0.003,0.004,EXCLUIDA_CASI_VACIA
lider_vigil,000,0.0,0.001,0.001,EXCLUIDA_CASI_VACIA
lugar_oficio3,000,0.0,0.003,0.002,EXCLUIDA_CASI_VACIA
lugar_oficio4,000,0.0,0.001,0.0,EXCLUIDA_CASI_VACIA
lugar_oficio5,000,0.0,0.0,0.0,EXCLUIDA_CASI_VACIA
lugar_oficio6,000,0.0,0.0,0.0,EXCLUIDA_CASI_VACIA
mes_dejo_t,000,0.003,0.0,0.0,EXCLUIDA_CASI_VACIA
mes_desde_2,000,0.0,0.003,0.001,EXCLUIDA_CASI_VACIA
mes_desde_3,000,0.0,0.0,0.0,EXCLUIDA_CASI_VACIA
mes_hasta_2,000,0.0,0.003,0.001,EXCLUIDA_CASI_VACIA
mes_hasta_3,000,0.0,0.0,0.0,EXCLUIDA_CASI_VACIA
mes_hijo10h,000,0.0,0.0,0.0,EXCLUIDA_CASI_VACIA
mes_hijo4h,000,0.0,0.0,0.007,EXCLUIDA_CASI_VACIA
mes_hijo4m,000,0.0,0.0,0.005,EXCLUIDA_CASI_VACIA
mes_hijo5h,000,0.0,0.0,0.002,EXCLUIDA_CASI_VACIA
mes_hijo5m,000,0.0,0.0,0.002,EXCLUIDA_CASI_VACIA
mes_hijo6h,000,0.0,0.0,0.001,EXCLUIDA_CASI_VACIA
mes_hijo6m,000,0.0,0.0,0.001,EXCLUIDA_CASI_VACIA
mes_hijo7h,000,0.0,0.0,0.0,EXCLUIDA_CASI_VACIA
mes_hijo7m,000,0.0,0.0,0.0,EXCLUIDA_CASI_VACIA
mes_hijo8h,000,0.0,0.0,0.0,EXCLUIDA_CASI_VACIA
mes_hijo8m,000,0.0,0.0,0.0,EXCLUIDA_CASI_VACIA
mes_hijo9h,000,0.0,0.0,0.0,EXCLUIDA_CASI_VACIA
mes_hijo9m,000,0.0,0.0,0.0,EXCLUIDA_CASI_VACIA
mes_inicio_ta,000,0.003,0.0,0.0,EXCLUIDA_CASI_VACIA
mes_thijo,000,0.0,0.004,0.0,EXCLUIDA_CASI_VACIA
meses_dejo,000,0.003,0.0,0.0,EXCLUIDA_CASI_VACIA
meses_ganancia3,000,0.0,0.002,0.002,EXCLUIDA_CASI_VACIA
meses_ganancia4,000,0.0,0.0,0.0,EXCLUIDA_CASI_VACIA
meses_ganancia5,000,0.0,0.0,0.0,EXCLUIDA_CASI_VACIA
meses_ganancia6,000,0.0,0.0,0.0,EXCLUIDA_CASI_VACIA
min_activ5_no,000,0.002,0.0,0.0,EXCLUIDA_CASI_VACIA
min_activ6_ma,000,0.009,0.0,0.0,EXCLUIDA_CASI_VACIA
min_activ6_no,000,0.0,0.0,0.0,EXCLUIDA_CASI_VACIA
min_activ6_ta,000,0.009,0.0,0.0,EXCLUIDA_CASI_VACIA
min_actv_ma10,000,0.0,0.0,0.0,EXCLUIDA_CASI_VACIA
min_actv_ma11,000,0.0,0.0,0.0,EXCLUIDA_CASI_VACIA
min_actv_ma12,000,0.0,0.0,0.0,EXCLUIDA_CASI_VACIA
min_actv_ma13,000,0.0,0.0,0.0,EXCLUIDA_CASI_VACIA
min_actv_ma14,000,0.0,0.0,0.0,EXCLUIDA_CASI_VACIA
min_actv_ma15,000,0.0,0.0,0.0,EXCLUIDA_CASI_VACIA
min_actv_ma16,000,0.0,0.0,0.0,EXCLUIDA_CASI_VACIA
min_actv_ma17,000,0.0,0.0,0.0,EXCLUIDA_CASI_VACIA
min_actv_ma7,000,0.0,0.006,0.007,EXCLUIDA_CASI_VACIA
min_actv_ma8,000,0.0,0.002,0.003,EXCLUIDA_CASI_VACIA
min_actv_ma9,000,0.0,0.001,0.001,EXCLUIDA_CASI_VACIA
min_actv_no5,000,0.0,0.003,0.001,EXCLUIDA_CASI_VACIA
min_actv_no6,000,0.0,0.001,0.0,EXCLUIDA_CASI_VACIA
min_actv_no7,000,0.0,0.0,0.0,EXCLUIDA_CASI_VACIA
min_actv_ta10,000,0.0,0.0,0.0,EXCLUIDA_CASI_VACIA
min_actv_ta11,000,0.0,0.0,0.0,EXCLUIDA_CASI_VACIA
min_actv_ta12,000,0.0,0.0,0.0,EXCLUIDA_CASI_VACIA
min_actv_ta13,000,0.0,0.0,0.0,EXCLUIDA_CASI_VACIA
min_actv_ta14,000,0.0,0.0,0.0,EXCLUIDA_CASI_VACIA
min_actv_ta15,000,0.0,0.0,0.0,EXCLUIDA_CASI_VACIA
min_actv_ta16,000,0.0,0.0,0.0,EXCLUIDA_CASI_VACIA
min_actv_ta17,000,0.0,0.0,0.0,EXCLUIDA_CASI_VACIA
min_actv_ta18,000,0.0,0.0,0.0,EXCLUIDA_CASI_VACIA
min_actv_ta19,000,0.0,0.0,0.0,EXCLUIDA_CASI_VACIA
min_actv_ta7,000,0.0,0.004,0.004,EXCLUIDA_CASI_VACIA
min_actv_ta8,000,0.0,0.001,0.001,EXCLUIDA_CASI_VACIA
min_actv_ta9,000,0.0,0.0,0.001,EXCLUIDA_CASI_VACIA
mod_t_semana,000,0.0,0.001,0.0,EXCLUIDA_CASI_VACIA
modera_t_total,000,0.0,0.001,0.0,EXCLUIDA_CASI_VACIA
motivo_mig_2,000,0.0,0.003,0.001,EXCLUIDA_CASI_VACIA
motivo_mig_3,000,0.0,0.0,0.0,EXCLUIDA_CASI_VACIA
mpio_migra_2,000,0.0,0.003,0.001,EXCLUIDA_CASI_VACIA
mpio_migra_3,000,0.0,0.0,0.0,EXCLUIDA_CASI_VACIA
nhoras_org3,000,0.002,0.0,0.0,EXCLUIDA_CASI_VACIA
nhoras_org4,000,0.001,0.0,0.0,EXCLUIDA_CASI_VACIA
nhoras_org5,000,0.0,0.0,0.0,EXCLUIDA_CASI_VACIA
noapto_trabajo,000,0.0,0.002,0.003,EXCLUIDA_CASI_VACIA
noprof_acci,000,0.001,0.0,0.0,EXCLUIDA_CASI_VACIA
noprof_ciru,000,0.0,0.0,0.0,EXCLUIDA_CASI_VACIA
noprof_odon,000,0.003,0.0,0.0,EXCLUIDA_CASI_VACIA
noson_hogar2,000,0.0,0.003,0.003,EXCLUIDA_CASI_VACIA
noson_hogar3,000,0.0,0.0,0.0,EXCLUIDA_CASI_VACIA
noson_hogar4,000,0.0,0.0,0.0,EXCLUIDA_CASI_VACIA
noson_hogar5,000,0.0,0.0,0.0,EXCLUIDA_CASI_VACIA
noson_hogar6,000,0.0,0.0,0.0,EXCLUIDA_CASI_VACIA
noson_hogar_cual,000,0.0,0.0,0.0,EXCLUIDA_CASI_VACIA
noson_hogar_cual3,000,0.0,0.003,0.002,EXCLUIDA_CASI_VACIA
noson_hogar_cual4,000,0.0,0.001,0.0,EXCLUIDA_CASI_VACIA
noson_hogar_cual5,000,0.0,0.0,0.0,EXCLUIDA_CASI_VACIA
noson_hogar_cual6,000,0.0,0.0,0.0,EXCLUIDA_CASI_VACIA
ocupacion3,000,0.0,0.003,0.002,EXCLUIDA_CASI_VACIA
ocupacion4,000,0.0,0.001,0.0,EXCLUIDA_CASI_VACIA
ocupacion5,000,0.0,0.0,0.0,EXCLUIDA_CASI_VACIA
ocupacion6,000,0.0,0.0,0.0,EXCLUIDA_CASI_VACIA
ocupacion_cual3,000,0.0,0.003,0.002,EXCLUIDA_CASI_VACIA
ocupacion_cual4,000,0.0,0.001,0.0,EXCLUIDA_CASI_VACIA
ocupacion_cual5,000,0.0,0.0,0.0,EXCLUIDA_CASI_VACIA
ocupacion_cual6,000,0.0,0.0,0.0,EXCLUIDA_CASI_VACIA
ocupacion_pt_cual,000,0.002,0.0,0.0,EXCLUIDA_CASI_VACIA
ocupacion_tenia_cual,000,0.003,0.0,0.0,EXCLUIDA_CASI_VACIA
ofertas_emp1,000,0.004,0.002,0.003,EXCLUIDA_CASI_VACIA
ofertas_emp12,000,0.004,0.002,0.003,EXCLUIDA_CASI_VACIA
otra_rzn_nacepto,000,0.0,0.002,0.003,EXCLUIDA_CASI_VACIA
otro_mig_cual_2,000,0.0,0.003,0.001,EXCLUIDA_CASI_VACIA
otro_mig_cual_3,000,0.0,0.0,0.0,EXCLUIDA_CASI_VACIA
pagos_adicion2,000,0.0,0.001,0.001,EXCLUIDA_CASI_VACIA
pagos_adicion3,000,0.0,0.0,0.0,EXCLUIDA_CASI_VACIA
pagos_adicion4,000,0.0,0.0,0.0,EXCLUIDA_CASI_VACIA
pagos_adicion5,000,0.0,0.0,0.0,EXCLUIDA_CASI_VACIA
pagos_adicion6,000,0.0,0.0,0.0,EXCLUIDA_CASI_VACIA
pais_2,000,0.0,0.003,0.001,EXCLUIDA_CASI_VACIA
pais_3,000,0.0,0.0,0.0,EXCLUIDA_CASI_VACIA
pais_nac,000,0.002,0.0,0.0,EXCLUIDA_CASI_VACIA
pais_vivia,000,0.001,0.0,0.0,EXCLUIDA_CASI_VACIA
pais_vivia5,000,0.001,0.0,0.0,EXCLUIDA_CASI_VACIA
ptd_org3,000,0.002,0.0,0.0,EXCLUIDA_CASI_VACIA
ptd_org4,000,0.001,0.0,0.0,EXCLUIDA_CASI_VACIA
ptd_org5,000,0.0,0.0,0.0,EXCLUIDA_CASI_VACIA
razon_jornalero_cual,000,0.001,0.0,0.0,EXCLUIDA_CASI_VACIA
razon_llego_cual,000,0.002,0.0,0.0,EXCLUIDA_CASI_VACIA
razon_na_cual,000,0.0,0.0,0.0,EXCLUIDA_CASI_VACIA
razon_negocio2,000,0.0,0.008,0.006,EXCLUIDA_CASI_VACIA
razon_negocio3,000,0.0,0.001,0.001,EXCLUIDA_CASI_VACIA
razon_negocio4,000,0.0,0.0,0.0,EXCLUIDA_CASI_VACIA
razon_negocio5,000,0.0,0.0,0.0,EXCLUIDA_CASI_VACIA
razon_negocio6,000,0.0,0.0,0.0,EXCLUIDA_CASI_VACIA
razon_noacepto,000,0.004,0.0,0.0,EXCLUIDA_CASI_VACIA
razon_nv_cual,000,0.002,0.0,0.0,EXCLUIDA_CASI_VACIA
razon_personal,000,0.0,0.002,0.003,EXCLUIDA_CASI_VACIA
razon_ri_cual,000,0.002,0.0,0.0,EXCLUIDA_CASI_VACIA
razon_rpt_cual,000,0.002,0.0,0.0,EXCLUIDA_CASI_VACIA
rec_alimentos_pago2,000,0.0,0.003,0.003,EXCLUIDA_CASI_VACIA
rec_alimentos_pago3,000,0.0,0.0,0.0,EXCLUIDA_CASI_VACIA
rec_alimentos_pago4,000,0.0,0.0,0.0,EXCLUIDA_CASI_VACIA
rec_alimentos_pago5,000,0.0,0.0,0.0,EXCLUIDA_CASI_VACIA
rec_alimentos_pago6,000,0.0,0.0,0.0,EXCLUIDA_CASI_VACIA
rec_ninguno2,000,0.0,0.003,0.003,EXCLUIDA_CASI_VACIA
rec_ninguno3,000,0.0,0.0,0.0,EXCLUIDA_CASI_VACIA
rec_ninguno4,000,0.0,0.0,0.0,EXCLUIDA_CASI_VACIA
rec_ninguno5,000,0.0,0.0,0.0,EXCLUIDA_CASI_VACIA
rec_ninguno6,000,0.0,0.0,0.0,EXCLUIDA_CASI_VACIA
rec_otros_pago2,000,0.0,0.003,0.003,EXCLUIDA_CASI_VACIA
rec_otros_pago3,000,0.0,0.0,0.0,EXCLUIDA_CASI_VACIA
rec_otros_pago4,000,0.0,0.0,0.0,EXCLUIDA_CASI_VACIA
rec_otros_pago5,000,0.0,0.0,0.0,EXCLUIDA_CASI_VACIA
rec_otros_pago6,000,0.0,0.0,0.0,EXCLUIDA_CASI_VACIA
rec_vivienda_pago2,000,0.0,0.003,0.003,EXCLUIDA_CASI_VACIA
rec_vivienda_pago3,000,0.0,0.0,0.0,EXCLUIDA_CASI_VACIA
rec_vivienda_pago4,000,0.0,0.0,0.0,EXCLUIDA_CASI_VACIA
rec_vivienda_pago5,000,0.0,0.0,0.0,EXCLUIDA_CASI_VACIA
rec_vivienda_pago6,000,0.0,0.0,0.0,EXCLUIDA_CASI_VACIA
recibe_salario,000,0.0,0.003,0.003,EXCLUIDA_CASI_VACIA
recibio_ganancia,000,0.0,0.001,0.0,EXCLUIDA_CASI_VACIA
rzn_negocio_cual3,000,0.0,0.003,0.002,EXCLUIDA_CASI_VACIA
rzn_negocio_cual4,000,0.0,0.001,0.0,EXCLUIDA_CASI_VACIA
rzn_negocio_cual5,000,0.0,0.0,0.0,EXCLUIDA_CASI_VACIA
rzn_negocio_cual6,000,0.0,0.0,0.0,EXCLUIDA_CASI_VACIA
salario_insf,000,0.0,0.002,0.003,EXCLUIDA_CASI_VACIA
salario_nopresta,000,0.0,0.002,0.003,EXCLUIDA_CASI_VACIA
salud_gestacion,000,0.0,0.007,0.007,EXCLUIDA_CASI_VACIA
segsoc_salud2,000,0.0,0.0,0.001,EXCLUIDA_CASI_VACIA
segsoc_salud3,000,0.0,0.0,0.0,EXCLUIDA_CASI_VACIA
segsoc_salud4,000,0.0,0.0,0.0,EXCLUIDA_CASI_VACIA
segsoc_salud5,000,0.0,0.0,0.0,EXCLUIDA_CASI_VACIA
segsoc_salud6,000,0.0,0.0,0.0,EXCLUIDA_CASI_VACIA
semana_control,000,0.0,0.006,0.006,EXCLUIDA_CASI_VACIA
semana_embarazo,000,0.0,0.007,0.008,EXCLUIDA_CASI_VACIA
sss_meses,000,0.009,0.0,0.0,EXCLUIDA_CASI_VACIA
t_cuidado_personal,000,0.006,0.0,0.0,EXCLUIDA_CASI_VACIA
tiene_contrato3,000,0.0,0.003,0.002,EXCLUIDA_CASI_VACIA
tiene_contrato4,000,0.0,0.001,0.0,EXCLUIDA_CASI_VACIA
tiene_contrato5,000,0.0,0.0,0.0,EXCLUIDA_CASI_VACIA
tiene_contrato6,000,0.0,0.0,0.0,EXCLUIDA_CASI_VACIA
tipo_contrato2,000,0.0,0.0,0.001,EXCLUIDA_CASI_VACIA
tipo_contrato3,000,0.0,0.0,0.0,EXCLUIDA_CASI_VACIA
tipo_contrato4,000,0.0,0.0,0.0,EXCLUIDA_CASI_VACIA
tipo_contrato5,000,0.0,0.0,0.0,EXCLUIDA_CASI_VACIA
tipo_contrato6,000,0.0,0.0,0.0,EXCLUIDA_CASI_VACIA
tratar_acci,000,0.007,0.0,0.0,EXCLUIDA_CASI_VACIA
tratar_ciru,000,0.003,0.0,0.0,EXCLUIDA_CASI_VACIA
ubica_inadecuada,000,0.0,0.002,0.003,EXCLUIDA_CASI_VACIA
vacaciones2,000,0.0,0.0,0.001,EXCLUIDA_CASI_VACIA
vacaciones3,000,0.0,0.0,0.0,EXCLUIDA_CASI_VACIA
vacaciones4,000,0.0,0.0,0.0,EXCLUIDA_CASI_VACIA
vacaciones5,000,0.0,0.0,0.0,EXCLUIDA_CASI_VACIA
vacaciones6,000,0.0,0.0,0.0,EXCLUIDA_CASI_VACIA
veces_cabmun,000,0.0,0.0,0.002,EXCLUIDA_CASI_VACIA
veces_temult3,000,0.0,0.0,0.007,EXCLUIDA_CASI_VACIA
vender_negocio,000,0.0,0.003,0.0,EXCLUIDA_CASI_VACIA
vig_t_semana,000,0.0,0.0,0.0,EXCLUIDA_CASI_VACIA
vigor_t_total,000,0.0,0.001,0.0,EXCLUIDA_CASI_VACIA
vitaminas,000,0.0,0.007,0.008,EXCLUIDA_CASI_VACIA
vr_acci,000,0.007,0.0,0.0,EXCLUIDA_CASI_VACIA
vr_bono,000,0.001,0.0,0.0,EXCLUIDA_CASI_VACIA
vr_ciru,000,0.003,0.0,0.0,EXCLUIDA_CASI_VACIA
vr_credito,000,0.001,0.0,0.0,EXCLUIDA_CASI_VACIA
vr_educ_pago,000,0.001,0.0,0.0,EXCLUIDA_CASI_VACIA
vr_ganancia3,000,0.0,0.003,0.002,EXCLUIDA_CASI_VACIA
vr_ganancia4,000,0.0,0.001,0.0,EXCLUIDA_CASI_VACIA
vr_ganancia5,000,0.0,0.0,0.0,EXCLUIDA_CASI_VACIA
vr_ganancia6,000,0.0,0.0,0.0,EXCLUIDA_CASI_VACIA
vr_ing_hextras,000,0.001,0.0,0.0,EXCLUIDA_CASI_VACIA
vr_rec_dividendos,000,0.002,0.002,0.003,EXCLUIDA_CASI_VACIA
vr_rec_entpriv,000,0.0,0.0,0.002,EXCLUIDA_CASI_VACIA
vr_rec_palimenticia,000,0.0,0.0,0.006,EXCLUIDA_CASI_VACIA
vr_salario2,000,0.0,0.003,0.003,EXCLUIDA_CASI_VACIA
vr_salario3,000,0.0,0.0,0.0,EXCLUIDA_CASI_VACIA
vr_salario4,000,0.0,0.0,0.0,EXCLUIDA_CASI_VACIA
vr_salario5,000,0.0,0.0,0.0,EXCLUIDA_CASI_VACIA
vr_salario6,000,0.0,0.0,0.0,EXCLUIDA_CASI_VACIA
vr_salario_mes,000,0.0,0.001,0.001,EXCLUIDA_CASI_VACIA
vr_salario_ofr,000,0.004,0.002,0.003,EXCLUIDA_CASI_VACIA
abortos,011,0.0,0.207,0.24,EXCLUIDA_NO_EN_OLA1
abortos_veces,011,0.0,0.044,0.045,EXCLUIDA_NO_EN_OLA1
acepta_dinero,011,0.0,0.219,0.113,EXCLUIDA_NO_EN_OLA1
activ_especfq1,010,0.0,0.125,0.0,EXCLUIDA_NO_EN_OLA1
activ_especfq2,010,0.0,0.021,0.0,EXCLUIDA_NO_EN_OLA1
activo_fisico,011,0.0,0.084,0.118,EXCLUIDA_NO_EN_OLA1
afilia_cual,011,0.0,0.394,0.391,EXCLUIDA_NO_EN_OLA1
afilia_porque,011,0.0,0.372,0.378,EXCLUIDA_NO_EN_OLA1
afiliacion_fp,011,0.0,0.144,0.148,EXCLUIDA_NO_EN_OLA1
afiliacion_fp1,011,0.0,0.011,0.013,EXCLUIDA_NO_EN_OLA1
afiliado_porque,011,0.0,0.247,0.178,EXCLUIDA_NO_EN_OLA1
ahorro_deudas,011,0.0,0.062,0.075,EXCLUIDA_NO_EN_OLA1
ahorro_emerg,011,0.0,0.062,0.075,EXCLUIDA_NO_EN_OLA1
ahorro_mejoras,011,0.0,0.062,0.075,EXCLUIDA_NO_EN_OLA1
ahorro_otro_cual,011,0.0,0.394,0.391,EXCLUIDA_NO_EN_OLA1
ahorro_salud,011,0.0,0.062,0.075,EXCLUIDA_NO_EN_OLA1
ano_desde_1,011,0.0,0.039,0.022,EXCLUIDA_NO_EN_OLA1
ano_hasta_1,011,0.0,0.039,0.022,EXCLUIDA_NO_EN_OLA1
anos_cvivir,011,0.0,0.063,0.118,EXCLUIDA_NO_EN_OLA1
anos_preescolar,011,0.0,0.125,0.153,EXCLUIDA_NO_EN_OLA1
anos_qvivir,011,0.0,0.078,0.118,EXCLUIDA_NO_EN_OLA1
anos_superior_2010,010,0.0,0.041,0.0,EXCLUIDA_NO_EN_OLA1
asist_educ,010,0.0,0.015,0.009,EXCLUIDA_NO_EN_OLA1
asist_jac,011,0.0,0.048,0.039,EXCLUIDA_NO_EN_OLA1
asist_religiosa,011,0.0,0.034,0.02,EXCLUIDA_NO_EN_OLA1
asiste_actividad,011,0.0,0.187,0.179,EXCLUIDA_NO_EN_OLA1
asma,011,0.0,0.395,0.391,EXCLUIDA_NO_EN_OLA1
ataq_corazon,011,0.0,0.395,0.391,EXCLUIDA_NO_EN_OLA1
ayu_alcalde,011,0.0,0.219,0.226,EXCLUIDA_NO_EN_OLA1
ayu_congresista,011,0.0,0.219,0.226,EXCLUIDA_NO_EN_OLA1
ayu_lcomunal,011,0.0,0.219,0.226,EXCLUIDA_NO_EN_OLA1
bebe_amigos,011,0.0,0.085,0.118,EXCLUIDA_NO_EN_OLA1
bebe_freq,011,0.0,0.037,0.048,EXCLUIDA_NO_EN_OLA1
bebe_hogar,011,0.0,0.085,0.118,EXCLUIDA_NO_EN_OLA1
beca_cual,011,0.0,0.654,0.574,EXCLUIDA_NO_EN_OLA1
borrachera,011,0.0,0.085,0.118,EXCLUIDA_NO_EN_OLA1
burlas_demas,011,0.0,0.085,0.118,EXCLUIDA_NO_EN_OLA1
busco_trabajo,011,0.0,0.19,0.183,EXCLUIDA_NO_EN_OLA1
cabec_migra_1,011,0.0,0.039,0.014,EXCLUIDA_NO_EN_OLA1
cam_t_dia,011,0.0,0.047,0.047,EXCLUIDA_NO_EN_OLA1
camina,011,0.0,0.203,0.206,EXCLUIDA_NO_EN_OLA1
camina_dias,011,0.0,0.049,0.048,EXCLUIDA_NO_EN_OLA1
camina_tiempo,011,0.0,0.049,0.048,EXCLUIDA_NO_EN_OLA1
cancer,011,0.0,0.395,0.391,EXCLUIDA_NO_EN_OLA1
casarte,011,0.0,0.084,0.118,EXCLUIDA_NO_EN_OLA1
celular_vecinos,011,0.0,0.395,0.391,EXCLUIDA_NO_EN_OLA1
cesantias,011,0.0,0.144,0.148,EXCLUIDA_NO_EN_OLA1
cesantias1,011,0.0,0.011,0.013,EXCLUIDA_NO_EN_OLA1
cigarro_entero,010,0.0,0.046,0.0,EXCLUIDA_NO_EN_OLA1
color_piel,010,0.0,0.478,0.0,EXCLUIDA_NO_EN_OLA1
come_fritos,011,0.0,0.395,0.391,EXCLUIDA_NO_EN_OLA1
come_frutas,011,0.0,0.395,0.391,EXCLUIDA_NO_EN_OLA1
come_paquete,011,0.0,0.395,0.391,EXCLUIDA_NO_EN_OLA1
come_verduras,011,0.0,0.395,0.391,EXCLUIDA_NO_EN_OLA1
comp_pandillas,011,0.0,0.085,0.118,EXCLUIDA_NO_EN_OLA1
comprar_carro,011,0.0,0.084,0.118,EXCLUIDA_NO_EN_OLA1
comprar_casa,011,0.0,0.084,0.118,EXCLUIDA_NO_EN_OLA1
con_quien,011,0.0,0.189,0.257,EXCLUIDA_NO_EN_OLA1
con_quien_orden,011,0.0,0.173,0.166,EXCLUIDA_NO_EN_OLA1
convence,011,0.0,0.219,0.226,EXCLUIDA_NO_EN_OLA1
cotiza_cual,011,0.0,0.394,0.391,EXCLUIDA_NO_EN_OLA1
cotizando,011,0.0,0.395,0.391,EXCLUIDA_NO_EN_OLA1
cr_actv_ma1,011,0.0,0.192,0.185,EXCLUIDA_NO_EN_OLA1
cr_actv_ma2,011,0.0,0.19,0.181,EXCLUIDA_NO_EN_OLA1
cr_actv_ma3,011,0.0,0.163,0.147,EXCLUIDA_NO_EN_OLA1
cr_actv_ma4,011,0.0,0.107,0.089,EXCLUIDA_NO_EN_OLA1
cr_actv_ma5,011,0.0,0.051,0.04,EXCLUIDA_NO_EN_OLA1
cr_actv_ma6,011,0.0,0.019,0.016,EXCLUIDA_NO_EN_OLA1
cr_actv_no1,011,0.0,0.192,0.185,EXCLUIDA_NO_EN_OLA1
cr_actv_no2,011,0.0,0.155,0.139,EXCLUIDA_NO_EN_OLA1
cr_actv_no3,011,0.0,0.067,0.049,EXCLUIDA_NO_EN_OLA1
cr_actv_no4,010,0.0,0.015,0.009,EXCLUIDA_NO_EN_OLA1
cr_actv_ta1,011,0.0,0.192,0.185,EXCLUIDA_NO_EN_OLA1
cr_actv_ta2,011,0.0,0.189,0.18,EXCLUIDA_NO_EN_OLA1
cr_actv_ta3,011,0.0,0.161,0.145,EXCLUIDA_NO_EN_OLA1
cr_actv_ta4,011,0.0,0.098,0.083,EXCLUIDA_NO_EN_OLA1
cr_actv_ta5,011,0.0,0.044,0.035,EXCLUIDA_NO_EN_OLA1
cr_actv_ta6,011,0.0,0.014,0.012,EXCLUIDA_NO_EN_OLA1
crear_negocio,011,0.0,0.084,0.118,EXCLUIDA_NO_EN_OLA1
cred_cual,011,0.0,0.654,0.574,EXCLUIDA_NO_EN_OLA1
crees_vivir,010,0.0,0.084,0.0,EXCLUIDA_NO_EN_OLA1
curso_otro_cual,011,0.0,0.574,0.755,EXCLUIDA_NO_EN_OLA1
dejo_estudiar,011,0.0,0.188,0.182,EXCLUIDA_NO_EN_OLA1
descrip_activ1,011,0.0,0.125,0.112,EXCLUIDA_NO_EN_OLA1
descrip_activ2,011,0.0,0.021,0.016,EXCLUIDA_NO_EN_OLA1
descrip_oficio1,011,0.0,0.125,0.112,EXCLUIDA_NO_EN_OLA1
descrip_oficio2,011,0.0,0.021,0.016,EXCLUIDA_NO_EN_OLA1
descrip_rama_cual,011,0.0,0.202,0.206,EXCLUIDA_NO_EN_OLA1
desemp_ult3,011,0.0,0.199,0.094,EXCLUIDA_NO_EN_OLA1
desigualdad,011,0.0,0.219,0.226,EXCLUIDA_NO_EN_OLA1
diabetes,011,0.0,0.395,0.391,EXCLUIDA_NO_EN_OLA1
diria_que_eleccion,011,0.0,0.219,0.226,EXCLUIDA_NO_EN_OLA1
diria_que_partido,011,0.0,0.206,0.217,EXCLUIDA_NO_EN_OLA1
edad_asma,011,0.0,0.011,0.012,EXCLUIDA_NO_EN_OLA1
edad_bachiller,011,0.0,0.083,0.117,EXCLUIDA_NO_EN_OLA1
edad_bebe,011,0.0,0.037,0.048,EXCLUIDA_NO_EN_OLA1
edad_carro,011,0.0,0.069,0.101,EXCLUIDA_NO_EN_OLA1
edad_casa,011,0.0,0.079,0.113,EXCLUIDA_NO_EN_OLA1
edad_casar,011,0.0,0.066,0.092,EXCLUIDA_NO_EN_OLA1
edad_corazon,011,0.0,0.021,0.02,EXCLUIDA_NO_EN_OLA1
edad_diabetes,011,0.0,0.021,0.025,EXCLUIDA_NO_EN_OLA1
edad_est_carrera,011,0.0,0.079,0.112,EXCLUIDA_NO_EN_OLA1
edad_fuma,011,0.0,0.169,0.163,EXCLUIDA_NO_EN_OLA1
edad_hijo,011,0.0,0.068,0.097,EXCLUIDA_NO_EN_OLA1
edad_hipertenso,011,0.0,0.066,0.074,EXCLUIDA_NO_EN_OLA1
edad_irte,011,0.0,0.053,0.083,EXCLUIDA_NO_EN_OLA1
edad_negocio,011,0.0,0.063,0.094,EXCLUIDA_NO_EN_OLA1
edad_term_carrera,011,0.0,0.078,0.111,EXCLUIDA_NO_EN_OLA1
edad_thijo,011,0.0,0.038,0.046,EXCLUIDA_NO_EN_OLA1
edad_trabajo,011,0.0,0.081,0.114,EXCLUIDA_NO_EN_OLA1
edad_ulcera,011,0.0,0.039,0.033,EXCLUIDA_NO_EN_OLA1
egrupo_org,011,0.0,0.084,0.118,EXCLUIDA_NO_EN_OLA1
ehace_deporte,011,0.0,0.084,0.118,EXCLUIDA_NO_EN_OLA1
ejugar_flia,011,0.0,0.084,0.118,EXCLUIDA_NO_EN_OLA1
ejugar_video,011,0.0,0.084,0.118,EXCLUIDA_NO_EN_OLA1
elee,011,0.0,0.084,0.118,EXCLUIDA_NO_EN_OLA1
embarazada,011,0.0,0.301,0.296,EXCLUIDA_NO_EN_OLA1
embarazo_hoy,011,0.0,0.21,0.249,EXCLUIDA_NO_EN_OLA1
enf_corazon,011,0.0,0.395,0.391,EXCLUIDA_NO_EN_OLA1
enfisema,011,0.0,0.395,0.391,EXCLUIDA_NO_EN_OLA1
eoficio_casa,011,0.0,0.084,0.118,EXCLUIDA_NO_EN_OLA1
epilepsia,011,0.0,0.395,0.391,EXCLUIDA_NO_EN_OLA1
estan_condiciones,011,0.0,0.257,0.26,EXCLUIDA_NO_EN_OLA1
estudiaba_2010,010,0.0,0.308,0.0,EXCLUIDA_NO_EN_OLA1
estudiar_carrera,011,0.0,0.084,0.118,EXCLUIDA_NO_EN_OLA1
etareas,011,0.0,0.084,0.118,EXCLUIDA_NO_EN_OLA1
etiempo_padres,011,0.0,0.084,0.118,EXCLUIDA_NO_EN_OLA1
eusa_computador,011,0.0,0.084,0.118,EXCLUIDA_NO_EN_OLA1
ev_emba,011,0.0,0.333,0.169,EXCLUIDA_NO_EN_OLA1
eve_television,011,0.0,0.084,0.118,EXCLUIDA_NO_EN_OLA1
evita_iva,010,0.0,0.14,0.0,EXCLUIDA_NO_EN_OLA1
evita_lugares,011,0.0,0.085,0.118,EXCLUIDA_NO_EN_OLA1
fexpers_2010,011,0.0,0.846,0.795,EXCLUIDA_NO_EN_OLA1
fexpers_2013,010,0.0,1.0,0.0,EXCLUIDA_NO_EN_OLA1
fgrupo_org,011,0.0,0.084,0.118,EXCLUIDA_NO_EN_OLA1
fhace_deporte,011,0.0,0.084,0.118,EXCLUIDA_NO_EN_OLA1
finan_educ_pago1,011,0.0,0.047,0.043,EXCLUIDA_NO_EN_OLA1
fjugar_flia,011,0.0,0.084,0.118,EXCLUIDA_NO_EN_OLA1
fjugar_video,011,0.0,0.084,0.118,EXCLUIDA_NO_EN_OLA1
flee,011,0.0,0.084,0.118,EXCLUIDA_NO_EN_OLA1
foficio_casa,011,0.0,0.084,0.118,EXCLUIDA_NO_EN_OLA1
fpers_2010,011,0.0,0.846,0.795,EXCLUIDA_NO_EN_OLA1
fpers_2013,010,0.0,1.0,0.0,EXCLUIDA_NO_EN_OLA1
fritos_freq,011,0.0,0.337,0.309,EXCLUIDA_NO_EN_OLA1
ftareas,011,0.0,0.084,0.118,EXCLUIDA_NO_EN_OLA1
ftiempo_padres,011,0.0,0.084,0.118,EXCLUIDA_NO_EN_OLA1
fuente_amigos,011,0.0,0.219,0.226,EXCLUIDA_NO_EN_OLA1
fuente_diarios,011,0.0,0.219,0.226,EXCLUIDA_NO_EN_OLA1
fuente_internet,011,0.0,0.219,0.226,EXCLUIDA_NO_EN_OLA1
fuente_libros,011,0.0,0.219,0.226,EXCLUIDA_NO_EN_OLA1
fuente_radio,011,0.0,0.219,0.226,EXCLUIDA_NO_EN_OLA1
fuente_revistas,011,0.0,0.219,0.226,EXCLUIDA_NO_EN_OLA1
fuente_tv,011,0.0,0.219,0.226,EXCLUIDA_NO_EN_OLA1
fuma_amigos,011,0.0,0.085,0.118,EXCLUIDA_NO_EN_OLA1
fuma_hogar,011,0.0,0.085,0.118,EXCLUIDA_NO_EN_OLA1
fuma_paquete,011,0.0,0.169,0.163,EXCLUIDA_NO_EN_OLA1
fuma_period,011,0.0,0.045,0.038,EXCLUIDA_NO_EN_OLA1
fuma_ult30d,010,0.0,0.045,0.005,EXCLUIDA_NO_EN_OLA1
fumo_ultimavez,011,0.0,0.124,0.125,EXCLUIDA_NO_EN_OLA1
fusa_computador,011,0.0,0.084,0.118,EXCLUIDA_NO_EN_OLA1
fve_television,011,0.0,0.084,0.118,EXCLUIDA_NO_EN_OLA1
gob_bienestar,011,0.0,0.219,0.105,EXCLUIDA_NO_EN_OLA1
grado_educ_2010,010,0.0,0.293,0.0,EXCLUIDA_NO_EN_OLA1
ha_bebido,011,0.0,0.085,0.118,EXCLUIDA_NO_EN_OLA1
ha_fumado,011,0.0,0.395,0.391,EXCLUIDA_NO_EN_OLA1
hace_la_paga,011,0.0,0.219,0.226,EXCLUIDA_NO_EN_OLA1
hijas_mujeres,011,0.0,0.163,0.171,EXCLUIDA_NO_EN_OLA1
hijo_enhogar,011,0.0,0.163,0.171,EXCLUIDA_NO_EN_OLA1
hijos_hombres,011,0.0,0.163,0.171,EXCLUIDA_NO_EN_OLA1
hijos_vivos,011,0.0,0.207,0.26,EXCLUIDA_NO_EN_OLA1
hipertenso,011,0.0,0.395,0.391,EXCLUIDA_NO_EN_OLA1
hizo_preescolar,011,0.0,0.162,0.177,EXCLUIDA_NO_EN_OLA1
hor_actv_ma1,011,0.0,0.192,0.185,EXCLUIDA_NO_EN_OLA1
hor_actv_ma2,011,0.0,0.19,0.181,EXCLUIDA_NO_EN_OLA1
hor_actv_ma3,011,0.0,0.163,0.147,EXCLUIDA_NO_EN_OLA1
hor_actv_ma4,011,0.0,0.107,0.089,EXCLUIDA_NO_EN_OLA1
hor_actv_ma5,011,0.0,0.051,0.04,EXCLUIDA_NO_EN_OLA1
hor_actv_ma6,011,0.0,0.019,0.016,EXCLUIDA_NO_EN_OLA1
hor_actv_no1,011,0.0,0.192,0.185,EXCLUIDA_NO_EN_OLA1
hor_actv_no2,011,0.0,0.155,0.139,EXCLUIDA_NO_EN_OLA1
hor_actv_no3,011,0.0,0.067,0.049,EXCLUIDA_NO_EN_OLA1
hor_actv_no4,010,0.0,0.015,0.009,EXCLUIDA_NO_EN_OLA1
hor_actv_ta1,011,0.0,0.192,0.185,EXCLUIDA_NO_EN_OLA1
hor_actv_ta2,011,0.0,0.189,0.18,EXCLUIDA_NO_EN_OLA1
hor_actv_ta3,011,0.0,0.161,0.145,EXCLUIDA_NO_EN_OLA1
hor_actv_ta4,011,0.0,0.098,0.083,EXCLUIDA_NO_EN_OLA1
hor_actv_ta5,011,0.0,0.044,0.035,EXCLUIDA_NO_EN_OLA1
hor_actv_ta6,011,0.0,0.014,0.012,EXCLUIDA_NO_EN_OLA1
horas_dia1,011,0.0,0.125,0.112,EXCLUIDA_NO_EN_OLA1
horas_dia2,011,0.0,0.021,0.016,EXCLUIDA_NO_EN_OLA1
horas_normal1,011,0.0,0.125,0.112,EXCLUIDA_NO_EN_OLA1
horas_normal2,011,0.0,0.021,0.016,EXCLUIDA_NO_EN_OLA1
hoy_fuma,011,0.0,0.169,0.163,EXCLUIDA_NO_EN_OLA1
ind_bienestar,011,0.0,0.219,0.226,EXCLUIDA_NO_EN_OLA1
inform_orden,011,0.0,0.568,0.564,EXCLUIDA_NO_EN_OLA1
irte_casa,011,0.0,0.084,0.118,EXCLUIDA_NO_EN_OLA1
jornada_esc,011,0.0,0.312,0.29,EXCLUIDA_NO_EN_OLA1
jornalero,011,0.0,0.19,0.183,EXCLUIDA_NO_EN_OLA1
jov_org_ambiental,011,0.0,0.085,0.118,EXCLUIDA_NO_EN_OLA1
jov_org_comunid,011,0.0,0.085,0.118,EXCLUIDA_NO_EN_OLA1
jov_org_cultural,011,0.0,0.085,0.118,EXCLUIDA_NO_EN_OLA1
jov_org_depor,011,0.0,0.085,0.118,EXCLUIDA_NO_EN_OLA1
jov_org_dhumanos,011,0.0,0.085,0.118,EXCLUIDA_NO_EN_OLA1
jov_org_etnica,011,0.0,0.085,0.118,EXCLUIDA_NO_EN_OLA1
jov_org_parpol,011,0.0,0.085,0.118,EXCLUIDA_NO_EN_OLA1
jov_org_religiosa,011,0.0,0.085,0.118,EXCLUIDA_NO_EN_OLA1
jov_org_social,011,0.0,0.085,0.118,EXCLUIDA_NO_EN_OLA1
justicia_propia,011,0.0,0.219,0.226,EXCLUIDA_NO_EN_OLA1
lider_educ,010,0.0,0.015,0.008,EXCLUIDA_NO_EN_OLA1
lider_jac,011,0.0,0.045,0.036,EXCLUIDA_NO_EN_OLA1
lider_religiosa,011,0.0,0.032,0.019,EXCLUIDA_NO_EN_OLA1
lugar_ahorra_cual,011,0.0,0.394,0.391,EXCLUIDA_NO_EN_OLA1
lugar_oficio1,011,0.0,0.125,0.112,EXCLUIDA_NO_EN_OLA1
lugar_oficio2,011,0.0,0.021,0.016,EXCLUIDA_NO_EN_OLA1
me_la_paga,011,0.0,0.085,0.118,EXCLUIDA_NO_EN_OLA1
medid1_ahorrar,010,0.0,0.079,0.0,EXCLUIDA_NO_EN_OLA1
medid1_votar,010,0.0,0.074,0.0,EXCLUIDA_NO_EN_OLA1
medid2_ahorrar,010,0.0,0.07,0.0,EXCLUIDA_NO_EN_OLA1
medid2_votar,010,0.0,0.066,0.0,EXCLUIDA_NO_EN_OLA1
medio_bus_trabajo,010,0.0,0.013,0.01,EXCLUIDA_NO_EN_OLA1
medio_busco_cual,011,0.0,0.202,0.206,EXCLUIDA_NO_EN_OLA1
medio_cons_cual,011,0.001,0.202,0.206,EXCLUIDA_NO_EN_OLA1
medio_trabajo_cual,011,0.0,0.192,0.185,EXCLUIDA_NO_EN_OLA1
mes_desde_1,011,0.0,0.039,0.022,EXCLUIDA_NO_EN_OLA1
mes_hasta_1,011,0.0,0.039,0.022,EXCLUIDA_NO_EN_OLA1
meses_ganancia1,011,0.0,0.061,0.062,EXCLUIDA_NO_EN_OLA1
meses_ganancia2,011,0.0,0.012,0.011,EXCLUIDA_NO_EN_OLA1
miedo_ir_colegio,011,0.0,0.085,0.118,EXCLUIDA_NO_EN_OLA1
migra_ult3,011,0.0,0.655,0.574,EXCLUIDA_NO_EN_OLA1
migra_veces,010,0.0,0.028,0.002,EXCLUIDA_NO_EN_OLA1
min_actv_ma1,011,0.0,0.192,0.185,EXCLUIDA_NO_EN_OLA1
min_actv_ma2,011,0.0,0.19,0.181,EXCLUIDA_NO_EN_OLA1
min_actv_ma3,011,0.0,0.163,0.147,EXCLUIDA_NO_EN_OLA1
min_actv_ma4,011,0.0,0.107,0.089,EXCLUIDA_NO_EN_OLA1
min_actv_ma5,011,0.0,0.05,0.04,EXCLUIDA_NO_EN_OLA1
min_actv_ma6,011,0.0,0.018,0.016,EXCLUIDA_NO_EN_OLA1
min_actv_no1,011,0.0,0.192,0.185,EXCLUIDA_NO_EN_OLA1
min_actv_no2,011,0.0,0.155,0.139,EXCLUIDA_NO_EN_OLA1
min_actv_no3,011,0.0,0.067,0.049,EXCLUIDA_NO_EN_OLA1
min_actv_no4,010,0.0,0.015,0.009,EXCLUIDA_NO_EN_OLA1
min_actv_ta1,011,0.0,0.192,0.185,EXCLUIDA_NO_EN_OLA1
min_actv_ta2,011,0.0,0.189,0.18,EXCLUIDA_NO_EN_OLA1
min_actv_ta3,011,0.0,0.161,0.145,EXCLUIDA_NO_EN_OLA1
min_actv_ta4,011,0.0,0.098,0.083,EXCLUIDA_NO_EN_OLA1
min_actv_ta5,011,0.0,0.044,0.035,EXCLUIDA_NO_EN_OLA1
min_actv_ta6,011,0.0,0.014,0.012,EXCLUIDA_NO_EN_OLA1
misma_persona,011,0.0,0.118,0.115,EXCLUIDA_NO_EN_OLA1
mod_t_dia,011,0.0,0.021,0.024,EXCLUIDA_NO_EN_OLA1
moderada,011,0.0,0.203,0.206,EXCLUIDA_NO_EN_OLA1
moderada_dias,011,0.0,0.022,0.024,EXCLUIDA_NO_EN_OLA1
moderada_tiempo,011,0.0,0.022,0.024,EXCLUIDA_NO_EN_OLA1
motivo_mig_1,011,0.0,0.039,0.022,EXCLUIDA_NO_EN_OLA1
mpio_migra_1,011,0.0,0.039,0.012,EXCLUIDA_NO_EN_OLA1
nivel_educ_2010,010,0.0,0.308,0.0,EXCLUIDA_NO_EN_OLA1
no_afiliado,011,0.0,0.372,0.378,EXCLUIDA_NO_EN_OLA1
nocotiza_ult3,011,0.0,0.199,0.166,EXCLUIDA_NO_EN_OLA1
noestudia_cual,011,0.005,0.961,0.954,EXCLUIDA_NO_EN_OLA1
noprof_problema,011,0.0,0.054,0.046,EXCLUIDA_NO_EN_OLA1
noprof_serv_cual,011,0.0,0.654,0.574,EXCLUIDA_NO_EN_OLA1
noson_hogar1,011,0.0,0.03,0.027,EXCLUIDA_NO_EN_OLA1
noson_hogar_cual1,011,0.0,0.125,0.112,EXCLUIDA_NO_EN_OLA1
noson_hogar_cual2,011,0.0,0.021,0.016,EXCLUIDA_NO_EN_OLA1
novedad_perso,011,0.0,1.0,1.0,EXCLUIDA_NO_EN_OLA1
ocupacion1,011,0.0,0.125,0.112,EXCLUIDA_NO_EN_OLA1
ocupacion_cual,011,0.008,0.769,0.252,EXCLUIDA_NO_EN_OLA1
ocupacion_cual1,011,0.0,0.125,0.112,EXCLUIDA_NO_EN_OLA1
ocupacion_cual2,011,0.0,0.021,0.016,EXCLUIDA_NO_EN_OLA1
org_agremia,011,0.0,0.395,0.391,EXCLUIDA_NO_EN_OLA1
org_otra_cual,011,0.004,0.393,0.391,EXCLUIDA_NO_EN_OLA1
org_sindicato,011,0.0,0.395,0.391,EXCLUIDA_NO_EN_OLA1
otro_mig_cual_1,011,0.0,0.039,0.022,EXCLUIDA_NO_EN_OLA1
paga_soborno,011,0.0,0.219,0.226,EXCLUIDA_NO_EN_OLA1
pagos_adicion,011,0.0,0.027,0.024,EXCLUIDA_NO_EN_OLA1
pagos_adicion1,011,0.0,0.016,0.014,EXCLUIDA_NO_EN_OLA1
pais_1,011,0.0,0.039,0.014,EXCLUIDA_NO_EN_OLA1
pandillas,011,0.0,0.085,0.118,EXCLUIDA_NO_EN_OLA1
paquete_freq,011,0.0,0.118,0.095,EXCLUIDA_NO_EN_OLA1
parent_inform,011,0.0,0.568,0.184,EXCLUIDA_NO_EN_OLA1
participa,011,0.0,0.231,0.242,EXCLUIDA_NO_EN_OLA1
pcuida_edad,011,0.0,0.011,0.011,EXCLUIDA_NO_EN_OLA1
pcuida_horas,011,0.0,0.189,0.184,EXCLUIDA_NO_EN_OLA1
pcuida_niveledu,011,0.0,0.011,0.011,EXCLUIDA_NO_EN_OLA1
peleas_companeros,011,0.0,0.085,0.118,EXCLUIDA_NO_EN_OLA1
persona_cuida,011,0.0,0.011,0.011,EXCLUIDA_NO_EN_OLA1
pertenece_pandilla,011,0.0,0.085,0.118,EXCLUIDA_NO_EN_OLA1
planeo_embarazo,011,0.0,0.167,0.176,EXCLUIDA_NO_EN_OLA1
pobinactiva_cual,011,0.0,0.308,0.38,EXCLUIDA_NO_EN_OLA1
por_las_malas,011,0.0,0.085,0.118,EXCLUIDA_NO_EN_OLA1
prestamo_vecino,011,0.0,0.395,0.391,EXCLUIDA_NO_EN_OLA1
prev_otro,011,0.0,0.655,0.574,EXCLUIDA_NO_EN_OLA1
prima_navidad,011,0.0,0.144,0.148,EXCLUIDA_NO_EN_OLA1
probado_cigarro,011,0.0,0.085,0.118,EXCLUIDA_NO_EN_OLA1
quien_cuida,011,0.0,0.013,0.012,EXCLUIDA_NO_EN_OLA1
quisiera_vivir,010,0.0,0.084,0.0,EXCLUIDA_NO_EN_OLA1
razon_db_cual,011,0.001,0.202,0.206,EXCLUIDA_NO_EN_OLA1
razon_dt_cual,011,0.001,0.202,0.206,EXCLUIDA_NO_EN_OLA1
razon_negocio1,011,0.0,0.038,0.037,EXCLUIDA_NO_EN_OLA1
razon_noacepto_cual,011,0.001,0.202,0.206,EXCLUIDA_NO_EN_OLA1
razon_nsfinan_cual,011,0.002,0.394,0.185,EXCLUIDA_NO_EN_OLA1
razon_tn_cual,011,0.003,0.202,0.206,EXCLUIDA_NO_EN_OLA1
rec_alimentos_pago1,011,0.0,0.047,0.043,EXCLUIDA_NO_EN_OLA1
rec_ninguno,011,0.0,0.075,0.077,EXCLUIDA_NO_EN_OLA1
rec_ninguno1,011,0.0,0.047,0.043,EXCLUIDA_NO_EN_OLA1
rec_otros_pago1,011,0.0,0.047,0.043,EXCLUIDA_NO_EN_OLA1
rec_vivienda_pago1,011,0.0,0.047,0.043,EXCLUIDA_NO_EN_OLA1
resolvio_alcalde,011,0.0,0.05,0.046,EXCLUIDA_NO_EN_OLA1
resolvio_congres,011,0.0,0.017,0.015,EXCLUIDA_NO_EN_OLA1
resolvio_lcomunal,011,0.0,0.025,0.023,EXCLUIDA_NO_EN_OLA1
riesgos_org,011,0.0,0.064,0.052,EXCLUIDA_NO_EN_OLA1
rzn_bus_trabajo,010,0.0,0.013,0.01,EXCLUIDA_NO_EN_OLA1
rzn_dejoest_cual,011,0.0,0.26,0.184,EXCLUIDA_NO_EN_OLA1
rzn_negocio_cual1,011,0.0,0.125,0.112,EXCLUIDA_NO_EN_OLA1
rzn_negocio_cual2,011,0.0,0.021,0.016,EXCLUIDA_NO_EN_OLA1
rzn_nocotiza,011,0.0,0.329,0.321,EXCLUIDA_NO_EN_OLA1
rzn_nosist_finan,011,0.0,0.048,0.057,EXCLUIDA_NO_EN_OLA1
rzn_trabajo_cual,011,0.0,0.192,0.185,EXCLUIDA_NO_EN_OLA1
saben_amigos,011,0.0,0.085,0.118,EXCLUIDA_NO_EN_OLA1
saben_colegio,011,0.0,0.085,0.118,EXCLUIDA_NO_EN_OLA1
saben_destas,011,0.0,0.085,0.118,EXCLUIDA_NO_EN_OLA1
seg_medico,011,0.0,0.144,0.148,EXCLUIDA_NO_EN_OLA1
segsoc_salud,011,0.0,0.144,0.148,EXCLUIDA_NO_EN_OLA1
segsoc_salud1,011,0.0,0.011,0.013,EXCLUIDA_NO_EN_OLA1
sida,011,0.0,0.395,0.391,EXCLUIDA_NO_EN_OLA1
siempre_ayuda,011,0.0,0.219,0.226,EXCLUIDA_NO_EN_OLA1
simpat_pol_cual,011,0.0,0.231,0.242,EXCLUIDA_NO_EN_OLA1
simpatiza,011,0.0,0.219,0.226,EXCLUIDA_NO_EN_OLA1
simpatiza_parpol,011,0.0,0.034,0.043,EXCLUIDA_NO_EN_OLA1
t_noafiliado,011,0.0,0.04,0.02,EXCLUIDA_NO_EN_OLA1
t_trabajo_ult,011,0.0,0.058,0.057,EXCLUIDA_NO_EN_OLA1
tendencia_pol,011,0.0,0.219,0.226,EXCLUIDA_NO_EN_OLA1
tener_hijo,011,0.0,0.084,0.118,EXCLUIDA_NO_EN_OLA1
termin_bachiller,011,0.0,0.084,0.118,EXCLUIDA_NO_EN_OLA1
terminar_carrera,011,0.0,0.084,0.118,EXCLUIDA_NO_EN_OLA1
tiempo_desemp,011,0.0,0.05,0.035,EXCLUIDA_NO_EN_OLA1
tiempo_ncotiza,011,0.0,0.041,0.033,EXCLUIDA_NO_EN_OLA1
tiempo_trab,011,0.0,0.045,0.058,EXCLUIDA_NO_EN_OLA1
tiene_contrato1,011,0.0,0.125,0.112,EXCLUIDA_NO_EN_OLA1
tiene_contrato2,011,0.0,0.021,0.016,EXCLUIDA_NO_EN_OLA1
tiene_cuenta,011,0.0,0.38,0.39,EXCLUIDA_NO_EN_OLA1
tipo_contrato,011,0.0,0.144,0.148,EXCLUIDA_NO_EN_OLA1
tipo_contrato1,011,0.0,0.011,0.013,EXCLUIDA_NO_EN_OLA1
tot_trabajos,011,0.0,0.127,0.119,EXCLUIDA_NO_EN_OLA1
total_fuma,011,0.0,0.045,0.038,EXCLUIDA_NO_EN_OLA1
trabajo_estable,011,0.0,0.084,0.118,EXCLUIDA_NO_EN_OLA1
trabajo_ult3,011,0.0,0.061,0.063,EXCLUIDA_NO_EN_OLA1
tratar_problema,011,0.0,0.178,0.15,EXCLUIDA_NO_EN_OLA1
trombosis,011,0.0,0.395,0.391,EXCLUIDA_NO_EN_OLA1
tuberculosis,011,0.0,0.395,0.391,EXCLUIDA_NO_EN_OLA1
ulcera,011,0.0,0.395,0.391,EXCLUIDA_NO_EN_OLA1
ult_hosp_cual,011,0.001,0.128,0.574,EXCLUIDA_NO_EN_OLA1
uso_violencia,011,0.0,0.219,0.226,EXCLUIDA_NO_EN_OLA1
vacaciones,011,0.0,0.144,0.148,EXCLUIDA_NO_EN_OLA1
vacaciones1,011,0.0,0.011,0.013,EXCLUIDA_NO_EN_OLA1
vig_t_dia,011,0.0,0.015,0.016,EXCLUIDA_NO_EN_OLA1
vigorosa,011,0.0,0.203,0.206,EXCLUIDA_NO_EN_OLA1
vigorosa_dias,011,0.0,0.016,0.017,EXCLUIDA_NO_EN_OLA1
vigorosa_tiempo,011,0.0,0.016,0.017,EXCLUIDA_NO_EN_OLA1
violar_ley,011,0.0,0.219,0.226,EXCLUIDA_NO_EN_OLA1
voto_alcaldia,011,0.0,0.219,0.226,EXCLUIDA_NO_EN_OLA1
voto_candidato,011,0.0,0.163,0.178,EXCLUIDA_NO_EN_OLA1
voto_enmpio,011,0.0,0.167,0.183,EXCLUIDA_NO_EN_OLA1
voto_ofrecido,011,0.0,0.132,0.226,EXCLUIDA_NO_EN_OLA1
voto_partido,011,0.0,0.167,0.183,EXCLUIDA_NO_EN_OLA1
voto_popular,011,0.0,0.219,0.226,EXCLUIDA_NO_EN_OLA1
voto_secreto,011,0.0,0.219,0.226,EXCLUIDA_NO_EN_OLA1
vr_aleatorio,011,0.0,0.219,0.242,EXCLUIDA_NO_EN_OLA1
vr_ganancia1,011,0.0,0.076,0.068,EXCLUIDA_NO_EN_OLA1
vr_ganancia2,011,0.0,0.017,0.012,EXCLUIDA_NO_EN_OLA1
vr_salario1,011,0.0,0.047,0.043,EXCLUIDA_NO_EN_OLA1
aceptar_trabajo,100,0.045,0.0,0.0,EXCLUIDA_NO_EN_OLA2
act_cotidiana,100,0.392,0.0,0.0,EXCLUIDA_NO_EN_OLA2
afiliado_fp_pt,100,0.114,0.0,0.0,EXCLUIDA_NO_EN_OLA2
ahorro_event,100,0.053,0.0,0.0,EXCLUIDA_NO_EN_OLA2
angustia,100,0.392,0.0,0.0,EXCLUIDA_NO_EN_OLA2
ano_duro,100,0.149,0.0,0.0,EXCLUIDA_NO_EN_OLA2
ano_inicio,101,0.054,0.008,0.014,EXCLUIDA_NO_EN_OLA2
ano_nac_m,100,0.504,0.0,0.0,EXCLUIDA_NO_EN_OLA2
ano_nac_p,100,0.661,0.0,0.0,EXCLUIDA_NO_EN_OLA2
ano_retiro,100,0.017,0.0,0.0,EXCLUIDA_NO_EN_OLA2
anos_primert,100,0.114,0.0,0.0,EXCLUIDA_NO_EN_OLA2
anos_retiro,100,0.025,0.0,0.0,EXCLUIDA_NO_EN_OLA2
anos_trabajo,100,0.149,0.0,0.0,EXCLUIDA_NO_EN_OLA2
artritis_m,100,0.235,0.0,0.0,EXCLUIDA_NO_EN_OLA2
artritis_p,100,0.204,0.0,0.0,EXCLUIDA_NO_EN_OLA2
asma_m,100,0.235,0.0,0.0,EXCLUIDA_NO_EN_OLA2
asma_p,100,0.204,0.0,0.0,EXCLUIDA_NO_EN_OLA2
beca_periodicidad,100,0.019,0.0,0.0,EXCLUIDA_NO_EN_OLA2
beneficiario_1,100,0.014,0.0,0.0,EXCLUIDA_NO_EN_OLA2
bronquitis_m,100,0.235,0.0,0.0,EXCLUIDA_NO_EN_OLA2
bronquitis_p,100,0.204,0.0,0.0,EXCLUIDA_NO_EN_OLA2
bustrab_fh,100,0.183,0.0,0.0,EXCLUIDA_NO_EN_OLA2
bustrab_fh1,100,0.017,0.0,0.0,EXCLUIDA_NO_EN_OLA2
bustrab_fh10,100,0.017,0.0,0.0,EXCLUIDA_NO_EN_OLA2
bustrab_fh11,100,0.017,0.0,0.0,EXCLUIDA_NO_EN_OLA2
bustrab_fh12,100,0.017,0.0,0.0,EXCLUIDA_NO_EN_OLA2
bustrab_fh2,100,0.017,0.0,0.0,EXCLUIDA_NO_EN_OLA2
bustrab_fh3,100,0.017,0.0,0.0,EXCLUIDA_NO_EN_OLA2
bustrab_fh4,100,0.017,0.0,0.0,EXCLUIDA_NO_EN_OLA2
bustrab_fh5,100,0.017,0.0,0.0,EXCLUIDA_NO_EN_OLA2
bustrab_fh6,100,0.017,0.0,0.0,EXCLUIDA_NO_EN_OLA2
bustrab_fh7,100,0.017,0.0,0.0,EXCLUIDA_NO_EN_OLA2
bustrab_fh8,100,0.017,0.0,0.0,EXCLUIDA_NO_EN_OLA2
bustrab_fh9,100,0.017,0.0,0.0,EXCLUIDA_NO_EN_OLA2
cabecera_nac,100,0.199,0.0,0.0,EXCLUIDA_NO_EN_OLA2
cabecera_vivia,100,0.133,0.0,0.0,EXCLUIDA_NO_EN_OLA2
cabecera_vivia5,100,0.391,0.0,0.0,EXCLUIDA_NO_EN_OLA2
califica_salud,100,0.392,0.0,0.0,EXCLUIDA_NO_EN_OLA2
cancer_m,100,0.235,0.0,0.0,EXCLUIDA_NO_EN_OLA2
cancer_p,100,0.204,0.0,0.0,EXCLUIDA_NO_EN_OLA2
cargo1,100,0.018,0.0,0.0,EXCLUIDA_NO_EN_OLA2
cargo10,100,0.018,0.0,0.0,EXCLUIDA_NO_EN_OLA2
cargo11,100,0.018,0.0,0.0,EXCLUIDA_NO_EN_OLA2
cargo12,100,0.018,0.0,0.0,EXCLUIDA_NO_EN_OLA2
cargo2,100,0.018,0.0,0.0,EXCLUIDA_NO_EN_OLA2
cargo3,100,0.018,0.0,0.0,EXCLUIDA_NO_EN_OLA2
cargo4,100,0.018,0.0,0.0,EXCLUIDA_NO_EN_OLA2
cargo5,100,0.018,0.0,0.0,EXCLUIDA_NO_EN_OLA2
cargo6,100,0.018,0.0,0.0,EXCLUIDA_NO_EN_OLA2
cargo7,100,0.018,0.0,0.0,EXCLUIDA_NO_EN_OLA2
cargo8,100,0.018,0.0,0.0,EXCLUIDA_NO_EN_OLA2
cargo9,100,0.018,0.0,0.0,EXCLUIDA_NO_EN_OLA2
cargo_cr,100,0.183,0.0,0.0,EXCLUIDA_NO_EN_OLA2
cerebral_m,100,0.235,0.0,0.0,EXCLUIDA_NO_EN_OLA2
cerebral_p,100,0.204,0.0,0.0,EXCLUIDA_NO_EN_OLA2
cod_oficio,100,0.141,0.0,0.0,EXCLUIDA_NO_EN_OLA2
cod_oficio2_ta,100,0.148,0.0,0.0,EXCLUIDA_NO_EN_OLA2
cod_oficio_trabajaba,100,0.148,0.0,0.0,EXCLUIDA_NO_EN_OLA2
cod_programa_1,100,0.014,0.0,0.0,EXCLUIDA_NO_EN_OLA2
cod_rama,100,0.184,0.0,0.0,EXCLUIDA_NO_EN_OLA2
cod_rama1,100,0.184,0.0,0.0,EXCLUIDA_NO_EN_OLA2
cod_rama1_ta,100,0.149,0.0,0.0,EXCLUIDA_NO_EN_OLA2
cod_rama_trabajaba,100,0.149,0.0,0.0,EXCLUIDA_NO_EN_OLA2
contabilidad,100,0.141,0.0,0.0,EXCLUIDA_NO_EN_OLA2
corazon_m,100,0.235,0.0,0.0,EXCLUIDA_NO_EN_OLA2
corazon_p,100,0.204,0.0,0.0,EXCLUIDA_NO_EN_OLA2
coronaria_m,100,0.235,0.0,0.0,EXCLUIDA_NO_EN_OLA2
coronaria_p,100,0.204,0.0,0.0,EXCLUIDA_NO_EN_OLA2
cotiza_fp,100,0.392,0.0,0.0,EXCLUIDA_NO_EN_OLA2
cr_activ1_ma,100,0.189,0.0,0.0,EXCLUIDA_NO_EN_OLA2
cr_activ1_no,100,0.189,0.0,0.0,EXCLUIDA_NO_EN_OLA2
cr_activ1_ta,100,0.189,0.0,0.0,EXCLUIDA_NO_EN_OLA2
cr_activ2_ma,100,0.189,0.0,0.0,EXCLUIDA_NO_EN_OLA2
cr_activ2_no,100,0.189,0.0,0.0,EXCLUIDA_NO_EN_OLA2
cr_activ2_ta,100,0.189,0.0,0.0,EXCLUIDA_NO_EN_OLA2
cr_activ3_ma,100,0.187,0.0,0.0,EXCLUIDA_NO_EN_OLA2
cr_activ3_no,100,0.076,0.0,0.0,EXCLUIDA_NO_EN_OLA2
cr_activ3_ta,100,0.186,0.0,0.0,EXCLUIDA_NO_EN_OLA2
cr_activ4_ma,100,0.158,0.0,0.0,EXCLUIDA_NO_EN_OLA2
cr_activ4_no,100,0.075,0.0,0.0,EXCLUIDA_NO_EN_OLA2
cr_activ4_ta,100,0.153,0.0,0.0,EXCLUIDA_NO_EN_OLA2
cr_activ5_ma,100,0.096,0.0,0.0,EXCLUIDA_NO_EN_OLA2
cr_activ5_no,100,0.016,0.0,0.0,EXCLUIDA_NO_EN_OLA2
cr_activ5_ta,100,0.081,0.0,0.0,EXCLUIDA_NO_EN_OLA2
cr_activ6_ma,100,0.036,0.0,0.0,EXCLUIDA_NO_EN_OLA2
cr_activ6_ta,100,0.03,0.0,0.0,EXCLUIDA_NO_EN_OLA2
cr_asisteorg1,100,0.079,0.0,0.0,EXCLUIDA_NO_EN_OLA2
cr_asisteorg2,100,0.011,0.0,0.0,EXCLUIDA_NO_EN_OLA2
cr_ganaba_in,100,0.145,0.0,0.0,EXCLUIDA_NO_EN_OLA2
crlider_org1,100,0.073,0.0,0.0,EXCLUIDA_NO_EN_OLA2
cuando_monto,100,0.253,0.0,0.0,EXCLUIDA_NO_EN_OLA2
cuantas_unionesm,100,0.08,0.0,0.0,EXCLUIDA_NO_EN_OLA2
cuidado_personal,100,0.392,0.0,0.0,EXCLUIDA_NO_EN_OLA2
dejo_trabajo,100,0.103,0.0,0.0,EXCLUIDA_NO_EN_OLA2
depresion_m,100,0.235,0.0,0.0,EXCLUIDA_NO_EN_OLA2
depresion_p,100,0.204,0.0,0.0,EXCLUIDA_NO_EN_OLA2
des_oficio2_ta,100,0.148,0.0,0.0,EXCLUIDA_NO_EN_OLA2
des_rama1_ta,100,0.148,0.0,0.0,EXCLUIDA_NO_EN_OLA2
des_rama_trabajaba,100,0.149,0.0,0.0,EXCLUIDA_NO_EN_OLA2
descrip_rama,100,0.184,0.0,0.0,EXCLUIDA_NO_EN_OLA2
descripcion_ciiu_2digitos,100,0.141,0.0,0.0,EXCLUIDA_NO_EN_OLA2
descripcion_cno,100,0.14,0.0,0.0,EXCLUIDA_NO_EN_OLA2
descripcion_cno_2digitos,100,0.141,0.0,0.0,EXCLUIDA_NO_EN_OLA2
desde_edad_1,100,0.012,0.0,0.0,EXCLUIDA_NO_EN_OLA2
desempleado,100,0.141,0.0,0.0,EXCLUIDA_NO_EN_OLA2
diabetes_m,100,0.235,0.0,0.0,EXCLUIDA_NO_EN_OLA2
diabetes_p,100,0.204,0.0,0.0,EXCLUIDA_NO_EN_OLA2
dif_ninguna,100,0.198,0.0,0.0,EXCLUIDA_NO_EN_OLA2
disp_pagar_vr,100,0.062,0.0,0.0,EXCLUIDA_NO_EN_OLA2
disp_recibir,100,0.133,0.0,0.0,EXCLUIDA_NO_EN_OLA2
edad_hijo_mayor,100,0.288,0.0,0.0,EXCLUIDA_NO_EN_OLA2
edad_hijo_mayora,100,0.023,0.0,0.0,EXCLUIDA_NO_EN_OLA2
edad_hijo_mayorm,100,0.023,0.0,0.0,EXCLUIDA_NO_EN_OLA2
edad_primert,100,0.114,0.0,0.0,EXCLUIDA_NO_EN_OLA2
edad_retirot,100,0.148,0.0,0.0,EXCLUIDA_NO_EN_OLA2
edad_tenia_ds,100,0.015,0.0,0.0,EXCLUIDA_NO_EN_OLA2
educ_madre,100,0.504,0.0,0.0,EXCLUIDA_NO_EN_OLA2
educ_padre,100,0.661,0.0,0.0,EXCLUIDA_NO_EN_OLA2
empleo2,100,0.141,0.0,0.0,EXCLUIDA_NO_EN_OLA2
empleo2_ta,100,0.149,0.0,0.0,EXCLUIDA_NO_EN_OLA2
enfermedad_m,100,0.504,0.0,0.0,EXCLUIDA_NO_EN_OLA2
enfermedad_p,100,0.661,0.0,0.0,EXCLUIDA_NO_EN_OLA2
espalda_m,100,0.235,0.0,0.0,EXCLUIDA_NO_EN_OLA2
espalda_p,100,0.204,0.0,0.0,EXCLUIDA_NO_EN_OLA2
estaba_fp,100,0.149,0.0,0.0,EXCLUIDA_NO_EN_OLA2
estaba_sss,100,0.149,0.0,0.0,EXCLUIDA_NO_EN_OLA2
ev_ning,100,0.593,0.0,0.0,EXCLUIDA_NO_EN_OLA2
fexpers,100,1.0,0.0,0.0,EXCLUIDA_NO_EN_OLA2
fpers,100,1.0,0.0,0.0,EXCLUIDA_NO_EN_OLA2
fue_jornalero,100,0.183,0.0,0.0,EXCLUIDA_NO_EN_OLA2
fue_jornalero1,100,0.052,0.0,0.0,EXCLUIDA_NO_EN_OLA2
fue_jornalero10,100,0.052,0.0,0.0,EXCLUIDA_NO_EN_OLA2
fue_jornalero11,100,0.052,0.0,0.0,EXCLUIDA_NO_EN_OLA2
fue_jornalero12,100,0.052,0.0,0.0,EXCLUIDA_NO_EN_OLA2
fue_jornalero2,100,0.052,0.0,0.0,EXCLUIDA_NO_EN_OLA2
fue_jornalero3,100,0.052,0.0,0.0,EXCLUIDA_NO_EN_OLA2
fue_jornalero4,100,0.052,0.0,0.0,EXCLUIDA_NO_EN_OLA2
fue_jornalero5,100,0.052,0.0,0.0,EXCLUIDA_NO_EN_OLA2
fue_jornalero6,100,0.052,0.0,0.0,EXCLUIDA_NO_EN_OLA2
fue_jornalero7,100,0.052,0.0,0.0,EXCLUIDA_NO_EN_OLA2
fue_jornalero8,100,0.052,0.0,0.0,EXCLUIDA_NO_EN_OLA2
fue_jornalero9,100,0.052,0.0,0.0,EXCLUIDA_NO_EN_OLA2
fundo_negocio,100,0.062,0.003,0.0,EXCLUIDA_NO_EN_OLA2
gastritis_m,100,0.235,0.0,0.0,EXCLUIDA_NO_EN_OLA2
gastritis_p,100,0.204,0.0,0.0,EXCLUIDA_NO_EN_OLA2
hijos_hombres_unionm,100,0.332,0.0,0.0,EXCLUIDA_NO_EN_OLA2
hijos_mujeres_unionm,100,0.332,0.0,0.0,EXCLUIDA_NO_EN_OLA2
hor_aactv1_ma,100,0.189,0.0,0.0,EXCLUIDA_NO_EN_OLA2
hor_aactv1_no,100,0.189,0.0,0.0,EXCLUIDA_NO_EN_OLA2
hor_aactv1_ta,100,0.189,0.0,0.0,EXCLUIDA_NO_EN_OLA2
hor_aactv2_ma,100,0.187,0.0,0.0,EXCLUIDA_NO_EN_OLA2
hor_aactv2_no,100,0.164,0.0,0.0,EXCLUIDA_NO_EN_OLA2
hor_aactv2_ta,100,0.186,0.0,0.0,EXCLUIDA_NO_EN_OLA2
hor_aactv3_ma,100,0.158,0.0,0.0,EXCLUIDA_NO_EN_OLA2
hor_aactv3_no,100,0.075,0.0,0.0,EXCLUIDA_NO_EN_OLA2
hor_aactv3_ta,100,0.153,0.0,0.0,EXCLUIDA_NO_EN_OLA2
hor_aactv4_ma,100,0.096,0.0,0.0,EXCLUIDA_NO_EN_OLA2
hor_aactv4_no,100,0.016,0.0,0.0,EXCLUIDA_NO_EN_OLA2
hor_aactv4_ta,100,0.081,0.0,0.0,EXCLUIDA_NO_EN_OLA2
hor_aactv5_ma,100,0.036,0.0,0.0,EXCLUIDA_NO_EN_OLA2
hor_aactv5_ta,100,0.03,0.0,0.0,EXCLUIDA_NO_EN_OLA2
horas_2,100,0.012,0.0,0.0,EXCLUIDA_NO_EN_OLA2
horas_conseguir_t,100,0.012,0.0,0.0,EXCLUIDA_NO_EN_OLA2
horas_normal_pt,100,0.114,0.0,0.0,EXCLUIDA_NO_EN_OLA2
horas_normal_ta,100,0.149,0.0,0.0,EXCLUIDA_NO_EN_OLA2
id_dpto_vivia,100,0.128,0.0,0.0,EXCLUIDA_NO_EN_OLA2
id_dpto_vivia5,100,0.042,0.0,0.0,EXCLUIDA_NO_EN_OLA2
id_mpio_vivia,100,0.128,0.0,0.0,EXCLUIDA_NO_EN_OLA2
id_mpio_vivia5,100,0.042,0.0,0.0,EXCLUIDA_NO_EN_OLA2
inc_libros,100,0.039,0.0,0.0,EXCLUIDA_NO_EN_OLA2
inc_otros,100,0.039,0.0,0.0,EXCLUIDA_NO_EN_OLA2
inc_salidasp,100,0.039,0.0,0.0,EXCLUIDA_NO_EN_OLA2
inc_solom,100,0.039,0.0,0.0,EXCLUIDA_NO_EN_OLA2
incapac_perm,100,0.189,0.0,0.0,EXCLUIDA_NO_EN_OLA2
informante,100,0.392,0.0,0.0,EXCLUIDA_NO_EN_OLA2
ing_hextras,100,0.043,0.0,0.0,EXCLUIDA_NO_EN_OLA2
lugar_nacimiento,100,0.593,0.0,0.0,EXCLUIDA_NO_EN_OLA2
lugar_vivia,100,0.392,0.0,0.0,EXCLUIDA_NO_EN_OLA2
lugar_vivia5,100,0.392,0.0,0.0,EXCLUIDA_NO_EN_OLA2
malestar,100,0.392,0.0,0.0,EXCLUIDA_NO_EN_OLA2
medio_busco,100,0.017,0.01,0.009,EXCLUIDA_NO_EN_OLA2
mes_inicio,101,0.054,0.008,0.014,EXCLUIDA_NO_EN_OLA2
mes_retiro,100,0.017,0.0,0.0,EXCLUIDA_NO_EN_OLA2
meses_busc_trab,100,0.052,0.0,0.0,EXCLUIDA_NO_EN_OLA2
meses_dejo_trab,100,0.052,0.0,0.0,EXCLUIDA_NO_EN_OLA2
meses_duro,100,0.149,0.0,0.0,EXCLUIDA_NO_EN_OLA2
meses_retiro,100,0.025,0.0,0.0,EXCLUIDA_NO_EN_OLA2
min_activ1_ma,100,0.189,0.0,0.0,EXCLUIDA_NO_EN_OLA2
min_activ1_no,100,0.189,0.0,0.0,EXCLUIDA_NO_EN_OLA2
min_activ1_ta,100,0.189,0.0,0.0,EXCLUIDA_NO_EN_OLA2
min_activ2_ma,100,0.187,0.0,0.0,EXCLUIDA_NO_EN_OLA2
min_activ2_no,100,0.164,0.0,0.0,EXCLUIDA_NO_EN_OLA2
min_activ2_ta,100,0.186,0.0,0.0,EXCLUIDA_NO_EN_OLA2
min_activ3_ma,100,0.158,0.0,0.0,EXCLUIDA_NO_EN_OLA2
min_activ3_no,100,0.075,0.0,0.0,EXCLUIDA_NO_EN_OLA2
min_activ3_ta,100,0.153,0.0,0.0,EXCLUIDA_NO_EN_OLA2
min_activ4_ma,100,0.096,0.0,0.0,EXCLUIDA_NO_EN_OLA2
min_activ4_no,100,0.016,0.0,0.0,EXCLUIDA_NO_EN_OLA2
min_activ4_ta,100,0.081,0.0,0.0,EXCLUIDA_NO_EN_OLA2
min_activ5_ma,100,0.036,0.0,0.0,EXCLUIDA_NO_EN_OLA2
min_activ5_ta,100,0.03,0.0,0.0,EXCLUIDA_NO_EN_OLA2
movilidad,100,0.392,0.0,0.0,EXCLUIDA_NO_EN_OLA2
n_empleados_pt,100,0.067,0.0,0.0,EXCLUIDA_NO_EN_OLA2
n_empleados_tenia,100,0.074,0.0,0.0,EXCLUIDA_NO_EN_OLA2
nhoras_org1,100,0.073,0.0,0.0,EXCLUIDA_NO_EN_OLA2
nombre_empresa,100,0.141,0.0,0.0,EXCLUIDA_NO_EN_OLA2
noprof_enfe,100,0.024,0.0,0.0,EXCLUIDA_NO_EN_OLA2
noson_hogar,100,0.035,0.0,0.0,EXCLUIDA_NO_EN_OLA2
ocupacion_pt,100,0.114,0.0,0.0,EXCLUIDA_NO_EN_OLA2
ocupacion_tenia,100,0.149,0.0,0.0,EXCLUIDA_NO_EN_OLA2
oficio_trabajaba,100,0.148,0.0,0.0,EXCLUIDA_NO_EN_OLA2
orden_pariente,100,1.0,0.0,0.0,EXCLUIDA_NO_EN_OLA2
org_ninguna,100,0.392,0.0,0.0,EXCLUIDA_NO_EN_OLA2
otras_unionesm,100,0.369,0.0,0.0,EXCLUIDA_NO_EN_OLA2
pago_bono,100,0.115,0.0,0.0,EXCLUIDA_NO_EN_OLA2
pago_complem,100,0.115,0.0,0.0,EXCLUIDA_NO_EN_OLA2
pago_matricula,100,0.115,0.0,0.0,EXCLUIDA_NO_EN_OLA2
pago_pension,100,0.115,0.0,0.0,EXCLUIDA_NO_EN_OLA2
pago_uniformes,100,0.115,0.0,0.0,EXCLUIDA_NO_EN_OLA2
pago_utiles,100,0.115,0.0,0.0,EXCLUIDA_NO_EN_OLA2
pariente,100,1.0,0.0,0.0,EXCLUIDA_NO_EN_OLA2
pinc_aliment,100,0.014,0.0,0.0,EXCLUIDA_NO_EN_OLA2
pinc_otros,100,0.014,0.0,0.0,EXCLUIDA_NO_EN_OLA2
pinc_solop,100,0.014,0.0,0.0,EXCLUIDA_NO_EN_OLA2
pinc_transp,100,0.014,0.0,0.0,EXCLUIDA_NO_EN_OLA2
porcentaje_participacion,100,0.062,0.003,0.0,EXCLUIDA_NO_EN_OLA2
ppt,100,0.114,0.0,0.0,EXCLUIDA_NO_EN_OLA2
presion_m,100,0.235,0.0,0.0,EXCLUIDA_NO_EN_OLA2
presion_p,100,0.204,0.0,0.0,EXCLUIDA_NO_EN_OLA2
prev_nousa,100,0.593,0.0,0.0,EXCLUIDA_NO_EN_OLA2
proyecto,100,0.014,0.0,0.0,EXCLUIDA_NO_EN_OLA2
pta,100,0.149,0.0,0.0,EXCLUIDA_NO_EN_OLA2
ptd_org1,100,0.073,0.0,0.0,EXCLUIDA_NO_EN_OLA2
razon_jornalero,100,0.052,0.0,0.0,EXCLUIDA_NO_EN_OLA2
razon_llego,100,0.051,0.0,0.0,EXCLUIDA_NO_EN_OLA2
razon_noahorra,100,0.251,0.0,0.0,EXCLUIDA_NO_EN_OLA2
razon_novivia,100,0.117,0.0,0.0,EXCLUIDA_NO_EN_OLA2
razon_nsfinan,100,0.039,0.0,0.0,EXCLUIDA_NO_EN_OLA2
razon_retiro_in,100,0.149,0.0,0.0,EXCLUIDA_NO_EN_OLA2
razon_retiro_pt,100,0.114,0.0,0.0,EXCLUIDA_NO_EN_OLA2
rec_nada,100,0.115,0.0,0.0,EXCLUIDA_NO_EN_OLA2
recibia_pt,100,0.107,0.0,0.0,EXCLUIDA_NO_EN_OLA2
regimen,101,0.369,0.0,0.356,EXCLUIDA_NO_EN_OLA2
rinon_m,100,0.235,0.0,0.0,EXCLUIDA_NO_EN_OLA2
rinon_p,100,0.204,0.0,0.0,EXCLUIDA_NO_EN_OLA2
sindicato,100,0.392,0.0,0.0,EXCLUIDA_NO_EN_OLA2
sss,100,0.032,0.0,0.0,EXCLUIDA_NO_EN_OLA2
sss_porque,100,0.137,0.0,0.0,EXCLUIDA_NO_EN_OLA2
sss_pt,100,0.114,0.0,0.0,EXCLUIDA_NO_EN_OLA2
sub_aliment,100,0.043,0.0,0.0,EXCLUIDA_NO_EN_OLA2
sub_familiar,100,0.043,0.0,0.0,EXCLUIDA_NO_EN_OLA2
sub_transp,100,0.043,0.0,0.0,EXCLUIDA_NO_EN_OLA2
t_abr,100,0.016,0.0,0.0,EXCLUIDA_NO_EN_OLA2
t_act_cotidiana,100,0.022,0.0,0.0,EXCLUIDA_NO_EN_OLA2
t_ago,100,0.016,0.0,0.0,EXCLUIDA_NO_EN_OLA2
t_angustia,100,0.077,0.0,0.0,EXCLUIDA_NO_EN_OLA2
t_dejo_trabajar,100,0.045,0.0,0.0,EXCLUIDA_NO_EN_OLA2
t_dic,100,0.016,0.0,0.0,EXCLUIDA_NO_EN_OLA2
t_ene,100,0.016,0.0,0.0,EXCLUIDA_NO_EN_OLA2
t_este_hogar,100,0.043,0.0,0.0,EXCLUIDA_NO_EN_OLA2
t_feb,100,0.016,0.0,0.0,EXCLUIDA_NO_EN_OLA2
t_jul,100,0.016,0.0,0.0,EXCLUIDA_NO_EN_OLA2
t_jun,100,0.016,0.0,0.0,EXCLUIDA_NO_EN_OLA2
t_malestar,100,0.105,0.0,0.0,EXCLUIDA_NO_EN_OLA2
t_mar,100,0.016,0.0,0.0,EXCLUIDA_NO_EN_OLA2
t_may,100,0.016,0.0,0.0,EXCLUIDA_NO_EN_OLA2
t_movilidad,100,0.038,0.0,0.0,EXCLUIDA_NO_EN_OLA2
t_nov,100,0.016,0.0,0.0,EXCLUIDA_NO_EN_OLA2
t_oct,100,0.016,0.0,0.0,EXCLUIDA_NO_EN_OLA2
t_sep,100,0.016,0.0,0.0,EXCLUIDA_NO_EN_OLA2
t_tod,100,0.043,0.0,0.0,EXCLUIDA_NO_EN_OLA2
tam_empresa,100,0.141,0.0,0.0,EXCLUIDA_NO_EN_OLA2
tamano_pt,100,0.114,0.0,0.0,EXCLUIDA_NO_EN_OLA2
tamano_tenia,100,0.149,0.0,0.0,EXCLUIDA_NO_EN_OLA2
tiempo_anos,100,0.369,0.0,0.0,EXCLUIDA_NO_EN_OLA2
tiempo_meses,100,0.369,0.0,0.0,EXCLUIDA_NO_EN_OLA2
trabajo_antes,100,0.158,0.0,0.0,EXCLUIDA_NO_EN_OLA2
trabajo_madre,100,0.504,0.0,0.0,EXCLUIDA_NO_EN_OLA2
trabajo_padre,100,0.661,0.0,0.0,EXCLUIDA_NO_EN_OLA2
trabajo_ultimo12,100,0.183,0.0,0.0,EXCLUIDA_NO_EN_OLA2
trabajo_ultimo12_cuantos,100,0.043,0.0,0.0,EXCLUIDA_NO_EN_OLA2
tratar_enfe,100,0.094,0.0,0.0,EXCLUIDA_NO_EN_OLA2
tratar_odon,100,0.013,0.0,0.0,EXCLUIDA_NO_EN_OLA2
vih_m,100,0.235,0.0,0.0,EXCLUIDA_NO_EN_OLA2
vih_p,100,0.204,0.0,0.0,EXCLUIDA_NO_EN_OLA2
vivia_con,100,0.392,0.0,0.0,EXCLUIDA_NO_EN_OLA2
vivido_otro5,100,0.051,0.0,0.0,EXCLUIDA_NO_EN_OLA2
vivido_siempre5,100,0.345,0.0,0.0,EXCLUIDA_NO_EN_OLA2
vr_alimentos_pago,100,0.015,0.0,0.0,EXCLUIDA_NO_EN_OLA2
vr_beca,100,0.019,0.0,0.0,EXCLUIDA_NO_EN_OLA2
vr_bonos,100,0.029,0.0,0.0,EXCLUIDA_NO_EN_OLA2
vr_complem,100,0.029,0.0,0.0,EXCLUIDA_NO_EN_OLA2
vr_empleo2,100,0.011,0.0,0.0,EXCLUIDA_NO_EN_OLA2
vr_enfe,100,0.094,0.0,0.0,EXCLUIDA_NO_EN_OLA2
vr_ganaba_in,100,0.025,0.0,0.0,EXCLUIDA_NO_EN_OLA2
vr_ingmen_ase,100,0.062,0.0,0.0,EXCLUIDA_NO_EN_OLA2
vr_matricula,100,0.039,0.0,0.0,EXCLUIDA_NO_EN_OLA2
vr_negocio,100,0.062,0.0,0.0,EXCLUIDA_NO_EN_OLA2
vr_odon,100,0.013,0.0,0.0,EXCLUIDA_NO_EN_OLA2
vr_pension,100,0.014,0.0,0.0,EXCLUIDA_NO_EN_OLA2
vr_recibia_pt,100,0.012,0.0,0.0,EXCLUIDA_NO_EN_OLA2
vr_salario_acep,100,0.022,0.0,0.0,EXCLUIDA_NO_EN_OLA2
vr_salario_disp,100,0.017,0.0,0.0,EXCLUIDA_NO_EN_OLA2
vr_subalimentacion,100,0.03,0.0,0.0,EXCLUIDA_NO_EN_OLA2
vr_subfamiliar,100,0.032,0.0,0.0,EXCLUIDA_NO_EN_OLA2
vr_subtransporte,100,0.031,0.0,0.0,EXCLUIDA_NO_EN_OLA2
vr_ult_hosp,100,0.056,0.0,0.0,EXCLUIDA_NO_EN_OLA2
vr_uniformes,100,0.076,0.0,0.0,EXCLUIDA_NO_EN_OLA2
vr_utiles,100,0.099,0.0,0.0,EXCLUIDA_NO_EN_OLA2
vr_vivienda_pago,100,0.012,0.0,0.0,EXCLUIDA_NO_EN_OLA2
asist_agremia,000,0.0,0.01,0.01,EXCLUIDA_OTRO_PATRON
crlider_org2,000,0.01,0.0,0.0,EXCLUIDA_OTRO_PATRON
es_buscatrabajo,000,0.0,0.0,0.01,EXCLUIDA_OTRO_PATRON
nhoras_org2,000,0.01,0.0,0.0,EXCLUIDA_OTRO_PATRON
pareja_embarazo,000,0.0,0.0,0.01,EXCLUIDA_OTRO_PATRON
primer_busca,000,0.0,0.0,0.01,EXCLUIDA_OTRO_PATRON
ptd_org2,000,0.01,0.0,0.0,EXCLUIDA_OTRO_PATRON
_merge,001,0.0,0.0,0.46,EXCLUIDA_SOLO_OLA3
activ_especfq10,001,0.0,0.0,0.46,EXCLUIDA_SOLO_OLA3
activ_especfq20,001,0.0,0.0,0.46,EXCLUIDA_SOLO_OLA3
activ_especfq30,001,0.0,0.0,0.46,EXCLUIDA_SOLO_OLA3
activ_especfq40,001,0.0,0.0,0.46,EXCLUIDA_SOLO_OLA3
activ_especfq50,001,0.0,0.0,0.46,EXCLUIDA_SOLO_OLA3
adq_otra_cual,001,0.0,0.0,0.755,EXCLUIDA_SOLO_OLA3
ano_hijo1h,001,0.0,0.0,0.13,EXCLUIDA_SOLO_OLA3
ano_hijo1m,001,0.0,0.0,0.128,EXCLUIDA_SOLO_OLA3
ano_hijo2h,001,0.0,0.0,0.057,EXCLUIDA_SOLO_OLA3
ano_hijo2m,001,0.0,0.0,0.054,EXCLUIDA_SOLO_OLA3
ano_hijo3h,001,0.0,0.0,0.022,EXCLUIDA_SOLO_OLA3
ano_hijo3m,001,0.0,0.0,0.018,EXCLUIDA_SOLO_OLA3
ano_mig2010,001,0.0,0.0,0.034,EXCLUIDA_SOLO_OLA3
ano_mig2013,001,0.0,0.0,0.024,EXCLUIDA_SOLO_OLA3
asiste,001,0.0,0.0,0.074,EXCLUIDA_SOLO_OLA3
banca_movil,001,0.0,0.0,0.117,EXCLUIDA_SOLO_OLA3
beca_pilopaga,001,0.0,0.0,0.053,EXCLUIDA_SOLO_OLA3
cno2_oficio2014,001,0.0,0.0,0.148,EXCLUIDA_SOLO_OLA3
comes_amigos,001,0.0,0.0,0.118,EXCLUIDA_SOLO_OLA3
comes_empleada,001,0.0,0.0,0.118,EXCLUIDA_SOLO_OLA3
comes_familiar,001,0.0,0.0,0.118,EXCLUIDA_SOLO_OLA3
comes_fuera,001,0.0,0.0,0.118,EXCLUIDA_SOLO_OLA3
comes_hermano,001,0.0,0.0,0.118,EXCLUIDA_SOLO_OLA3
comes_mama,001,0.0,0.0,0.118,EXCLUIDA_SOLO_OLA3
comes_papa,001,0.0,0.0,0.118,EXCLUIDA_SOLO_OLA3
comes_solo,001,0.0,0.0,0.118,EXCLUIDA_SOLO_OLA3
conocen_amigos,001,0.0,0.0,0.118,EXCLUIDA_SOLO_OLA3
controla_proyectos,001,0.0,0.0,0.088,EXCLUIDA_SOLO_OLA3
cr_ayudas_entgob,001,0.0,0.0,0.391,EXCLUIDA_SOLO_OLA3
cr_ayudas_entpriv,001,0.0,0.0,0.391,EXCLUIDA_SOLO_OLA3
cr_palimenticia,001,0.0,0.0,0.391,EXCLUIDA_SOLO_OLA3
cr_pensiones,001,0.0,0.0,0.391,EXCLUIDA_SOLO_OLA3
cree_migrar,001,0.0,0.0,0.118,EXCLUIDA_SOLO_OLA3
edad_tot_meses,001,0.0,0.0,0.074,EXCLUIDA_SOLO_OLA3
ejugar_celular,001,0.0,0.0,0.118,EXCLUIDA_SOLO_OLA3
encuestada_2013,001,0.0,0.0,0.57,EXCLUIDA_SOLO_OLA3
es_menor,001,0.0,0.0,0.233,EXCLUIDA_SOLO_OLA3
es_ptrabajo,001,0.0,0.0,0.267,EXCLUIDA_SOLO_OLA3
evitar_iva,001,0.0,0.0,0.226,EXCLUIDA_SOLO_OLA3
fecha_edad,001,0.0,0.0,0.168,EXCLUIDA_SOLO_OLA3
firma_paz,001,0.0,0.0,0.226,EXCLUIDA_SOLO_OLA3
fjugar_celular,001,0.0,0.0,0.118,EXCLUIDA_SOLO_OLA3
fpers_2016,001,0.0,0.0,0.991,EXCLUIDA_SOLO_OLA3
haces_internet,001,0.0,0.0,0.118,EXCLUIDA_SOLO_OLA3
identifica_proyectos,001,0.0,0.0,0.088,EXCLUIDA_SOLO_OLA3
int_alcalde,001,0.0,0.0,0.391,EXCLUIDA_SOLO_OLA3
int_junta,001,0.0,0.0,0.391,EXCLUIDA_SOLO_OLA3
int_lideres,001,0.0,0.0,0.391,EXCLUIDA_SOLO_OLA3
internet_consulta,001,0.0,0.0,0.117,EXCLUIDA_SOLO_OLA3
medid1_molestan,001,0.0,0.0,0.083,EXCLUIDA_SOLO_OLA3
medid2_molestan,001,0.0,0.0,0.071,EXCLUIDA_SOLO_OLA3
medid3a_molestan,001,0.0,0.0,0.144,EXCLUIDA_SOLO_OLA3
medid3b_molestan,001,0.0,0.0,0.144,EXCLUIDA_SOLO_OLA3
medid3c_molestan,001,0.0,0.0,0.144,EXCLUIDA_SOLO_OLA3
medid3d_molestan,001,0.0,0.0,0.144,EXCLUIDA_SOLO_OLA3
mes_hijo1h,001,0.0,0.0,0.13,EXCLUIDA_SOLO_OLA3
mes_hijo1m,001,0.0,0.0,0.128,EXCLUIDA_SOLO_OLA3
mes_hijo2h,001,0.0,0.0,0.057,EXCLUIDA_SOLO_OLA3
mes_hijo2m,001,0.0,0.0,0.054,EXCLUIDA_SOLO_OLA3
mes_hijo3h,001,0.0,0.0,0.022,EXCLUIDA_SOLO_OLA3
mes_hijo3m,001,0.0,0.0,0.018,EXCLUIDA_SOLO_OLA3
mig_estud,001,0.0,0.0,0.078,EXCLUIDA_SOLO_OLA3
mig_familia,001,0.0,0.0,0.078,EXCLUIDA_SOLO_OLA3
mig_mpio2010,001,0.0,0.0,0.574,EXCLUIDA_SOLO_OLA3
mig_mpio2013,001,0.0,0.0,0.574,EXCLUIDA_SOLO_OLA3
mig_otro,001,0.0,0.0,0.078,EXCLUIDA_SOLO_OLA3
mig_otro_cual,001,0.0,0.0,0.118,EXCLUIDA_SOLO_OLA3
mig_salud,001,0.0,0.0,0.078,EXCLUIDA_SOLO_OLA3
mig_seguridad,001,0.0,0.0,0.078,EXCLUIDA_SOLO_OLA3
mig_trab,001,0.0,0.0,0.078,EXCLUIDA_SOLO_OLA3
migra2010_cual,001,0.0,0.0,0.574,EXCLUIDA_SOLO_OLA3
migra2013_cual,001,0.0,0.0,0.574,EXCLUIDA_SOLO_OLA3
migra_cabmun,001,0.0,0.0,0.273,EXCLUIDA_SOLO_OLA3
migra_temult3,001,0.0,0.0,0.273,EXCLUIDA_SOLO_OLA3
migra_vec,001,0.0,0.0,0.013,EXCLUIDA_SOLO_OLA3
migracion_2010,001,0.0,0.0,0.036,EXCLUIDA_SOLO_OLA3
migracion_2013,001,0.0,0.0,0.025,EXCLUIDA_SOLO_OLA3
planea_proyectos,001,0.0,0.0,0.088,EXCLUIDA_SOLO_OLA3
prev_otro_cual,001,0.0,0.0,0.391,EXCLUIDA_SOLO_OLA3
rango_ingreso,001,0.0,0.0,0.267,EXCLUIDA_SOLO_OLA3
razon_no_asiste,001,0.0,0.0,0.034,EXCLUIDA_SOLO_OLA3
razon_no_asiste_cual,001,0.0,0.0,0.38,EXCLUIDA_SOLO_OLA3
realidad_proyectos,001,0.0,0.0,0.088,EXCLUIDA_SOLO_OLA3
rzn_dejoestudiar,001,0.0,0.009,0.011,EXCLUIDA_SOLO_OLA3
sabe_nom_alcalde,001,0.0,0.0,0.226,EXCLUIDA_SOLO_OLA3
saben_haces,001,0.0,0.0,0.118,EXCLUIDA_SOLO_OLA3
t_dejoestudio,001,0.0,0.0,0.413,EXCLUIDA_SOLO_OLA3
tipo_hogar,001,0.0,0.0,0.04,EXCLUIDA_SOLO_OLA3
valor_p203,001,0.0,0.0,0.111,EXCLUIDA_SOLO_OLA3
valor_p401,001,0.0,0.0,0.111,EXCLUIDA_SOLO_OLA3
valor_voto,001,0.0,0.0,0.242,EXCLUIDA_SOLO_OLA3
veces_fuera,001,0.0,0.0,0.118,EXCLUIDA_SOLO_OLA3
vende_voto,001,0.0,0.0,0.113,EXCLUIDA_SOLO_OLA3
vr_rec_entgob,001,0.0,0.0,0.046,EXCLUIDA_SOLO_OLA3
vr_rec_pensiones,001,0.0,0.0,0.013,EXCLUIDA_SOLO_OLA3
consecutivo,111,1.0,1.0,1.0,IDENTIFICADOR
hogar,011,0.0,1.0,0.836,IDENTIFICADOR
hogar_n16,001,0.0,0.0,1.0,IDENTIFICADOR
llave,011,0.0,1.0,0.837,IDENTIFICADOR
llave_ID_lb,111,1.0,0.85,0.795,IDENTIFICADOR
llave_n16,001,0.0,0.0,1.0,IDENTIFICADOR
llaveper,011,0.0,1.0,0.837,IDENTIFICADOR
llaveper_n16,001,0.0,0.0,1.0,IDENTIFICADOR
ola,111,1.0,1.0,1.0,IDENTIFICADOR
orden,111,1.0,1.0,1.0,IDENTIFICADOR
zona,111,1.0,1.0,1.0,IDENTIFICADOR
