id_panel,consecutivo,latitud,longitud,zona,region
P0001,2130001,5.594923,-73.415683,2,6
P0002,2130002,6.634013,-75.932463,2,7
P0003,2130003,,,1,1
P0004,2130004,4.588851,-74.175382,1,1
P0005,2130005,4.658013,-74.228024,1,1
P0006,2130006,4.702732,-74.157372,1,1
P0007,2130007,7.408462,-75.485434,2,7
P0008,2130008,6.898776,-76.046503,2,7
P0009,2130009,10.933184,-74.726633,1,4
P0010,2130010,,,1,4
P0011,2130011,4.580461,-73.982141,1,1
P0012,2130012,0.000000,0.000000,2,8
P0013,2130013,5.820842,-73.133010,2,6
P0014,2130014,4.174976,-74.414707,2,1
P0015,2130015,7.301059,-75.422259,2,7
P0016,2130016,5.651736,-73.225702,2,6
P0017,2130017,10.934763,-74.724646,1,4
P0018,2130018,,,1,2
P0019,2130019,7.634021,-75.599403,2,7
P0020,2130020,6.784620,-75.758982,2,7
P0021,2130021,6.292683,-75.658357,1,2
P0022,2130022,4.690550,-74.050089,1,1
P0023,2130023,4.357174,-74.614920,2,1
P0024,2130024,6.335378,-75.677698,1,2
P0025,2130025,6.256468,-75.494377,1,2
P0026,2130026,1.478175,-77.170127,2,8
P0027,2130027,1.954176,-77.326911,2,8
P0028,2130028,10.327433,-75.449375,1,5
P0029,2130029,3.503957,-76.558751,1,3
P0030,2130030,3.441817,-76.608876,1,3
P0031,2130031,6.295510,-75.554516,1,2
P0032,2130032,,-77.759648,2,8
P0033,2130033,"6°11'39.97""N","75°36'37.03""E",1,2
P0034,2130034,3.556006,-76.606977,1,3
P0035,2130035,8.285396,-75.757354,2,9
P0036,2130036,6.352634,-75.559926,1,2
P0037,2130037,1.465616,-77.592383,2,8
P0038,2130038,1.718394,-77.520001,2,8
P0039,2130039,3.502288,-76.517141,1,3
P0040,2130040,6.226183,-75.492243,1,2
P0041,2130041,3.472333,-76.485521,1,3
P0042,2130042,4.538959,-73.985869,1,1
P0043,2130043,6.111209,-73.726194,2,6
P0044,2130044,8.570027,-75.903586,2,9
P0045,2130045,,,2,9
P0046,2130046,4.635004,-74.159031,1,1
P0047,2130047,11.017031,-74.859162,1,4
P0048,2130048,7.765111,-75.864349,2,9
P0050,2130049,8.116680,-75.200800,2,9
P0051,2130050,4.681895,-74.249067,1,1
P0052,2130051,10.376890,-75.464373,1,5
P0053,2130052,10.419242,-75.554084,1,5
P0054,2130053,3.963036,-74.141868,2,1
P0056,2130054,4.659822,-74.023377,1,1
P0057,2130055,8.086562,-75.119269,2,9
P0058,2130056,8.309861,-75.449129,2,9
P0059,2130057,4.691137,-73.977945,1,1
P0060,2130058,,,2,1
P0061,2130059,6.145110,-75.576528,1,2
P0062,2130060,6.355969,-75.590462,1,2
P0063,2130061,8.715072,-75.690716,2,9
P0064,2130062,8.562471,-75.270203,2,9
P0065,2130063,7.318503,-75.579822,2,7
P0066,2130064,,,1,1
P0067,2130065,10.369913,-75.466524,1,5
P0068,2130066,6.588913,-75.922027,2,7
P0069,2130067,8.361350,-75.654995,2,9
P0070,2130068,6.218285,-75.531687,1,2
P0071,2130069,10.942492,-74.696224,1,4
P0072,2130070,,,2,9
P0073,2130071,6.227077,-75.626210,1,2
P0074,2130072,7.044036,-75.283546,2,7
P0075,2130073,3.474187,-76.517294,1,3
P0076,2130074,7.204468,-75.623792,2,7
P0077,2130075,6.290346,-75.581592,1,2
P0078,2130076,10.455815,-75.552558,1,5
P0079,2130077,8.577831,-75.136223,2,9
P0080,2130078,7.368778,-75.560000,2,7
P0081,2130079,10.956070,-74.757809,1,4
P0082,2130080,3.481748,-76.566181,1,3
P0083,2130081,,,2,8
P0084,2130082,4.749259,-74.006540,1,1
P0085,2130083,"5°40'47.09""N","72°47'10.82""E",2,6
P0086,2130084,3.539529,-76.534716,1,3
P0087,2130085,4.599695,-74.022825,1,1
P0088,2130086,,,1,2
P0089,2130087,7.433656,-75.861584,2,7
P0090,2130088,6.260116,-75.516593,1,2
P0091,2130089,3.513627,-76.536103,1,3
P0092,2130090,5.878341,-73.457112,2,6
P0093,2130091,8.050202,-76.192154,2,9
P0094,2130092,6.312157,-75.635635,1,2
P0095,2130093,4.724033,-74.062775,1,1
P0096,2130094,7.179536,-75.672816,2,7
P0097,2130095,8.616313,-75.534268,2,9
P0098,2130096,5.647903,-73.091778,2,6
P0099,2130097,6.673960,-75.239772,2,7
P0100,2130098,"4°34'42.89""N","74°12'15.37""E",1,1
P0101,2130099,10.337857,-75.529061,1,5
P0102,2130100,8.750031,-75.156430,2,9
P0103,2130101,8.570026,-75.635458,2,9
P0104,2130102,4.130602,-74.821862,2,1
P0105,2130103,1.413890,-77.854373,2,8
P0106,2130104,4.652342,-74.163172,1,1
P0107,2130105,5.708676,-73.208118,2,6
P0108,2130106,11.053928,-74.830890,1,4
P0110,2130107,4.585212,-74.187317,1,1
P0111,2130108,3.477629,-76.568044,1,3
P0112,2130109,1.384127,-77.298034,2,8
P0113,2130110,3.736359,-74.698519,2,1
P0114,2130111,4.708308,-74.086452,1,1
P0115,2130112,3.784153,-74.979279,2,1
P0116,2130113,1.673914,,2,8
P0117,2130114,6.266221,-75.720750,1,2
P0118,2130115,,-75.617899,1,2
P0119,2130116,6.344175,-75.588762,1,2
P0120,2130117,4.674031,-74.001400,1,1
P0121,2130118,8.784778,-75.737229,2,9
P0122,2130119,8.504665,-74.973875,2,9
P0123,2130120,7.415085,-75.427869,2,7
P0124,2130121,"8°33'19.74""N","75°39'0.07""E",2,9
P0125,2130122,5.550630,-72.957037,2,6
P0126,2130123,6.149339,-75.579904,1,2
P0128,2130124,4.020775,-74.417838,2,1
P0129,2130125,6.324769,-75.606828,1,2
P0130,2130126,3.425683,-76.556859,1,3
P0131,2130127,6.282966,-75.588927,1,2
P0132,2130128,3.824296,-73.860864,2,1
P0133,2130129,,,1,2
P0134,2130130,4.621924,-74.054609,1,1
P0135,2130131,10.954427,-74.783831,1,4
P0137,2130132,8.906119,-75.322463,2,9
P0139,2130133,10.389805,-75.539354,1,5
P0140,2130134,4.660479,-74.013309,1,1
P0141,2130135,,-75.507638,2,9
P0142,2130136,3.454333,-76.485500,1,3
P0143,2130137,7.338396,-75.768926,2,7
P0144,2130138,10.446831,-75.524897,1,5
P0145,2130139,6.147151,-72.603199,2,6
P0146,2130140,4.254303,-74.400786,2,1
P0147,2130141,4.702300,-73.983279,1,1
P0148,2130142,6.245630,-75.660514,1,2
P0149,2130143,6.867221,-75.183403,2,7
P0150,2130144,3.509986,-76.553869,1,3
P0151,2130145,6.169590,-75.592117,1,2
P0152,2130146,8.097112,-75.579424,2,9
P0153,2130147,3.479759,-76.499422,1,3
P0154,2130148,10.462606,-75.530504,1,5
P0155,2130149,4.595915,-74.184265,1,1
P0156,2130150,4.653602,-73.998333,1,1
P0157,2130151,3.387559,-76.544373,1,3
P0158,2130152,4.652672,-74.202099,1,1
P0159,2130153,10.355289,-75.399475,1,5
P0160,2130154,,-74.820757,1,4
P0161,2130155,3.432095,-76.621330,1,3
P0163,2130156,4.814098,74.060156,1,1
P0164,2130157,5.705388,-72.987879,2,6
P0165,2130158,6.658565,-75.650490,2,7
P0166,2130159,6.932381,-75.138632,2,7
P0167,2130160,6.093744,-72.668113,2,6
P0168,2130161,4.593687,-74.920753,2,1
P0170,2130162,10.898798,-74.805445,1,4
P0171,2130163,3.429097,-76.507898,1,3
P0172,2130164,4.626706,-74.034789,1,1
P0173,2130165,1.984016,-77.770793,2,8
P0174,2130166,8.662918,,2,9
P0175,2130167,10.983930,-74.756001,1,4
P0176,2130168,3.682825,-74.494890,2,1
P0177,2130169,7.444692,-75.769035,2,7
P0178,2130170,6.911194,-74.753855,2,7
P0179,2130171,6.093907,-73.211470,2,6
P0180,2130172,8.573184,-75.878539,2,9
P0181,2130173,8.229596,-75.434730,2,9
P0182,2130174,3.748205,-74.977214,2,1
P0183,2130175,,-74.202638,1,1
P0184,2130176,1.646827,-77.176787,2,8
P0185,2130177,4.385135,-74.541659,2,1
P0186,2130178,4.662761,-74.130740,1,1
P0187,2130179,4.614729,-73.954457,1,1
P0188,2130180,4.595742,-74.041170,1,1
P0189,2130181,6.256146,-75.489028,1,2
P0190,2130182,1.498949,-77.626874,2,8
P0191,2130183,10.393953,-75.540691,1,5
P0192,2130184,1.653099,-77.588363,2,8
P0193,2130185,6.291461,-75.628844,1,2
P0194,2130186,5.990245,-73.362864,2,6
P0195,2130187,4.302019,-74.472036,2,1
P0196,2130188,7.399520,-75.564501,2,7
P0197,2130189,3.407696,-76.575647,1,3
P0198,2130190,6.235854,-75.614898,1,2
P0199,2130191,4.624138,-74.093237,1,1
P0200,2130192,8.258940,-75.499623,2,9
P0201,2130193,,,1,3
P0202,2130194,1.701917,-77.733142,2,8
P0203,2130195,4.619018,-74.176623,1,1
P0204,2130196,,,1,1
P0205,2130197,8.927032,-75.666595,2,9
P0206,2130198,,,2,9
P0207,2130199,5.652436,-73.005990,2,6
P0208,2130200,4.624491,,1,1
P0209,2130201,10.365361,-75.545909,1,5
P0210,2130202,10.926393,-74.753029,1,4
P0211,2130203,10.928944,-74.715252,1,4
P0212,2130204,1.883657,-77.538486,2,8
P0213,2130205,4.139131,-74.090669,2,1
P0214,2130206,6.304127,-75.670780,1,2
P0215,2130207,6.019648,-73.259412,2,6
P0216,2130208,3.770525,-74.533285,2,1
P0217,2130209,1.186162,-77.464621,2,8
P0218,2130210,8.010719,-75.628342,2,9
P0219,2130211,3.447523,-73.919386,2,1
P0220,2130212,3.366116,-76.472763,1,3
P0221,2130213,4.671635,-74.199757,1,1
P0222,2130214,"1°32'43.80""N","77°09'47.26""E",2,8
P0223,2130215,1.423655,-77.371912,2,8
P0225,2130216,4.629474,-74.116976,1,1
P0226,2130217,8.173468,-75.970254,2,9
P0228,2130218,4.651436,-74.106950,1,1
P0229,2130219,4.670529,-73.919472,1,1
P0230,2130220,4.541115,-73.928528,1,1
P0231,2130221,6.582329,-75.140865,2,7
P0232,2130222,4.217100,-74.581394,2,1
P0233,2130223,4.697307,-73.904978,1,1
P0234,2130224,6.299193,-75.525340,1,2
P0235,2130225,8.453596,-75.933286,2,9
P0236,2130226,3.344817,-76.554963,1,3
P0237,2130227,6.993459,-75.098558,2,7
P0238,2130228,11.018322,-74.842590,1,4
P0239,2130229,6.263514,-75.506335,1,2
P0240,2130230,7.012736,-75.782323,2,7
P0241,2130231,5.338863,-72.760792,2,6
P0242,2130232,10.972537,-74.830752,1,4
P0243,2130233,3.477763,-76.546694,1,3
P0244,2130234,10.937382,-74.772344,1,4
P0245,2130235,5.783290,-73.163744,2,6
P0246,2130236,10.352655,-75.499853,1,5
P0247,2130237,3.913718,-74.573204,2,1
P0248,2130238,1.377452,,2,8
P0249,2130239,8.347870,,2,9
P0250,2130240,4.598382,-74.194209,1,1
P0251,2130241,,,1,1
P0252,2130242,4.667786,-74.181949,1,1
P0253,2130243,8.239906,-75.843890,2,9
P0255,2130244,10.893383,-74.800061,1,4
P0256,2130245,10.913935,-74.746679,1,4
P0257,2130246,4.646734,-74.154892,1,1
P0258,2130247,6.872879,-75.346837,2,7
P0259,2130248,6.233205,-75.553988,1,2
P0260,2130249,6.116807,-75.721246,2,7
P0261,2130250,6.126076,-75.563737,1,2
P0262,2130251,4.159255,-74.451833,2,1
P0263,2130252,6.234404,-75.596768,1,2
P0264,2130253,3.418990,,1,3
P0265,2130254,3.440772,-76.521647,1,3
P0266,2130255,6.265610,-75.537948,1,2
P0267,2130256,7.107692,-75.184500,2,7
P0268,2130257,3.447785,-76.452413,1,3
P0269,2130258,3.759620,-74.888882,2,1
P0270,2130259,,,1,3
P0272,2130260,14.48498,-75.539875,1,2
P0273,2130261,6.428677,-75.508873,2,7
P0274,2130262,4.600492,-73.926755,1,1
P0275,2130263,4.481142,-74.056931,1,1
P0276,2130264,6.180476,-75.427525,1,2
P0277,2130265,6.279484,-75.449586,1,2
P0278,2130266,4.623662,-74.044878,1,1
P0279,2130267,4.603409,-74.032351,1,1
P0280,2130268,,-75.395500,2,7
P0281,2130269,6.275500,-75.635509,1,2
P0282,2130270,3.445469,-76.493778,1,3
P0283,2130271,4.627014,-74.189949,1,1
P0284,2130272,6.205488,-75.668536,1,2
P0285,2130273,6.009528,-73.309114,2,6
P0286,2130274,4.522377,-73.911043,1,1
P0287,2130275,1.771212,-77.039216,2,8
P0288,2130276,4.619405,74.050169,1,1
P0289,2130277,6.589123,-75.559986,2,7
P0290,2130278,7.357568,-75.028447,2,7
P0291,2130279,10.395070,-75.447531,1,5
P0292,2130280,6.244543,-75.603603,1,2
P0293,2130281,3.446445,-76.521905,1,3
P0294,2130282,0.000000,0.000000,1,1
P0295,2130283,6.097157,-72.597445,2,6
P0296,2130284,8.270228,-75.131277,2,9
P0297,2130285,4.455567,-74.144330,1,1
P0298,2130286,1.262943,-77.785008,2,8
P0299,2130287,3.817893,-73.808182,2,1
P0300,2130288,1.715473,-77.380492,2,8
P0301,2130289,4.573638,-74.191859,1,1
P0302,2130290,4.563554,-74.133376,1,1
P0303,2130291,4.686025,-74.183625,1,1
P0304,2130292,,,1,4
P0305,2130293,8.652275,-76.143232,2,9
P0306,2130294,10.975328,-74.858373,1,4
P0307,2130295,4.655358,-73.966954,1,1
P0309,2130296,10.954839,-74.845319,1,4
P0310,2130297,4.783136,-74.253254,1,1
P0311,2130298,6.018912,-73.197935,2,6
P0312,2130299,10.390310,-75.502333,1,5
P0313,2130300,"10°54'11.46""N","74°43'31.22""E",1,4
P0314,2130301,6.222298,-75.576624,1,2
P0315,2130302,6.241850,-75.641901,1,2
P0316,2130303,4.734159,-74.070757,1,1
P0317,2130304,,-74.804180,1,4
P0318,2130305,8.482570,75.901542,2,9
P0319,2130306,4.654801,-74.043174,1,1
P0320,2130307,1.728725,-77.112751,2,8
P0321,2130308,,,1,1
P0323,2130309,"4°28'29.81""N","74°13'58.70""E",1,1
P0324,2130310,,-75.728972,2,9
P0325,2130311,1.610973,-77.243157,2,8
P0326,2130312,8.558778,-75.950989,2,9
P0327,2130313,6.186721,75.547689,1,2
P0328,2130314,4.722163,-74.168924,1,1
P0329,2130315,0.000000,0.000000,1,3
P0330,2130316,1.514948,-78.017427,2,8
P0331,2130317,8.414452,-75.392320,2,9
P0332,2130318,6.240949,-75.521590,1,2
P0333,2130319,6.886003,-75.691010,2,7
P0334,2130320,4.651630,74.147519,1,1
P0335,2130321,4.651635,-74.151712,1,1
P0336,2130322,4.637277,-74.091592,1,1
P0337,2130323,3.390012,-76.480238,1,3
P0338,2130324,4.664306,-73.996638,1,1
P0339,2130325,10.927254,-74.756955,1,4
P0340,2130326,5.966957,-73.031846,2,6
P0341,2130327,8.767336,-75.486969,2,9
P0342,2130328,4.497523,-74.185182,1,1
P0343,2130329,5.593994,73.216436,2,6
P0344,2130330,4.503061,-74.011454,1,1
P0345,2130331,4.561791,-74.168808,1,1
P0346,2130332,10.350891,-75.512319,1,5
P0347,2130333,4.766144,-74.115665,1,1
P0348,2130334,6.229716,-75.424095,1,2
P0349,2130335,6.182713,-75.610180,1,2
P0351,2130336,4.776371,-74.080609,1,1
P0352,2130337,1.574715,-77.456934,2,8
P0353,2130338,4.623001,-74.124523,1,1
P0354,2130339,6.934870,-75.505869,2,7
P0355,2130340,4.676207,-74.016789,1,1
P0356,2130341,10.988993,-74.790177,1,4
P0357,2130342,6.369804,-72.703602,2,6
P0358,2130343,8.152282,-75.365174,2,9
P0359,2130344,6.335656,-75.627692,1,2
P0360,2130345,6.284766,-75.580369,1,2
P0361,2130346,5.214933,-72.996299,2,6
P0362,2130347,3.877518,-74.528839,2,1
P0363,2130348,8.761959,-75.648723,2,9
P0364,2130349,4.676588,-74.054006,1,1
P0365,2130350,10.870139,-74.818065,1,4
P0366,2130351,3.525912,-76.455020,1,3
P0367,2130352,8.736085,-75.909995,2,9
P0368,2130353,6.181109,-75.490891,1,2
P0369,2130354,3.624449,-74.352079,2,1
P0370,2130355,3.490226,-76.487335,1,3
P0371,2130356,10.952639,-74.813879,1,4
P0372,2130357,10.967573,-74.834018,1,4
P0374,2130358,3.496895,-76.475428,1,3
P0375,2130359,7.252178,-75.788900,2,7
P0376,2130360,1.948148,-77.272419,2,8
P0377,2130361,6.167502,-75.597331,1,2
P0378,2130362,10.406236,-75.537362,1,5
P0379,2130363,7.000453,-75.574698,2,7
P0380,2130364,10.969737,-74.737963,1,4
P0381,2130365,4.666771,-74.114419,1,1
P0383,2130366,6.296837,-75.564450,1,2
P0384,2130367,3.454080,-76.503691,1,3
P0385,2130368,5.316092,-72.824700,2,6
P0386,2130369,10.342906,-75.484181,1,5
P0387,2130370,13.78065,-75.035356,2,7
P0388,2130371,4.395065,-74.436696,2,1
P0389,2130372,6.140105,-75.528891,1,2
P0390,2130373,4.755980,74.090508,1,1
P0391,2130374,6.234153,-75.637262,1,2
P0392,2130375,5.929863,-72.869788,2,6
P0393,2130376,10.899761,-74.845278,1,4
P0394,2130377,4.470617,-74.413567,2,1
P0395,2130378,11.032576,-74.829489,1,4
P0396,2130379,4.753771,-74.131371,1,1
P0398,2130380,3.433911,-74.650315,2,1
P0399,2130381,10.971998,-74.716439,1,4
P0400,2130382,7.378413,-75.312971,2,7
P0401,2130383,6.007560,-73.290743,2,6
P0402,2130384,6.264453,,1,2
P0403,2130385,7.200864,-75.886923,2,7
P0404,2130386,6.192009,-75.581464,1,2
P0405,2130387,1.552246,-77.061446,2,8
P0406,2130388,3.501366,76.473574,1,3
P0407,2130389,4.585489,-74.106686,1,1
P0408,2130390,3.437867,-76.529772,1,3
P0409,2130391,4.648274,-74.083310,1,1
P0410,2130392,8.572511,-75.559537,2,9
P0411,2130393,10.906345,-74.883541,1,4
P0412,2130394,4.662831,-74.134186,1,1
P0413,2130395,3.525669,-76.452941,1,3
P0414,2130396,3.419752,-76.619658,1,3
P0416,2130397,4.360177,-74.873907,2,1
P0417,2130398,0.000000,0.000000,1,3
P0418,2130399,7.080530,-75.582747,2,7
P0419,2130400,8.791078,-75.198650,2,9
P0420,2130401,4.311604,-74.648563,2,1
P0421,2130402,4.687328,73.938282,1,1
P0422,2130403,10.973380,-74.762171,1,4
P0423,2130404,4.729254,-73.942713,1,1
P0424,2130405,4.782044,-74.070596,1,1
P0425,2130406,1.522919,-77.463772,2,8
P0426,2130407,1.199228,-77.590951,2,8
P0427,2130408,7.055502,-76.121514,2,7
P0428,2130409,10.402238,-75.502377,1,5
P0430,2130410,6.131144,-75.577356,1,2
P0431,2130411,13.13724,-76.623049,1,3
P0432,2130412,1.236587,-77.891365,2,8
P0433,2130413,6.114988,-75.522819,1,2
P0434,2130414,,,2,9
P0435,2130415,4.685910,-74.158493,1,1
P0436,2130416,10.369103,-75.497480,1,5
P0438,2130417,10.902255,-74.763394,1,4
P0439,2130418,,,1,2
P0440,2130419,3.474042,-76.453932,1,3
P0441,2130420,,-76.515121,1,3
P0442,2130421,4.518381,-73.968077,1,1
P0443,2130422,4.585893,-73.980500,1,1
P0445,2130423,6.874017,-75.490779,2,7
P0446,2130424,,,1,3
P0447,2130425,10.386524,-75.569232,1,5
P0448,2130426,3.960184,-74.484139,2,1
P0449,2130427,6.356430,-75.633021,1,2
P0450,2130428,10.866234,-74.805353,1,4
P0451,2130429,10.952763,-74.705647,1,4
P0452,2130430,6.926447,-76.512791,2,7
P0453,2130431,6.947203,-75.505538,2,7
P0454,2130432,11.046605,-74.786514,1,4
P0455,2130433,7.191779,-75.936872,2,7
P0456,2130434,8.388231,-75.330159,2,9
P0457,2130435,10.402067,-75.507751,1,5
P0458,2130436,6.282899,-75.660615,1,2
P0459,2130437,6.185193,-72.945156,2,6
P0460,2130438,10.893862,-74.792775,1,4
P0461,2130439,0.000000,0.000000,2,1
P0462,2130440,,,1,5
P0464,2130441,10.372159,-75.536188,1,5
P0465,2130442,4.663767,-74.069394,1,1
P0466,2130443,"10°25'54.87""N","75°29'20.74""E",1,5
P0467,2130444,11.024349,-74.911333,1,4
P0468,2130445,,,1,3
P0469,2130446,4.666205,-73.995993,1,1
P0470,2130447,8.408824,-75.675988,2,7
P0471,2130448,,,2,1
P0472,2130449,8.581069,-75.708893,2,9
P0474,2130450,,,1,4
P0475,2130451,10.318225,-75.473295,1,5
P0476,2130452,8.446181,-75.797972,2,9
P0477,2130453,6.219259,-75.515053,1,2
P0478,2130454,0.876391,-77.434890,2,8
P0479,2130455,10.880067,-74.811295,1,4
P0480,2130456,3.382730,-76.576567,1,3
P0481,2130457,13.2835,-75.562372,1,2
P0482,2130458,10.393660,-75.538594,1,5
P0483,2130459,4.035520,-74.744546,2,1
P0484,2130460,0.000000,0.000000,1,3
P0485,2130461,4.704394,-74.080421,1,1
P0486,2130462,4.774348,-74.131354,1,1
P0487,2130463,10.426839,-75.533179,1,5
P0488,2130464,4.754156,-74.125744,1,1
P0489,2130465,3.570554,-76.462666,1,3
P0490,2130466,4.139950,-74.336555,2,1
P0491,2130467,10.971578,-74.824135,1,4
P0492,2130468,5.986934,-72.425297,2,6
P0493,2130469,4.530823,-74.047527,1,1
P0494,2130470,1.477167,-77.298122,2,8
P0495,2130471,6.151251,-75.570848,1,2
P0496,2130472,4.152715,-74.617734,2,1
P0497,2130473,4.685073,-74.251460,1,1
P0498,2130474,2.231476,-77.380068,2,8
P0499,2130475,1.866263,-77.266213,2,8
P0500,2130476,1.384834,-77.588537,2,8
P0501,2130477,3.471270,-76.477745,1,3
P0502,2130478,6.302453,-75.650631,1,2
P0503,2130479,5.869961,-72.770064,2,6
P0504,2130480,4.716678,-74.172608,1,1
P0505,2130481,8.742692,-75.698362,2,9
P0506,2130482,5.860620,-72.446913,2,6
P0507,2130483,"6°40'57.67""N","75°26'19.58""E",2,7
P0508,2130484,1.612839,-77.685774,2,8
P0509,2130485,8.776437,-75.250436,2,9
P0510,2130486,1.904034,-77.399262,2,8
P0511,2130487,6.233543,-75.507157,1,2
P0512,2130488,6.696081,-75.231778,2,7
P0513,2130489,6.189306,75.572194,1,2
P0514,2130490,3.467458,-76.552422,1,3
P0515,2130491,11.026935,-74.824396,1,4
P0516,2130492,10.442890,-75.564164,1,5
P0517,2130493,6.271057,-75.558884,1,2
P0518,2130494,10.928513,74.908031,1,4
P0519,2130495,,,1,3
P0520,2130496,4.527044,-74.093536,1,1
P0521,2130497,4.628789,-74.009567,1,1
P0522,2130498,4.853796,-73.939423,1,1
P0523,2130499,5.461968,-73.011782,2,6
P0524,2130500,5.770566,-72.993828,2,6
P0525,2130501,10.933767,-74.879151,1,4
P0526,2130502,8.171041,-75.885299,2,9
P0527,2130503,4.564076,-74.072754,1,1
P0528,2130504,4.558904,-73.914715,1,1
P0529,2130505,,,1,2
P0530,2130506,,,2,1
P0531,2130507,4.652665,74.124501,1,1
P0532,2130508,8.546139,-74.968590,2,9
P0533,2130509,8.212146,-75.465175,2,9
P0534,2130510,4.055852,-74.485979,2,1
P0535,2130511,6.529007,-75.393747,2,7
P0536,2130512,3.441646,-76.451872,1,3
P0537,2130513,3.814442,-74.513034,2,1
P0538,2130514,,-77.481495,2,8
P0539,2130515,10.856022,-74.856020,1,4
P0540,2130516,3.643081,-74.797520,2,1
P0541,2130517,8.237943,-75.535699,2,9
P0542,2130518,3.389128,-76.454544,1,3
P0543,2130519,6.280833,-75.554586,1,2
P0544,2130520,4.630438,-74.070293,1,1
P0545,2130521,1.470450,-77.322216,2,8
P0546,2130522,3.359130,-76.507017,1,3
P0547,2130523,4.225167,-74.336452,2,1
P0548,2130524,10.372444,-75.493302,1,5
P0549,2130525,4.750479,-73.993739,1,1
P0550,2130526,4.050452,-74.533769,2,1
P0551,2130527,3.485862,-76.562427,1,3
P0552,2130528,7.247457,-75.490404,2,7
P0553,2130529,6.222536,-75.545644,1,2
P0554,2130530,3.438673,-76.517244,1,3
P0555,2130531,6.298522,-73.434575,2,6
P0556,2130532,6.246493,-75.525196,1,2
P0557,2130533,7.488236,-75.736418,2,7
P0558,2130534,5.849364,-72.663232,2,6
P0559,2130535,,,1,2
P0560,2130536,3.433606,-76.490664,1,3
P0561,2130537,6.723470,-74.651072,2,7
P0562,2130538,,,1,2
P0563,2130539,4.656569,-74.072115,1,1
P0565,2130540,4.490678,-74.000158,1,1
P0566,2130541,8.642477,-75.269529,2,9
P0567,2130542,5.943159,-72.642843,2,6
P0568,2130543,"4°41'10.84""N","73°58'14.92""E",1,1
P0569,2130544,11.046156,-74.743542,1,4
P0570,2130545,4.498922,-74.363315,2,1
P0571,2130546,4.061970,-74.429184,2,1
P0572,2130547,6.763430,-75.317669,2,7
P0573,2130548,,,1,1
P0574,2130549,7.432166,-75.293656,2,7
P0575,2130550,6.282306,-75.483853,1,2
P0576,2130551,6.214085,-75.497977,1,2
P0577,2130552,,,2,6
P0578,2130553,8.226228,-75.306687,2,9
P0579,2130554,4.761453,-74.163302,1,1
P0580,2130555,3.459898,-76.585584,1,3
P0581,2130556,1.233433,-77.518726,2,8
P0582,2130557,10.445878,-75.479364,1,5
P0583,2130558,6.159234,-75.597111,1,2
P0584,2130559,4.582134,-74.249885,1,1
P0586,2130560,10.995095,-74.805557,1,4
P0587,2130561,0.000000,0.000000,2,1
P0588,2130562,4.732151,-74.042837,1,1
P0589,2130563,6.943777,-75.329008,2,7
P0590,2130564,6.913436,-75.080533,2,7
P0592,2130565,4.561606,-73.989263,1,1
P0593,2130566,10.406958,-75.501191,1,5
P0594,2130567,3.439923,-76.425473,1,3
P0595,2130568,3.362156,-74.709495,2,1
P0596,2130569,6.239718,-75.675810,1,2
P0597,2130570,,,1,5
P0598,2130571,3.383483,-76.479918,1,3
P0599,2130572,5.579988,-73.056713,2,6
P0600,2130573,1.407450,-78.145732,2,8
P0601,2130574,1.789762,-77.396520,2,8
P0602,2130575,3.421919,-76.598878,1,3
P0603,2130576,,-74.187375,1,1
P0604,2130577,10.956997,-74.803931,1,4
P0605,2130578,4.617214,-73.955743,1,1
P0606,2130579,11.054893,-74.778411,1,4
P0607,2130580,"10°24'13.73""N","75°26'44.64""E",1,5
P0608,2130581,"10°53'28.53""N","74°47'22.19""E",1,4
P0609,2130582,6.328085,-75.634288,1,2
P0610,2130583,10.924895,-74.853308,1,4
P0611,2130584,4.633467,-73.992835,1,1
P0612,2130585,10.412550,-75.487694,1,5
P0613,2130586,10.963691,-74.779272,1,4
P0615,2130587,8.336203,-75.783385,2,9
P0616,2130588,6.614708,-75.611587,2,7
P0617,2130589,10.355941,,1,5
P0618,2130590,3.579281,-73.970415,2,1
P0619,2130591,10.362572,-75.452937,1,5
P0620,2130592,6.210488,-75.717655,1,2
P0621,2130593,7.327735,-75.525650,2,7
P0622,2130594,,-75.452572,1,5
P0623,2130595,6.236349,-75.531250,1,2
P0624,2130596,4.664893,-73.973729,1,1
P0625,2130597,5.868394,-73.781413,2,6
P0626,2130598,1.752992,-77.633800,2,8
P0627,2130599,6.169152,-75.510943,1,2
P0628,2130600,5.518423,-72.853354,2,6
P0629,2130601,1.603360,-77.172024,2,8
P0630,2130602,3.421655,-76.492011,1,3
P0631,2130603,5.537428,-72.742892,2,6
P0632,2130604,6.674221,-75.639473,2,7
P0633,2130605,3.370779,-76.600697,1,3
P0634,2130606,4.584621,-74.080297,1,1
P0635,2130607,3.375152,-76.530825,1,3
P0636,2130608,10.922595,-74.832780,1,4
P0637,2130609,9.075272,-75.467928,2,9
P0638,2130610,8.468140,-75.749118,2,9
P0639,2130611,4.668581,-74.006155,1,1
P0640,2130612,1.696169,-77.648843,2,8
P0641,2130613,4.601497,-74.001360,1,1
P0642,2130614,,,1,2
P0643,2130615,6.316817,-75.567583,1,2
P0644,2130616,14.06207,-74.048383,1,1
P0645,2130617,6.798991,-75.781790,2,7
P0646,2130618,6.263116,-75.627218,1,2
P0647,2130619,5.789167,-73.153092,2,6
P0648,2130620,6.721385,-75.036219,2,7
P0649,2130621,4.666631,-74.064130,1,1
P0650,2130622,10.975119,-74.868767,1,4
P0651,2130623,3.546802,-76.481233,1,3
P0652,2130624,4.601612,-74.048847,1,1
P0653,2130625,8.366823,-75.568478,2,9
P0654,2130626,3.960082,-74.213663,2,1
P0656,2130627,4.573169,-74.097425,1,1
P0657,2130628,1.468597,-77.327165,2,8
P0658,2130629,,,1,1
P0659,2130630,6.184710,-75.569382,1,2
P0660,2130631,1.940608,-77.333260,2,8
P0661,2130632,10.388550,-75.534010,1,5
P0662,2130633,5.892712,-72.638682,2,6
P0663,2130634,1.484976,-77.327833,2,8
P0664,2130635,2.018089,-77.358424,2,8
P0665,2130636,7.023180,-75.901797,2,7
P0666,2130637,4.536181,-74.188306,1,1
P0667,2130638,4.682340,-74.166209,1,1
P0668,2130639,6.330084,-75.677173,1,2
P0669,2130640,10.958442,-74.893887,1,4
P0670,2130641,4.181164,-74.779158,2,1
P0671,2130642,6.108116,-73.490162,2,6
P0672,2130643,5.402791,-73.034857,2,6
P0673,2130644,3.462490,-76.456752,1,3
P0674,2130645,1.486739,-77.481814,2,8
P0675,2130646,10.463510,-75.511194,1,5
P0676,2130647,,,2,9
P0677,2130648,6.374971,-75.467972,1,2
P0678,2130649,8.551078,-75.448510,2,9
P0679,2130650,5.859339,-73.052484,2,6
P0680,2130651,6.142295,-75.316059,2,7
P0681,2130652,0.946414,-77.097691,2,8
P0682,2130653,3.386837,-76.496305,1,3
P0683,2130654,4.568270,-73.973200,1,1
P0684,2130655,4.764396,74.098094,1,1
P0685,2130656,6.183995,-75.610227,1,2
P0686,2130657,7.061234,-76.433724,2,7
P0687,2130658,10.385143,-75.435889,1,5
P0688,2130659,4.534127,-74.135612,1,1
P0689,2130660,6.456704,-75.493339,2,7
P0690,2130661,11.026693,-74.857836,1,4
P0691,2130662,8.514399,-75.519759,2,9
P0692,2130663,10.903432,-74.817754,1,4
P0693,2130664,3.481034,-76.492690,1,3
P0694,2130665,4.603104,-73.952044,1,1
P0695,2130666,6.273167,-75.511248,1,2
P0696,2130667,5.737934,-73.108368,2,6
P0697,2130668,4.676329,-74.150678,1,1
P0698,2130669,6.752482,-75.950483,2,7
P0699,2130670,3.495285,-76.555027,1,3
P0700,2130671,3.426543,-76.512498,1,3
P0701,2130672,6.255941,-75.542005,1,2
P0702,2130673,10.376861,-75.562713,1,5
P0703,2130674,1.392283,-77.626489,2,8
P0704,2130675,3.501632,-76.489219,1,3
P0705,2130676,5.610068,-72.761681,2,6
P0706,2130677,8.546063,-75.314326,2,9
P0708,2130678,4.185149,-74.769069,2,1
P0709,2130679,4.761773,-74.143435,1,1
P0710,2130680,8.341486,-75.441031,2,9
P0711,2130681,1.820039,-77.029319,2,8
P0712,2130682,3.692264,-74.342043,2,1
P0713,2130683,1.205993,-77.400367,2,8
P0714,2130684,4.646547,-74.165837,1,1
P0715,2130685,3.406318,-76.455954,1,3
P0716,2130686,4.681605,-74.057036,1,1
P0717,2130687,6.220761,-75.428672,1,2
P0718,2130688,1.333744,-77.424872,2,8
P0719,2130689,10.451607,-75.512785,1,5
P0720,2130690,7.067045,-75.521978,2,7
P0721,2130691,,-74.654681,2,1
P0723,2130692,4.498761,-74.000275,1,1
P0724,2130693,6.126578,-75.521291,1,2
P0725,2130694,10.345699,-75.537505,1,5
P0726,2130695,8.306499,-75.193839,2,9
P0727,2130696,8.382356,-75.536213,2,9
P0728,2130697,4.616752,-74.033994,1,1
P0729,2130698,6.250297,-75.657896,1,2
P0730,2130699,3.533381,-76.588162,1,3
P0731,2130700,5.862608,-72.580124,2,6
P0732,2130701,5.422862,-73.099350,2,6
P0733,2130702,4.439169,-74.381351,2,1
P0734,2130703,1.428151,-77.571952,2,8
P0735,2130704,4.847167,-73.994548,1,1
P0736,2130705,5.979708,72.837176,2,6
P0737,2130706,8.382471,-75.252548,2,9
P0738,2130707,1.275571,-77.742589,2,8
P0739,2130708,8.442029,-75.725677,2,9
P0740,2130709,6.358129,-75.641498,1,2
P0741,2130710,8.251021,-75.516745,2,9
P0742,2130711,7.033746,-76.032579,2,7
P0743,2130712,6.241211,-75.602890,1,2
P0744,2130713,6.073478,-72.949110,2,6
P0746,2130714,4.014195,-74.743484,2,1
P0747,2130715,6.166142,-75.454854,1,2
P0748,2130716,6.168590,-75.538481,1,2
P0749,2130717,6.197646,-75.500747,1,2
P0751,2130718,3.348011,-76.518465,1,3
P0752,2130719,4.651722,-74.013036,1,1
P0753,2130720,6.149537,-75.582340,1,2
P0754,2130721,4.580630,-74.175602,1,1
P0755,2130722,3.475127,-76.534872,1,3
P0756,2130723,7.442294,-74.378535,2,7
P0757,2130724,4.623276,-74.077059,1,1
P0758,2130725,,-75.447324,2,9
P0759,2130726,4.602623,-74.161012,1,1
P0760,2130727,3.960200,-74.796271,2,1
P0761,2130728,5.924709,-73.037104,2,6
P0763,2130729,6.262656,-75.594826,1,2
P0764,2130730,7.568870,-75.104817,2,7
P0765,2130731,4.573329,-74.142440,1,1
P0766,2130732,4.551916,-74.070345,1,1
P0767,2130733,"5°57'41.41""N","72°20'14.18""E",2,6
P0768,2130734,6.240317,-75.484856,1,2
P0769,2130735,3.652412,-75.137854,2,1
P0770,2130736,5.917257,-72.670775,2,6
P0771,2130737,4.600991,-74.113465,1,1
P0772,2130738,8.720765,-75.777221,2,9
P0773,2130739,3.435222,-76.511711,1,3
P0774,2130740,6.266235,-75.667455,1,2
P0775,2130741,4.667708,-74.037971,1,1
P0776,2130742,11.005295,-74.769540,1,4
P0777,2130743,6.095258,-73.012747,2,6
P0778,2130744,3.349003,-76.445659,1,3
P0779,2130745,10.402363,-75.494755,1,5
P0780,2130746,,,2,8
P0781,2130747,10.488539,-75.565052,1,5
P0782,2130748,5.830221,-73.021736,2,6
P0783,2130749,,,1,2
P0784,2130750,4.446433,-73.987614,1,1
P0785,2130751,4.732558,-73.990088,1,1
P0786,2130752,4.545845,-73.911862,1,1
P0787,2130753,4.724459,-74.266370,1,1
P0788,2130754,8.431799,-75.774338,2,9
P0789,2130755,11.006100,-74.768598,1,4
P0790,2130756,6.982174,-75.840905,2,7
P0791,2130757,3.855228,74.448897,2,1
P0792,2130758,2.209755,-77.674765,2,8
P0793,2130759,4.613398,-73.922180,1,1
P0794,2130760,10.302956,-75.497664,1,5
P0795,2130761,5.758090,-73.037452,2,6
P0797,2130762,8.197008,-75.293394,2,9
P0798,2130763,4.541005,-74.023839,1,1
P0799,2130764,6.221390,-75.630661,1,2
P0800,2130765,5.663815,73.252007,2,6
P0801,2130766,4.711816,-74.112878,1,1
P0802,2130767,4.569054,-73.968940,1,1
P0803,2130768,3.494308,-76.420177,1,3
P0804,2130769,4.612725,-74.122698,1,1
P0805,2130770,4.735115,-74.100582,1,1
P0806,2130771,6.290850,75.599633,1,2
P0807,2130772,3.493366,-76.469251,1,3
P0808,2130773,10.991996,-74.799513,1,4
P0809,2130774,6.520869,-75.354239,2,7
P0810,2130775,6.211959,-75.525780,1,2
P0811,2130776,1.504626,-77.631182,2,8
P0812,2130777,10.966085,-74.781169,1,4
P0813,2130778,5.908106,-73.092232,2,6
P0814,2130779,6.215830,-75.684469,1,2
P0815,2130780,,-74.128263,1,1
P0816,2130781,3.756145,-74.682529,2,1
P0817,2130782,4.689234,-74.099524,1,1
P0818,2130783,7.211894,-75.388484,2,7
P0819,2130784,3.441617,-76.418280,1,3
P0820,2130785,6.335064,-75.577924,1,2
P0821,2130786,,,1,1
P0823,2130787,4.727386,-74.046729,1,1
P0824,2130788,,,2,1
P0825,2130789,8.391947,-75.731473,2,9
P0826,2130790,6.775224,-75.896237,2,7
P0827,2130791,4.005101,-74.032398,2,1
P0828,2130792,6.971863,-76.510508,2,7
P0829,2130793,3.358950,-76.587010,1,3
P0830,2130794,6.864020,-75.857457,2,7
P0831,2130795,1.135541,,2,8
P0832,2130796,1.297100,-77.364499,2,8
P0833,2130797,4.646450,-74.025410,1,1
P0834,2130798,5.950299,-73.047232,2,6
P0835,2130799,6.856768,-75.293773,2,7
P0836,2130800,4.241770,-74.843693,2,1
P0837,2130801,4.079975,-74.778151,2,1
P0838,2130802,4.422242,-74.910325,2,1
P0839,2130803,6.156064,-75.579021,1,2
P0840,2130804,6.290738,-75.584992,1,2
P0841,2130805,6.136555,-75.573383,1,2
P0842,2130806,3.911000,-74.586172,2,1
P0843,2130807,4.586939,-74.132412,1,1
P0844,2130808,8.782864,-75.115670,2,9
P0845,2130809,0.000000,0.000000,1,3
P0846,2130810,8.030281,-75.597942,2,9
P0847,2130811,6.116538,-75.492576,1,2
P0848,2130812,,,1,1
P0849,2130813,6.219805,-75.512085,1,2
P0850,2130814,6.854858,-75.734712,2,7
P0852,2130815,6.406462,-75.510363,1,2
P0853,2130816,4.053529,-74.005104,2,1
P0854,2130817,10.959299,-74.860740,1,4
P0855,2130818,4.791316,-74.103736,1,1
P0856,2130819,7.177637,-75.356890,2,7
P0857,2130820,8.761233,-75.405463,2,9
P0858,2130821,10.403253,-75.492617,1,5
P0860,2130822,"3°18'19.90""N","74°29'34.56""E",2,1
P0862,2130823,6.109595,-72.896598,2,6
P0863,2130824,10.960125,-74.810944,1,4
P0864,2130825,3.541883,-76.493642,1,3
P0865,2130826,7.169786,-75.545619,2,7
P0866,2130827,6.287516,-75.527069,1,2
P0867,2130828,4.707296,-74.086424,1,1
P0868,2130829,4.838993,-73.957115,1,1
P0869,2130830,1.373814,-77.686464,2,8
P0870,2130831,4.668438,-74.076979,1,1
P0871,2130832,4.728621,-74.036922,1,1
P0873,2130833,,,1,3
P0874,2130834,9.070582,-75.242916,2,9
P0875,2130835,10.902985,-74.810087,1,4
P0876,2130836,6.214606,-75.573824,1,2
P0877,2130837,8.974664,-74.870802,2,9
P0878,2130838,,,1,1
P0879,2130839,3.383314,-76.531399,1,3
P0880,2130840,1.529090,-77.268042,2,8
P0881,2130841,"7°03'38.66""N","75°22'4.72""E",2,7
P0882,2130842,4.266463,-74.651294,2,1
P0883,2130843,4.732604,-74.065169,1,1
P0884,2130844,6.265412,-75.568318,1,2
P0886,2130845,14.57208,-77.072150,2,8
P0888,2130846,3.511653,-76.555484,1,3
P0890,2130847,4.736965,-74.032792,1,1
P0891,2130848,8.563754,-75.634705,2,9
P0892,2130849,13.66634,-75.567699,1,2
P0893,2130850,5.470614,73.178777,2,6
P0894,2130851,8.747325,-75.246387,2,9
P0895,2130852,3.525011,-76.486866,1,3
P0896,2130853,10.307313,-75.439913,1,5
P0897,2130854,10.924921,-74.691057,1,4
P0898,2130855,4.196374,-74.668241,2,1
P0899,2130856,6.339670,-75.567715,1,2
P0900,2130857,4.737776,-74.052106,1,1
P0901,2130858,10.348186,-75.472534,1,5
P0903,2130859,8.633123,-75.663211,2,9
P0904,2130860,5.774158,-73.452979,2,6
P0905,2130861,13.62104,-74.091838,1,1
P0906,2130862,"4°45'46.32""N","74°07'57.34""E",1,1
P0909,2130863,10.443748,-75.531770,1,5
P0910,2130864,1.889941,-77.650122,2,8
P0911,2130865,7.976962,75.513519,2,9
P0912,2130866,,,2,8
P0913,2130867,4.106643,-74.371193,2,1
P0914,2130868,10.339421,-75.481987,1,5
P0915,2130869,10.369342,-75.474678,1,5
P0916,2130870,4.168562,-74.379757,2,1
P0917,2130871,3.539032,-74.670859,2,1
P0918,2130872,4.197177,-74.616340,2,1
P0919,2130873,4.676087,-74.239923,1,1
P0920,2130874,,-75.339708,2,7
P0921,2130875,4.620352,-74.131508,1,1
P0922,2130876,8.859605,-75.477419,2,9
P0923,2130877,4.625771,-74.254723,1,1
P0924,2130878,4.686542,-74.171253,1,1
P0925,2130879,6.236725,-75.540072,1,2
P0926,2130880,4.720812,-74.109887,1,1
P0927,2130881,3.822382,-74.730948,2,1
P0928,2130882,6.284619,-75.606169,1,2
P0929,2130883,10.437247,-75.532530,1,5
P0930,2130884,6.990725,-75.525513,2,7
P0931,2130885,8.154258,-75.317871,2,9
P0932,2130886,,,1,3
P0933,2130887,1.783141,-77.388734,2,8
P0934,2130888,3.982946,-74.643793,2,1
P0935,2130889,5.430867,-72.954896,2,6
P0936,2130890,4.419864,-74.630929,2,1
P0937,2130891,"6°52'17.01""N","75°33'28.28""E",2,7
P0938,2130892,10.400419,-75.482069,1,5
P0939,2130893,10.968593,-74.820499,1,4
P0940,2130894,5.658717,-73.012874,2,6
P0941,2130895,0.000000,0.000000,2,1
P0942,2130896,3.482040,-76.472380,1,3
P0943,2130897,5.742835,-73.001358,2,6
P0944,2130898,13.92222,-73.979627,1,1
P0945,2130899,5.572358,-72.620012,2,6
P0946,2130900,6.239533,-73.358195,2,6
P0947,2130901,4.604801,-74.051010,1,1
P0948,2130902,"1°38'47.34""N","77°33'4.46""E",2,8
P0949,2130903,8.014147,-75.162404,2,9
P0950,2130904,3.419993,-76.481577,1,3
P0951,2130905,4.710988,-73.998149,1,1
P0952,2130906,1.601429,-77.880655,2,8
P0955,2130907,4.535177,-74.074591,1,1
P0956,2130908,,-75.459435,2,7
P0957,2130909,1.239797,-77.111883,2,8
P0958,2130910,10.957779,-74.761566,1,4
P0959,2130911,3.458445,-76.502310,1,3
P0960,2130912,6.595280,-75.744519,2,7
P0961,2130913,6.235930,-75.605096,1,2
P0962,2130914,6.256570,-75.552129,1,2
P0963,2130915,4.646265,-74.117505,1,1
P0964,2130916,3.455354,-76.612182,1,3
P0965,2130917,10.902592,-74.744822,1,4
P0966,2130918,10.950504,-74.816069,1,4
P0967,2130919,7.148150,-75.887335,2,7
P0968,2130920,4.642627,-74.008090,1,1
P0969,2130921,5.934000,-72.956175,2,6
P0970,2130922,10.472952,-75.472765,1,5
P0971,2130923,4.743351,-74.239812,1,1
P0973,2130924,,-74.039895,1,1
P0974,2130925,5.667940,-72.541081,2,6
P0975,2130926,8.157934,-75.126550,2,9
P0976,2130927,,,2,7
P0977,2130928,"4°39'32.10""N","74°11'32.62""E",1,1
P0978,2130929,6.799535,-74.996489,2,7
P0979,2130930,5.962061,-73.231786,2,6
P0980,2130931,4.245733,-74.612127,2,1
P0981,2130932,,,2,9
P0982,2130933,,,1,2
P0983,2130934,11.003069,-74.830292,1,4
P0985,2130935,4.683096,-74.097317,1,1
P0986,2130936,3.397788,-76.444637,1,3
P0987,2130937,8.629359,-75.877511,2,9
P0988,2130938,4.645032,-73.977500,1,1
P0989,2130939,10.977670,-74.789136,1,4
P0990,2130940,4.648783,-74.117001,1,1
P0991,2130941,10.410149,-75.456567,1,5
P0992,2130942,4.537718,-74.001053,1,1
P0993,2130943,10.405640,-75.470575,1,5
P0994,2130944,7.243037,-74.563825,2,7
P0995,2130945,3.413943,-76.597530,1,3
P0996,2130946,,-75.600949,2,9
P0997,2130947,6.200182,-72.577487,2,6
P0998,2130948,6.342090,-75.619939,1,2
P0999,2130949,7.343137,-75.338455,2,7
P1000,2130950,6.186271,-75.493697,1,2
