año;semestre;mes;dominio;li;lp
2012;1;1;ARMENIA;112090,3134;290126,4599
2012;1;2;ARMENIA;112090,3134;290126,4599
2012;1;3;ARMENIA;112090,3134;290126,4599
2012;1;4;ARMENIA;112090,3134;290126,4599
2012;1;5;ARMENIA;112090,3134;290126,4599
2012;1;6;ARMENIA;112090,3134;290126,4599
2012;2;7;ARMENIA;112731,1838;290639,7951
2012;2;8;ARMENIA;112731,1838;290639,7951
2012;2;9;ARMENIA;112731,1838;290639,7951
2012;2;10;ARMENIA;112731,1838;290639,7951
2012;2;11;ARMENIA;112731,1838;290639,7951
2012;2;12;ARMENIA;112731,1838;290639,7951
2012;1;1;BARRANQUILLA;107746,9569;241767,0255
2012;1;2;BARRANQUILLA;107746,9569;241767,0255
2012;1;3;BARRANQUILLA;107746,9569;241767,0255
2012;1;4;BARRANQUILLA;107746,9569;241767,0255
2012;1;5;BARRANQUILLA;107746,9569;241767,0255
2012;1;6;BARRANQUILLA;107746,9569;241767,0255
2012;2;7;BARRANQUILLA;108433,4093;244204,1486
2012;2;8;BARRANQUILLA;108433,4093;244204,1486
2012;2;9;BARRANQUILLA;108433,4093;244204,1486
2012;2;10;BARRANQUILLA;108433,4093;244204,1486
2012;2;11;BARRANQUILLA;108433,4093;244204,1486
2012;2;12;BARRANQUILLA;108433,4093;244204,1486
2012;1;1;BOGOTA;128786,2543;338967,9119
2012;1;2;BOGOTA;128786,2543;338967,9119
2012;1;3;BOGOTA;128786,2543;338967,9119
2012;1;4;BOGOTA;128786,2543;338967,9119
2012;1;5;BOGOTA;128786,2543;338967,9119
2012;1;6;BOGOTA;128786,2543;338967,9119
2012;2;7;BOGOTA;128881,5085;338619,3279
2012;2;8;BOGOTA;128881,5085;338619,3279
2012;2;9;BOGOTA;128881,5085;338619,3279
2012;2;10;BOGOTA;128881,5085;338619,3279
2012;2;11;BOGOTA;128881,5085;338619,3279
2012;2;12;BOGOTA;128881,5085;338619,3279
2012;1;1;BUCARAMANGA;131991,154;331307,1299
2012;1;2;BUCARAMANGA;131991,154;331307,1299
2012;1;3;BUCARAMANGA;131991,154;331307,1299
2012;1;4;BUCARAMANGA;131991,154;331307,1299
2012;1;5;BUCARAMANGA;131991,154;331307,1299
2012;1;6;BUCARAMANGA;131991,154;331307,1299
2012;2;7;BUCARAMANGA;132446,2509;332875,0443
2012;2;8;BUCARAMANGA;132446,2509;332875,0443
2012;2;9;BUCARAMANGA;132446,2509;332875,0443
2012;2;10;BUCARAMANGA;132446,2509;332875,0443
2012;2;11;BUCARAMANGA;132446,2509;332875,0443
2012;2;12;BUCARAMANGA;132446,2509;332875,0443
2012;1;1;CALI;101126,4793;257879,2605
2012;1;2;CALI;101126,4793;257879,2605
2012;1;3;CALI;101126,4793;257879,2605
2012;1;4;CALI;101126,4793;257879,2605
2012;1;5;CALI;101126,4793;257879,2605
2012;1;6;CALI;101126,4793;257879,2605
2012;2;7;CALI;100418,4508;259232,8774
2012;2;8;CALI;100418,4508;259232,8774
2012;2;9;CALI;100418,4508;259232,8774
2012;2;10;CALI;100418,4508;259232,8774
2012;2;11;CALI;100418,4508;259232,8774
2012;2;12;CALI;100418,4508;259232,8774
2012;1;1;CARTAGENA;110450,1525;266574,5282
2012;1;2;CARTAGENA;110450,1525;266574,5282
2012;1;3;CARTAGENA;110450,1525;266574,5282
2012;1;4;CARTAGENA;110450,1525;266574,5282
2012;1;5;CARTAGENA;110450,1525;266574,5282
2012;1;6;CARTAGENA;110450,1525;266574,5282
2012;2;7;CARTAGENA;110025,2115;267416,467
2012;2;8;CARTAGENA;110025,2115;267416,467
2012;2;9;CARTAGENA;110025,2115;267416,467
2012;2;10;CARTAGENA;110025,2115;267416,467
2012;2;11;CARTAGENA;110025,2115;267416,467
2012;2;12;CARTAGENA;110025,2115;267416,467
2012;1;1;CUCUTA;101982,8791;249329,2654
2012;1;2;CUCUTA;101982,8791;249329,2654
2012;1;3;CUCUTA;101982,8791;249329,2654
2012;1;4;CUCUTA;101982,8791;249329,2654
2012;1;5;CUCUTA;101982,8791;249329,2654
2012;1;6;CUCUTA;101982,8791;249329,2654
2012;2;7;CUCUTA;100337,9204;248148,1289
2012;2;8;CUCUTA;100337,9204;248148,1289
2012;2;9;CUCUTA;100337,9204;248148,1289
2012;2;10;CUCUTA;100337,9204;248148,1289
2012;2;11;CUCUTA;100337,9204;248148,1289
2012;2;12;CUCUTA;100337,9204;248148,1289
2012;1;1;FLORENCIA;99274,82351;272313,6913
2012;1;2;FLORENCIA;99274,82351;272313,6913
2012;1;3;FLORENCIA;99274,82351;272313,6913
2012;1;4;FLORENCIA;99274,82351;272313,6913
2012;1;5;FLORENCIA;99274,82351;272313,6913
2012;1;6;FLORENCIA;99274,82351;272313,6913
2012;2;7;FLORENCIA;98565,24801;272286,0964
2012;2;8;FLORENCIA;98565,24801;272286,0964
2012;2;9;FLORENCIA;98565,24801;272286,0964
2012;2;10;FLORENCIA;98565,24801;272286,0964
2012;2;11;FLORENCIA;98565,24801;272286,0964
2012;2;12;FLORENCIA;98565,24801;272286,0964
2012;1;1;IBAGUE;107812,5129;289362,399
2012;1;2;IBAGUE;107812,5129;289362,399
2012;1;3;IBAGUE;107812,5129;289362,399
2012;1;4;IBAGUE;107812,5129;289362,399
2012;1;5;IBAGUE;107812,5129;289362,399
2012;1;6;IBAGUE;107812,5129;289362,399
2012;2;7;IBAGUE;107987,4016;291064,5345
2012;2;8;IBAGUE;107987,4016;291064,5345
2012;2;9;IBAGUE;107987,4016;291064,5345
2012;2;10;IBAGUE;107987,4016;291064,5345
2012;2;11;IBAGUE;107987,4016;291064,5345
2012;2;12;IBAGUE;107987,4016;291064,5345
2012;1;1;MANIZALES;99315,7906;277976,6605
2012;1;2;MANIZALES;99315,7906;277976,6605
2012;1;3;MANIZALES;99315,7906;277976,6605
2012;1;4;MANIZALES;99315,7906;277976,6605
2012;1;5;MANIZALES;99315,7906;277976,6605
2012;1;6;MANIZALES;99315,7906;277976,6605
2012;2;7;MANIZALES;98752,70372;278201,2095
2012;2;8;MANIZALES;98752,70372;278201,2095
2012;2;9;MANIZALES;98752,70372;278201,2095
2012;2;10;MANIZALES;98752,70372;278201,2095
2012;2;11;MANIZALES;98752,70372;278201,2095
2012;2;12;MANIZALES;98752,70372;278201,2095
2012;1;1;MEDELLIN;106283,9983;298051,4642
2012;1;2;MEDELLIN;106283,9983;298051,4642
2012;1;3;MEDELLIN;106283,9983;298051,4642
2012;1;4;MEDELLIN;106283,9983;298051,4642
2012;1;5;MEDELLIN;106283,9983;298051,4642
2012;1;6;MEDELLIN;106283,9983;298051,4642
2012;2;7;MEDELLIN;106876,3947;302573,0621
2012;2;8;MEDELLIN;106876,3947;302573,0621
2012;2;9;MEDELLIN;106876,3947;302573,0621
2012;2;10;MEDELLIN;106876,3947;302573,0621
2012;2;11;MEDELLIN;106876,3947;302573,0621
2012;2;12;MEDELLIN;106876,3947;302573,0621
2012;1;1;MONTERIA;105574,768;240743,0746
2012;1;2;MONTERIA;105574,768;240743,0746
2012;1;3;MONTERIA;105574,768;240743,0746
2012;1;4;MONTERIA;105574,768;240743,0746
2012;1;5;MONTERIA;105574,768;240743,0746
2012;1;6;MONTERIA;105574,768;240743,0746
2012;2;7;MONTERIA;104679,1308;241633,9836
2012;2;8;MONTERIA;104679,1308;241633,9836
2012;2;9;MONTERIA;104679,1308;241633,9836
2012;2;10;MONTERIA;104679,1308;241633,9836
2012;2;11;MONTERIA;104679,1308;241633,9836
2012;2;12;MONTERIA;104679,1308;241633,9836
2012;1;1;NEIVA;111558,4396;315558,0169
2012;1;2;NEIVA;111558,4396;315558,0169
2012;1;3;NEIVA;111558,4396;315558,0169
2012;1;4;NEIVA;111558,4396;315558,0169
2012;1;5;NEIVA;111558,4396;315558,0169
2012;1;6;NEIVA;111558,4396;315558,0169
2012;2;7;NEIVA;112312,3;318134,8158
2012;2;8;NEIVA;112312,3;318134,8158
2012;2;9;NEIVA;112312,3;318134,8158
2012;2;10;NEIVA;112312,3;318134,8158
2012;2;11;NEIVA;112312,3;318134,8158
2012;2;12;NEIVA;112312,3;318134,8158
2012;1;1;PASTO;112347,1998;293300,1154
2012;1;2;PASTO;112347,1998;293300,1154
2012;1;3;PASTO;112347,1998;293300,1154
2012;1;4;PASTO;112347,1998;293300,1154
2012;1;5;PASTO;112347,1998;293300,1154
2012;1;6;PASTO;112347,1998;293300,1154
2012;2;7;PASTO;113117,1215;295868,9298
2012;2;8;PASTO;113117,1215;295868,9298
2012;2;9;PASTO;113117,1215;295868,9298
2012;2;10;PASTO;113117,1215;295868,9298
2012;2;11;PASTO;113117,1215;295868,9298
2012;2;12;PASTO;113117,1215;295868,9298
2012;1;1;PEREIRA;107760,2933;293106,984
2012;1;2;PEREIRA;107760,2933;293106,984
2012;1;3;PEREIRA;107760,2933;293106,984
2012;1;4;PEREIRA;107760,2933;293106,984
2012;1;5;PEREIRA;107760,2933;293106,984
2012;1;6;PEREIRA;107760,2933;293106,984
2012;2;7;PEREIRA;107669,6797;294454,2114
2012;2;8;PEREIRA;107669,6797;294454,2114
2012;2;9;PEREIRA;107669,6797;294454,2114
2012;2;10;PEREIRA;107669,6797;294454,2114
2012;2;11;PEREIRA;107669,6797;294454,2114
2012;2;12;PEREIRA;107669,6797;294454,2114
2012;1;1;POPAYAN;122459,7676;311712,1174
2012;1;2;POPAYAN;122459,7676;311712,1174
2012;1;3;POPAYAN;122459,7676;311712,1174
2012;1;4;POPAYAN;122459,7676;311712,1174
2012;1;5;POPAYAN;122459,7676;311712,1174
2012;1;6;POPAYAN;122459,7676;311712,1174
2012;2;7;POPAYAN;124084,5383;316006,6647
2012;2;8;POPAYAN;124084,5383;316006,6647
2012;2;9;POPAYAN;124084,5383;316006,6647
2012;2;10;POPAYAN;124084,5383;316006,6647
2012;2;11;POPAYAN;124084,5383;316006,6647
2012;2;12;POPAYAN;124084,5383;316006,6647
2012;1;1;QUIBDO;121064,4553;304118,528
2012;1;2;QUIBDO;121064,4553;304118,528
2012;1;3;QUIBDO;121064,4553;304118,528
2012;1;4;QUIBDO;121064,4553;304118,528
2012;1;5;QUIBDO;121064,4553;304118,528
2012;1;6;QUIBDO;121064,4553;304118,528
2012;2;7;QUIBDO;121038,3039;305789,2401
2012;2;8;QUIBDO;121038,3039;305789,2401
2012;2;9;QUIBDO;121038,3039;305789,2401
2012;2;10;QUIBDO;121038,3039;305789,2401
2012;2;11;QUIBDO;121038,3039;305789,2401
2012;2;12;QUIBDO;121038,3039;305789,2401
2012;1;1;RESTO URBANO;99091,58552;226060,8476
2012;1;2;RESTO URBANO;99091,58552;226060,8476
2012;1;3;RESTO URBANO;99091,58552;226060,8476
2012;1;4;RESTO URBANO;99091,58552;226060,8476
2012;1;5;RESTO URBANO;99091,58552;226060,8476
2012;1;6;RESTO URBANO;99091,58552;226060,8476
2012;2;7;RESTO URBANO;99070,18055;227302,7403
2012;2;8;RESTO URBANO;99070,18055;227302,7403
2012;2;9;RESTO URBANO;99070,18055;227302,7403
2012;2;10;RESTO URBANO;99070,18055;227302,7403
2012;2;11;RESTO URBANO;99070,18055;227302,7403
2012;2;12;RESTO URBANO;99070,18055;227302,7403
2012;1;1;RIOHACHA;96589,48302;212364,7924
2012;1;2;RIOHACHA;96589,48302;212364,7924
2012;1;3;RIOHACHA;96589,48302;212364,7924
2012;1;4;RIOHACHA;96589,48302;212364,7924
2012;1;5;RIOHACHA;96589,48302;212364,7924
2012;1;6;RIOHACHA;96589,48302;212364,7924
2012;2;7;RIOHACHA;94845,01436;212142,7391
2012;2;8;RIOHACHA;94845,01436;212142,7391
2012;2;9;RIOHACHA;94845,01436;212142,7391
2012;2;10;RIOHACHA;94845,01436;212142,7391
2012;2;11;RIOHACHA;94845,01436;212142,7391
2012;2;12;RIOHACHA;94845,01436;212142,7391
2012;1;1;RURAL;80700,96293;161410,9485
2012;1;2;RURAL;80700,96293;161410,9485
2012;1;3;RURAL;80700,96293;161410,9485
2012;1;4;RURAL;80700,96293;161410,9485
2012;1;5;RURAL;80700,96293;161410,9485
2012;1;6;RURAL;80700,96293;161410,9485
2012;2;7;RURAL;80669,00129;162366,0733
2012;2;8;RURAL;80669,00129;162366,0733
2012;2;9;RURAL;80669,00129;162366,0733
2012;2;10;RURAL;80669,00129;162366,0733
2012;2;11;RURAL;80669,00129;162366,0733
2012;2;12;RURAL;80669,00129;162366,0733
2012;1;1;SANTA MARTA;117471,5559;253506,7887
2012;1;2;SANTA MARTA;117471,5559;253506,7887
2012;1;3;SANTA MARTA;117471,5559;253506,7887
2012;1;4;SANTA MARTA;117471,5559;253506,7887
2012;1;5;SANTA MARTA;117471,5559;253506,7887
2012;1;6;SANTA MARTA;117471,5559;253506,7887
2012;2;7;SANTA MARTA;117708,2515;255177,9677
2012;2;8;SANTA MARTA;117708,2515;255177,9677
2012;2;9;SANTA MARTA;117708,2515;255177,9677
2012;2;10;SANTA MARTA;117708,2515;255177,9677
2012;2;11;SANTA MARTA;117708,2515;255177,9677
2012;2;12;SANTA MARTA;117708,2515;255177,9677
2012;1;1;SINCELEJO;95503,68693;227777,8582
2012;1;2;SINCELEJO;95503,68693;227777,8582
2012;1;3;SINCELEJO;95503,68693;227777,8582
2012;1;4;SINCELEJO;95503,68693;227777,8582
2012;1;5;SINCELEJO;95503,68693;227777,8582
2012;1;6;SINCELEJO;95503,68693;227777,8582
2012;2;7;SINCELEJO;94228,16541;227522,86
2012;2;8;SINCELEJO;94228,16541;227522,86
2012;2;9;SINCELEJO;94228,16541;227522,86
2012;2;10;SINCELEJO;94228,16541;227522,86
2012;2;11;SINCELEJO;94228,16541;227522,86
2012;2;12;SINCELEJO;94228,16541;227522,86
2012;1;1;TUNJA;131629,2935;332007,6299
2012;1;2;TUNJA;131629,2935;332007,6299
2012;1;3;TUNJA;131629,2935;332007,6299
2012;1;4;TUNJA;131629,2935;332007,6299
2012;1;5;TUNJA;131629,2935;332007,6299
2012;1;6;TUNJA;131629,2935;332007,6299
2012;2;7;TUNJA;131024,8924;331516,5814
2012;2;8;TUNJA;131024,8924;331516,5814
2012;2;9;TUNJA;131024,8924;331516,5814
2012;2;10;TUNJA;131024,8924;331516,5814
2012;2;11;TUNJA;131024,8924;331516,5814
2012;2;12;TUNJA;131024,8924;331516,5814
2012;1;1;VALLEDUPAR;102974,4936;256554,504
2012;1;2;VALLEDUPAR;102974,4936;256554,504
2012;1;3;VALLEDUPAR;102974,4936;256554,504
2012;1;4;VALLEDUPAR;102974,4936;256554,504
2012;1;5;VALLEDUPAR;102974,4936;256554,504
2012;1;6;VALLEDUPAR;102974,4936;256554,504
2012;2;7;VALLEDUPAR;102898,7168;258078,29
2012;2;8;VALLEDUPAR;102898,7168;258078,29
2012;2;9;VALLEDUPAR;102898,7168;258078,29
2012;2;10;VALLEDUPAR;102898,7168;258078,29
2012;2;11;VALLEDUPAR;102898,7168;258078,29
2012;2;12;VALLEDUPAR;102898,7168;258078,29
2012;1;1;VILLAVICENCIO;124772,4043;293020,2817
2012;1;2;VILLAVICENCIO;124772,4043;293020,2817
2012;1;3;VILLAVICENCIO;124772,4043;293020,2817
2012;1;4;VILLAVICENCIO;124772,4043;293020,2817
2012;1;5;VILLAVICENCIO;124772,4043;293020,2817
2012;1;6;VILLAVICENCIO;124772,4043;293020,2817
2012;2;7;VILLAVICENCIO;124757,2243;296009,0947
2012;2;8;VILLAVICENCIO;124757,2243;296009,0947
2012;2;9;VILLAVICENCIO;124757,2243;296009,0947
2012;2;10;VILLAVICENCIO;124757,2243;296009,0947
2012;2;11;VILLAVICENCIO;124757,2243;296009,0947
2012;2;12;VILLAVICENCIO;124757,2243;296009,0947
2013;1;1;ARMENIA;110541,9135;292480,4611
2013;1;2;ARMENIA;110541,9135;292480,4611
2013;1;3;ARMENIA;110541,9135;292480,4611
2013;1;4;ARMENIA;110541,9135;292480,4611
2013;1;5;ARMENIA;110541,9135;292480,4611
2013;1;6;ARMENIA;110541,9135;292480,4611
2013;2;7;ARMENIA;109587,3092;292379,7536
2013;2;8;ARMENIA;109587,3092;292379,7536
2013;2;9;ARMENIA;109587,3092;292379,7536
2013;2;10;ARMENIA;109587,3092;292379,7536
2013;2;11;ARMENIA;109587,3092;292379,7536
2013;2;12;ARMENIA;109587,3092;292379,7536
2013;1;1;BARRANQUILLA;107358,3213;245230,6578
2013;1;2;BARRANQUILLA;107358,3213;245230,6578
2013;1;3;BARRANQUILLA;107358,3213;245230,6578
2013;1;4;BARRANQUILLA;107358,3213;245230,6578
2013;1;5;BARRANQUILLA;107358,3213;245230,6578
2013;1;6;BARRANQUILLA;107358,3213;245230,6578
2013;2;7;BARRANQUILLA;106949,7726;245699,6675
2013;2;8;BARRANQUILLA;106949,7726;245699,6675
2013;2;9;BARRANQUILLA;106949,7726;245699,6675
2013;2;10;BARRANQUILLA;106949,7726;245699,6675
2013;2;11;BARRANQUILLA;106949,7726;245699,6675
2013;2;12;BARRANQUILLA;106949,7726;245699,6675
2013;1;1;BOGOTA;131151,1629;347442,8567
2013;1;2;BOGOTA;131151,1629;347442,8567
2013;1;3;BOGOTA;131151,1629;347442,8567
2013;1;4;BOGOTA;131151,1629;347442,8567
2013;1;5;BOGOTA;131151,1629;347442,8567
2013;1;6;BOGOTA;131151,1629;347442,8567
2013;2;7;BOGOTA;129516,8413;345565,3858
2013;2;8;BOGOTA;129516,8413;345565,3858
2013;2;9;BOGOTA;129516,8413;345565,3858
2013;2;10;BOGOTA;129516,8413;345565,3858
2013;2;11;BOGOTA;129516,8413;345565,3858
2013;2;12;BOGOTA;129516,8413;345565,3858
2013;1;1;BUCARAMANGA;134447,3167;340727,7474
2013;1;2;BUCARAMANGA;134447,3167;340727,7474
2013;1;3;BUCARAMANGA;134447,3167;340727,7474
2013;1;4;BUCARAMANGA;134447,3167;340727,7474
2013;1;5;BUCARAMANGA;134447,3167;340727,7474
2013;1;6;BUCARAMANGA;134447,3167;340727,7474
2013;2;7;BUCARAMANGA;131660,6718;339747,5704
2013;2;8;BUCARAMANGA;131660,6718;339747,5704
2013;2;9;BUCARAMANGA;131660,6718;339747,5704
2013;2;10;BUCARAMANGA;131660,6718;339747,5704
2013;2;11;BUCARAMANGA;131660,6718;339747,5704
2013;2;12;BUCARAMANGA;131660,6718;339747,5704
2013;1;1;CALI;101078,9586;262860,0049
2013;1;2;CALI;101078,9586;262860,0049
2013;1;3;CALI;101078,9586;262860,0049
2013;1;4;CALI;101078,9586;262860,0049
2013;1;5;CALI;101078,9586;262860,0049
2013;1;6;CALI;101078,9586;262860,0049
2013;2;7;CALI;100901,9935;263071,1902
2013;2;8;CALI;100901,9935;263071,1902
2013;2;9;CALI;100901,9935;263071,1902
2013;2;10;CALI;100901,9935;263071,1902
2013;2;11;CALI;100901,9935;263071,1902
2013;2;12;CALI;100901,9935;263071,1902
2013;1;1;CARTAGENA;108772,3632;270389,1063
2013;1;2;CARTAGENA;108772,3632;270389,1063
2013;1;3;CARTAGENA;108772,3632;270389,1063
2013;1;4;CARTAGENA;108772,3632;270389,1063
2013;1;5;CARTAGENA;108772,3632;270389,1063
2013;1;6;CARTAGENA;108772,3632;270389,1063
2013;2;7;CARTAGENA;108142,2989;270502,2582
2013;2;8;CARTAGENA;108142,2989;270502,2582
2013;2;9;CARTAGENA;108142,2989;270502,2582
2013;2;10;CARTAGENA;108142,2989;270502,2582
2013;2;11;CARTAGENA;108142,2989;270502,2582
2013;2;12;CARTAGENA;108142,2989;270502,2582
2013;1;1;CUCUTA;99414,72904;249219,0752
2013;1;2;CUCUTA;99414,72904;249219,0752
2013;1;3;CUCUTA;99414,72904;249219,0752
2013;1;4;CUCUTA;99414,72904;249219,0752
2013;1;5;CUCUTA;99414,72904;249219,0752
2013;1;6;CUCUTA;99414,72904;249219,0752
2013;2;7;CUCUTA;95545,38417;245697,6814
2013;2;8;CUCUTA;95545,38417;245697,6814
2013;2;9;CUCUTA;95545,38417;245697,6814
2013;2;10;CUCUTA;95545,38417;245697,6814
2013;2;11;CUCUTA;95545,38417;245697,6814
2013;2;12;CUCUTA;95545,38417;245697,6814
2013;1;1;FLORENCIA;98343,2661;274191,3401
2013;1;2;FLORENCIA;98343,2661;274191,3401
2013;1;3;FLORENCIA;98343,2661;274191,3401
2013;1;4;FLORENCIA;98343,2661;274191,3401
2013;1;5;FLORENCIA;98343,2661;274191,3401
2013;1;6;FLORENCIA;98343,2661;274191,3401
2013;2;7;FLORENCIA;97389,25736;275167,0074
2013;2;8;FLORENCIA;97389,25736;275167,0074
2013;2;9;FLORENCIA;97389,25736;275167,0074
2013;2;10;FLORENCIA;97389,25736;275167,0074
2013;2;11;FLORENCIA;97389,25736;275167,0074
2013;2;12;FLORENCIA;97389,25736;275167,0074
2013;1;1;IBAGUE;108406,7918;295480,9043
2013;1;2;IBAGUE;108406,7918;295480,9043
2013;1;3;IBAGUE;108406,7918;295480,9043
2013;1;4;IBAGUE;108406,7918;295480,9043
2013;1;5;IBAGUE;108406,7918;295480,9043
2013;1;6;IBAGUE;108406,7918;295480,9043
2013;2;7;IBAGUE;106166,414;294450,9365
2013;2;8;IBAGUE;106166,414;294450,9365
2013;2;9;IBAGUE;106166,414;294450,9365
2013;2;10;IBAGUE;106166,414;294450,9365
2013;2;11;IBAGUE;106166,414;294450,9365
2013;2;12;IBAGUE;106166,414;294450,9365
2013;1;1;MANIZALES;97907,34615;281955,0224
2013;1;2;MANIZALES;97907,34615;281955,0224
2013;1;3;MANIZALES;97907,34615;281955,0224
2013;1;4;MANIZALES;97907,34615;281955,0224
2013;1;5;MANIZALES;97907,34615;281955,0224
2013;1;6;MANIZALES;97907,34615;281955,0224
2013;2;7;MANIZALES;97354,16771;282815,6728
2013;2;8;MANIZALES;97354,16771;282815,6728
2013;2;9;MANIZALES;97354,16771;282815,6728
2013;2;10;MANIZALES;97354,16771;282815,6728
2013;2;11;MANIZALES;97354,16771;282815,6728
2013;2;12;MANIZALES;97354,16771;282815,6728
2013;1;1;MEDELLIN;106091,9338;305078,5577
2013;1;2;MEDELLIN;106091,9338;305078,5577
2013;1;3;MEDELLIN;106091,9338;305078,5577
2013;1;4;MEDELLIN;106091,9338;305078,5577
2013;1;5;MEDELLIN;106091,9338;305078,5577
2013;1;6;MEDELLIN;106091,9338;305078,5577
2013;2;7;MEDELLIN;106027,4825;306739,8124
2013;2;8;MEDELLIN;106027,4825;306739,8124
2013;2;9;MEDELLIN;106027,4825;306739,8124
2013;2;10;MEDELLIN;106027,4825;306739,8124
2013;2;11;MEDELLIN;106027,4825;306739,8124
2013;2;12;MEDELLIN;106027,4825;306739,8124
2013;1;1;MONTERIA;105161,1267;245407,5991
2013;1;2;MONTERIA;105161,1267;245407,5991
2013;1;3;MONTERIA;105161,1267;245407,5991
2013;1;4;MONTERIA;105161,1267;245407,5991
2013;1;5;MONTERIA;105161,1267;245407,5991
2013;1;6;MONTERIA;105161,1267;245407,5991
2013;2;7;MONTERIA;102572,9468;243559,4506
2013;2;8;MONTERIA;102572,9468;243559,4506
2013;2;9;MONTERIA;102572,9468;243559,4506
2013;2;10;MONTERIA;102572,9468;243559,4506
2013;2;11;MONTERIA;102572,9468;243559,4506
2013;2;12;MONTERIA;102572,9468;243559,4506
2013;1;1;NEIVA;111824,2113;322456,0787
2013;1;2;NEIVA;111824,2113;322456,0787
2013;1;3;NEIVA;111824,2113;322456,0787
2013;1;4;NEIVA;111824,2113;322456,0787
2013;1;5;NEIVA;111824,2113;322456,0787
2013;1;6;NEIVA;111824,2113;322456,0787
2013;2;7;NEIVA;110630,026;321919,0415
2013;2;8;NEIVA;110630,026;321919,0415
2013;2;9;NEIVA;110630,026;321919,0415
2013;2;10;NEIVA;110630,026;321919,0415
2013;2;11;NEIVA;110630,026;321919,0415
2013;2;12;NEIVA;110630,026;321919,0415
2013;1;1;PASTO;111040,3884;295576,1322
2013;1;2;PASTO;111040,3884;295576,1322
2013;1;3;PASTO;111040,3884;295576,1322
2013;1;4;PASTO;111040,3884;295576,1322
2013;1;5;PASTO;111040,3884;295576,1322
2013;1;6;PASTO;111040,3884;295576,1322
2013;2;7;PASTO;110688,0577;297287,3882
2013;2;8;PASTO;110688,0577;297287,3882
2013;2;9;PASTO;110688,0577;297287,3882
2013;2;10;PASTO;110688,0577;297287,3882
2013;2;11;PASTO;110688,0577;297287,3882
2013;2;12;PASTO;110688,0577;297287,3882
2013;1;1;PEREIRA;107595,1174;299248,7947
2013;1;2;PEREIRA;107595,1174;299248,7947
2013;1;3;PEREIRA;107595,1174;299248,7947
2013;1;4;PEREIRA;107595,1174;299248,7947
2013;1;5;PEREIRA;107595,1174;299248,7947
2013;1;6;PEREIRA;107595,1174;299248,7947
2013;2;7;PEREIRA;106654,4332;299554,3062
2013;2;8;PEREIRA;106654,4332;299554,3062
2013;2;9;PEREIRA;106654,4332;299554,3062
2013;2;10;PEREIRA;106654,4332;299554,3062
2013;2;11;PEREIRA;106654,4332;299554,3062
2013;2;12;PEREIRA;106654,4332;299554,3062
2013;1;1;POPAYAN;122508,5901;317294,5055
2013;1;2;POPAYAN;122508,5901;317294,5055
2013;1;3;POPAYAN;122508,5901;317294,5055
2013;1;4;POPAYAN;122508,5901;317294,5055
2013;1;5;POPAYAN;122508,5901;317294,5055
2013;1;6;POPAYAN;122508,5901;317294,5055
2013;2;7;POPAYAN;121102,6491;317990,5806
2013;2;8;POPAYAN;121102,6491;317990,5806
2013;2;9;POPAYAN;121102,6491;317990,5806
2013;2;10;POPAYAN;121102,6491;317990,5806
2013;2;11;POPAYAN;121102,6491;317990,5806
2013;2;12;POPAYAN;121102,6491;317990,5806
2013;1;1;QUIBDO;121091,5568;310355,2995
2013;1;2;QUIBDO;121091,5568;310355,2995
2013;1;3;QUIBDO;121091,5568;310355,2995
2013;1;4;QUIBDO;121091,5568;310355,2995
2013;1;5;QUIBDO;121091,5568;310355,2995
2013;1;6;QUIBDO;121091,5568;310355,2995
2013;2;7;QUIBDO;119494,2235;310066,8899
2013;2;8;QUIBDO;119494,2235;310066,8899
2013;2;9;QUIBDO;119494,2235;310066,8899
2013;2;10;QUIBDO;119494,2235;310066,8899
2013;2;11;QUIBDO;119494,2235;310066,8899
2013;2;12;QUIBDO;119494,2235;310066,8899
2013;1;1;RESTO URBANO;99113,76817;230696,8356
2013;1;2;RESTO URBANO;99113,76817;230696,8356
2013;1;3;RESTO URBANO;99113,76817;230696,8356
2013;1;4;RESTO URBANO;99113,76817;230696,8356
2013;1;5;RESTO URBANO;99113,76817;230696,8356
2013;1;6;RESTO URBANO;99113,76817;230696,8356
2013;2;7;RESTO URBANO;97806,34657;230482,4517
2013;2;8;RESTO URBANO;97806,34657;230482,4517
2013;2;9;RESTO URBANO;97806,34657;230482,4517
2013;2;10;RESTO URBANO;97806,34657;230482,4517
2013;2;11;RESTO URBANO;97806,34657;230482,4517
2013;2;12;RESTO URBANO;97806,34657;230482,4517
2013;1;1;RIOHACHA;98869,36039;219007,3534
2013;1;2;RIOHACHA;98869,36039;219007,3534
2013;1;3;RIOHACHA;98869,36039;219007,3534
2013;1;4;RIOHACHA;98869,36039;219007,3534
2013;1;5;RIOHACHA;98869,36039;219007,3534
2013;1;6;RIOHACHA;98869,36039;219007,3534
2013;2;7;RIOHACHA;97441,46673;218365,5169
2013;2;8;RIOHACHA;97441,46673;218365,5169
2013;2;9;RIOHACHA;97441,46673;218365,5169
2013;2;10;RIOHACHA;97441,46673;218365,5169
2013;2;11;RIOHACHA;97441,46673;218365,5169
2013;2;12;RIOHACHA;97441,46673;218365,5169
2013;1;1;RURAL;80414,86769;164415,9142
2013;1;2;RURAL;80414,86769;164415,9142
2013;1;3;RURAL;80414,86769;164415,9142
2013;1;4;RURAL;80414,86769;164415,9142
2013;1;5;RURAL;80414,86769;164415,9142
2013;1;6;RURAL;80414,86769;164415,9142
2013;2;7;RURAL;79360,65536;164347,5268
2013;2;8;RURAL;79360,65536;164347,5268
2013;2;9;RURAL;79360,65536;164347,5268
2013;2;10;RURAL;79360,65536;164347,5268
2013;2;11;RURAL;79360,65536;164347,5268
2013;2;12;RURAL;79360,65536;164347,5268
2013;1;1;SANTA MARTA;116930,7238;256666,2106
2013;1;2;SANTA MARTA;116930,7238;256666,2106
2013;1;3;SANTA MARTA;116930,7238;256666,2106
2013;1;4;SANTA MARTA;116930,7238;256666,2106
2013;1;5;SANTA MARTA;116930,7238;256666,2106
2013;1;6;SANTA MARTA;116930,7238;256666,2106
2013;2;7;SANTA MARTA;116330,0627;258447,2384
2013;2;8;SANTA MARTA;116330,0627;258447,2384
2013;2;9;SANTA MARTA;116330,0627;258447,2384
2013;2;10;SANTA MARTA;116330,0627;258447,2384
2013;2;11;SANTA MARTA;116330,0627;258447,2384
2013;2;12;SANTA MARTA;116330,0627;258447,2384
2013;1;1;SINCELEJO;95533,67827;231085,7873
2013;1;2;SINCELEJO;95533,67827;231085,7873
2013;1;3;SINCELEJO;95533,67827;231085,7873
2013;1;4;SINCELEJO;95533,67827;231085,7873
2013;1;5;SINCELEJO;95533,67827;231085,7873
2013;1;6;SINCELEJO;95533,67827;231085,7873
2013;2;7;SINCELEJO;92564,40076;228595,8339
2013;2;8;SINCELEJO;92564,40076;228595,8339
2013;2;9;SINCELEJO;92564,40076;228595,8339
2013;2;10;SINCELEJO;92564,40076;228595,8339
2013;2;11;SINCELEJO;92564,40076;228595,8339
2013;2;12;SINCELEJO;92564,40076;228595,8339
2013;1;1;TUNJA;132801,2307;339040,5841
2013;1;2;TUNJA;132801,2307;339040,5841
2013;1;3;TUNJA;132801,2307;339040,5841
2013;1;4;TUNJA;132801,2307;339040,5841
2013;1;5;TUNJA;132801,2307;339040,5841
2013;1;6;TUNJA;132801,2307;339040,5841
2013;2;7;TUNJA;128341,2006;335746,9143
2013;2;8;TUNJA;128341,2006;335746,9143
2013;2;9;TUNJA;128341,2006;335746,9143
2013;2;10;TUNJA;128341,2006;335746,9143
2013;2;11;TUNJA;128341,2006;335746,9143
2013;2;12;TUNJA;128341,2006;335746,9143
2013;1;1;VALLEDUPAR;101811,5038;259604,7814
2013;1;2;VALLEDUPAR;101811,5038;259604,7814
2013;1;3;VALLEDUPAR;101811,5038;259604,7814
2013;1;4;VALLEDUPAR;101811,5038;259604,7814
2013;1;5;VALLEDUPAR;101811,5038;259604,7814
2013;1;6;VALLEDUPAR;101811,5038;259604,7814
2013;2;7;VALLEDUPAR;100300,8533;259023,1471
2013;2;8;VALLEDUPAR;100300,8533;259023,1471
2013;2;9;VALLEDUPAR;100300,8533;259023,1471
2013;2;10;VALLEDUPAR;100300,8533;259023,1471
2013;2;11;VALLEDUPAR;100300,8533;259023,1471
2013;2;12;VALLEDUPAR;100300,8533;259023,1471
2013;1;1;VILLAVICENCIO;126788,8089;302618,5489
2013;1;2;VILLAVICENCIO;126788,8089;302618,5489
2013;1;3;VILLAVICENCIO;126788,8089;302618,5489
2013;1;4;VILLAVICENCIO;126788,8089;302618,5489
2013;1;5;VILLAVICENCIO;126788,8089;302618,5489
2013;1;6;VILLAVICENCIO;126788,8089;302618,5489
2013;2;7;VILLAVICENCIO;123565,4948;302016,3541
2013;2;8;VILLAVICENCIO;123565,4948;302016,3541
2013;2;9;VILLAVICENCIO;123565,4948;302016,3541
2013;2;10;VILLAVICENCIO;123565,4948;302016,3541
2013;2;11;VILLAVICENCIO;123565,4948;302016,3541
2013;2;12;VILLAVICENCIO;123565,4948;302016,3541
2014;1;1;ARMENIA;113857,388;300827,087
2014;1;2;ARMENIA;113857,388;300827,087
2014;1;3;ARMENIA;113857,388;300827,087
2014;1;4;ARMENIA;113857,388;300827,087
2014;1;5;ARMENIA;113857,388;300827,087
2014;1;6;ARMENIA;113857,388;300827,087
2014;2;7;ARMENIA;115667,0774;304417,039
2014;2;8;ARMENIA;115667,0774;304417,039
2014;2;9;ARMENIA;115667,0774;304417,039
2014;2;10;ARMENIA;115667,0774;304417,039
2014;2;11;ARMENIA;115667,0774;304417,039
2014;2;12;ARMENIA;115667,0774;304417,039
2014;1;1;BARRANQUILLA;111792,8987;253991,3796
2014;1;2;BARRANQUILLA;111792,8987;253991,3796
2014;1;3;BARRANQUILLA;111792,8987;253991,3796
2014;1;4;BARRANQUILLA;111792,8987;253991,3796
2014;1;5;BARRANQUILLA;111792,8987;253991,3796
2014;1;6;BARRANQUILLA;111792,8987;253991,3796
2014;2;7;BARRANQUILLA;112949,2777;256007,9664
2014;2;8;BARRANQUILLA;112949,2777;256007,9664
2014;2;9;BARRANQUILLA;112949,2777;256007,9664
2014;2;10;BARRANQUILLA;112949,2777;256007,9664
2014;2;11;BARRANQUILLA;112949,2777;256007,9664
2014;2;12;BARRANQUILLA;112949,2777;256007,9664
2014;1;1;BOGOTA;134576,3025;355690,8098
2014;1;2;BOGOTA;134576,3025;355690,8098
2014;1;3;BOGOTA;134576,3025;355690,8098
2014;1;4;BOGOTA;134576,3025;355690,8098
2014;1;5;BOGOTA;134576,3025;355690,8098
2014;1;6;BOGOTA;134576,3025;355690,8098
2014;2;7;BOGOTA;134866,6193;359214,289
2014;2;8;BOGOTA;134866,6193;359214,289
2014;2;9;BOGOTA;134866,6193;359214,289
2014;2;10;BOGOTA;134866,6193;359214,289
2014;2;11;BOGOTA;134866,6193;359214,289
2014;2;12;BOGOTA;134866,6193;359214,289
2014;1;1;BUCARAMANGA;137920,9685;352682,8312
2014;1;2;BUCARAMANGA;137920,9685;352682,8312
2014;1;3;BUCARAMANGA;137920,9685;352682,8312
2014;1;4;BUCARAMANGA;137920,9685;352682,8312
2014;1;5;BUCARAMANGA;137920,9685;352682,8312
2014;1;6;BUCARAMANGA;137920,9685;352682,8312
2014;2;7;BUCARAMANGA;139472,9946;357518,3444
2014;2;8;BUCARAMANGA;139472,9946;357518,3444
2014;2;9;BUCARAMANGA;139472,9946;357518,3444
2014;2;10;BUCARAMANGA;139472,9946;357518,3444
2014;2;11;BUCARAMANGA;139472,9946;357518,3444
2014;2;12;BUCARAMANGA;139472,9946;357518,3444
2014;1;1;CALI;105767,9141;271333,8893
2014;1;2;CALI;105767,9141;271333,8893
2014;1;3;CALI;105767,9141;271333,8893
2014;1;4;CALI;105767,9141;271333,8893
2014;1;5;CALI;105767,9141;271333,8893
2014;1;6;CALI;105767,9141;271333,8893
2014;2;7;CALI;106845,1054;274429,1849
2014;2;8;CALI;106845,1054;274429,1849
2014;2;9;CALI;106845,1054;274429,1849
2014;2;10;CALI;106845,1054;274429,1849
2014;2;11;CALI;106845,1054;274429,1849
2014;2;12;CALI;106845,1054;274429,1849
2014;1;1;CARTAGENA;112691,1935;280283,3283
2014;1;2;CARTAGENA;112691,1935;280283,3283
2014;1;3;CARTAGENA;112691,1935;280283,3283
2014;1;4;CARTAGENA;112691,1935;280283,3283
2014;1;5;CARTAGENA;112691,1935;280283,3283
2014;1;6;CARTAGENA;112691,1935;280283,3283
2014;2;7;CARTAGENA;113692,8029;281968,7185
2014;2;8;CARTAGENA;113692,8029;281968,7185
2014;2;9;CARTAGENA;113692,8029;281968,7185
2014;2;10;CARTAGENA;113692,8029;281968,7185
2014;2;11;CARTAGENA;113692,8029;281968,7185
2014;2;12;CARTAGENA;113692,8029;281968,7185
2014;1;1;CUCUTA;99482,18039;251493,6746
2014;1;2;CUCUTA;99482,18039;251493,6746
2014;1;3;CUCUTA;99482,18039;251493,6746
2014;1;4;CUCUTA;99482,18039;251493,6746
2014;1;5;CUCUTA;99482,18039;251493,6746
2014;1;6;CUCUTA;99482,18039;251493,6746
2014;2;7;CUCUTA;100561,1046;254104,5281
2014;2;8;CUCUTA;100561,1046;254104,5281
2014;2;9;CUCUTA;100561,1046;254104,5281
2014;2;10;CUCUTA;100561,1046;254104,5281
2014;2;11;CUCUTA;100561,1046;254104,5281
2014;2;12;CUCUTA;100561,1046;254104,5281
2014;1;1;FLORENCIA;100652,8427;281730,8453
2014;1;2;FLORENCIA;100652,8427;281730,8453
2014;1;3;FLORENCIA;100652,8427;281730,8453
2014;1;4;FLORENCIA;100652,8427;281730,8453
2014;1;5;FLORENCIA;100652,8427;281730,8453
2014;1;6;FLORENCIA;100652,8427;281730,8453
2014;2;7;FLORENCIA;103221,9294;286689,8184
2014;2;8;FLORENCIA;103221,9294;286689,8184
2014;2;9;FLORENCIA;103221,9294;286689,8184
2014;2;10;FLORENCIA;103221,9294;286689,8184
2014;2;11;FLORENCIA;103221,9294;286689,8184
2014;2;12;FLORENCIA;103221,9294;286689,8184
2014;1;1;IBAGUE;110741,8428;305773,4832
2014;1;2;IBAGUE;110741,8428;305773,4832
2014;1;3;IBAGUE;110741,8428;305773,4832
2014;1;4;IBAGUE;110741,8428;305773,4832
2014;1;5;IBAGUE;110741,8428;305773,4832
2014;1;6;IBAGUE;110741,8428;305773,4832
2014;2;7;IBAGUE;112521,2594;309547,861
2014;2;8;IBAGUE;112521,2594;309547,861
2014;2;9;IBAGUE;112521,2594;309547,861
2014;2;10;IBAGUE;112521,2594;309547,861
2014;2;11;IBAGUE;112521,2594;309547,861
2014;2;12;IBAGUE;112521,2594;309547,861
2014;1;1;MANIZALES;100947,3407;290987,4707
2014;1;2;MANIZALES;100947,3407;290987,4707
2014;1;3;MANIZALES;100947,3407;290987,4707
2014;1;4;MANIZALES;100947,3407;290987,4707
2014;1;5;MANIZALES;100947,3407;290987,4707
2014;1;6;MANIZALES;100947,3407;290987,4707
2014;2;7;MANIZALES;101634,9447;293779,4264
2014;2;8;MANIZALES;101634,9447;293779,4264
2014;2;9;MANIZALES;101634,9447;293779,4264
2014;2;10;MANIZALES;101634,9447;293779,4264
2014;2;11;MANIZALES;101634,9447;293779,4264
2014;2;12;MANIZALES;101634,9447;293779,4264
2014;1;1;MEDELLIN;109638,4086;313982,2823
2014;1;2;MEDELLIN;109638,4086;313982,2823
2014;1;3;MEDELLIN;109638,4086;313982,2823
2014;1;4;MEDELLIN;109638,4086;313982,2823
2014;1;5;MEDELLIN;109638,4086;313982,2823
2014;1;6;MEDELLIN;109638,4086;313982,2823
2014;2;7;MEDELLIN;111348,5367;319348,4499
2014;2;8;MEDELLIN;111348,5367;319348,4499
2014;2;9;MEDELLIN;111348,5367;319348,4499
2014;2;10;MEDELLIN;111348,5367;319348,4499
2014;2;11;MEDELLIN;111348,5367;319348,4499
2014;2;12;MEDELLIN;111348,5367;319348,4499
2014;1;1;MONTERIA;107875,1852;252444,8446
2014;1;2;MONTERIA;107875,1852;252444,8446
2014;1;3;MONTERIA;107875,1852;252444,8446
2014;1;4;MONTERIA;107875,1852;252444,8446
2014;1;5;MONTERIA;107875,1852;252444,8446
2014;1;6;MONTERIA;107875,1852;252444,8446
2014;2;7;MONTERIA;109444,5062;254390,396
2014;2;8;MONTERIA;109444,5062;254390,396
2014;2;9;MONTERIA;109444,5062;254390,396
2014;2;10;MONTERIA;109444,5062;254390,396
2014;2;11;MONTERIA;109444,5062;254390,396
2014;2;12;MONTERIA;109444,5062;254390,396
2014;1;1;NEIVA;116251,1773;333426,3044
2014;1;2;NEIVA;116251,1773;333426,3044
2014;1;3;NEIVA;116251,1773;333426,3044
2014;1;4;NEIVA;116251,1773;333426,3044
2014;1;5;NEIVA;116251,1773;333426,3044
2014;1;6;NEIVA;116251,1773;333426,3044
2014;2;7;NEIVA;117734,8075;336612,6906
2014;2;8;NEIVA;117734,8075;336612,6906
2014;2;9;NEIVA;117734,8075;336612,6906
2014;2;10;NEIVA;117734,8075;336612,6906
2014;2;11;NEIVA;117734,8075;336612,6906
2014;2;12;NEIVA;117734,8075;336612,6906
2014;1;1;PASTO;115868,9958;306299,8292
2014;1;2;PASTO;115868,9958;306299,8292
2014;1;3;PASTO;115868,9958;306299,8292
2014;1;4;PASTO;115868,9958;306299,8292
2014;1;5;PASTO;115868,9958;306299,8292
2014;1;6;PASTO;115868,9958;306299,8292
2014;2;7;PASTO;119697,7487;312923,2891
2014;2;8;PASTO;119697,7487;312923,2891
2014;2;9;PASTO;119697,7487;312923,2891
2014;2;10;PASTO;119697,7487;312923,2891
2014;2;11;PASTO;119697,7487;312923,2891
2014;2;12;PASTO;119697,7487;312923,2891
2014;1;1;PEREIRA;110629,4441;308200,7233
2014;1;2;PEREIRA;110629,4441;308200,7233
2014;1;3;PEREIRA;110629,4441;308200,7233
2014;1;4;PEREIRA;110629,4441;308200,7233
2014;1;5;PEREIRA;110629,4441;308200,7233
2014;1;6;PEREIRA;110629,4441;308200,7233
2014;2;7;PEREIRA;112436,3913;311918,7867
2014;2;8;PEREIRA;112436,3913;311918,7867
2014;2;9;PEREIRA;112436,3913;311918,7867
2014;2;10;PEREIRA;112436,3913;311918,7867
2014;2;11;PEREIRA;112436,3913;311918,7867
2014;2;12;PEREIRA;112436,3913;311918,7867
2014;1;1;POPAYAN;128271,7933;327616,188
2014;1;2;POPAYAN;128271,7933;327616,188
2014;1;3;POPAYAN;128271,7933;327616,188
2014;1;4;POPAYAN;128271,7933;327616,188
2014;1;5;POPAYAN;128271,7933;327616,188
2014;1;6;POPAYAN;128271,7933;327616,188
2014;2;7;POPAYAN;129357,0467;330656,9245
2014;2;8;POPAYAN;129357,0467;330656,9245
2014;2;9;POPAYAN;129357,0467;330656,9245
2014;2;10;POPAYAN;129357,0467;330656,9245
2014;2;11;POPAYAN;129357,0467;330656,9245
2014;2;12;POPAYAN;129357,0467;330656,9245
2014;1;1;QUIBDO;125059,5416;319657,635
2014;1;2;QUIBDO;125059,5416;319657,635
2014;1;3;QUIBDO;125059,5416;319657,635
2014;1;4;QUIBDO;125059,5416;319657,635
2014;1;5;QUIBDO;125059,5416;319657,635
2014;1;6;QUIBDO;125059,5416;319657,635
2014;2;7;QUIBDO;126452,687;322859,4833
2014;2;8;QUIBDO;126452,687;322859,4833
2014;2;9;QUIBDO;126452,687;322859,4833
2014;2;10;QUIBDO;126452,687;322859,4833
2014;2;11;QUIBDO;126452,687;322859,4833
2014;2;12;QUIBDO;126452,687;322859,4833
2014;1;1;RESTO URBANO;102361,5745;237611,5535
2014;1;2;RESTO URBANO;102361,5745;237611,5535
2014;1;3;RESTO URBANO;102361,5745;237611,5535
2014;1;4;RESTO URBANO;102361,5745;237611,5535
2014;1;5;RESTO URBANO;102361,5745;237611,5535
2014;1;6;RESTO URBANO;102361,5745;237611,5535
2014;2;7;RESTO URBANO;103501,8678;239991,5879
2014;2;8;RESTO URBANO;103501,8678;239991,5879
2014;2;9;RESTO URBANO;103501,8678;239991,5879
2014;2;10;RESTO URBANO;103501,8678;239991,5879
2014;2;11;RESTO URBANO;103501,8678;239991,5879
2014;2;12;RESTO URBANO;103501,8678;239991,5879
2014;1;1;RIOHACHA;101756,7926;224605,2571
2014;1;2;RIOHACHA;101756,7926;224605,2571
2014;1;3;RIOHACHA;101756,7926;224605,2571
2014;1;4;RIOHACHA;101756,7926;224605,2571
2014;1;5;RIOHACHA;101756,7926;224605,2571
2014;1;6;RIOHACHA;101756,7926;224605,2571
2014;2;7;RIOHACHA;103003,4966;226758,5326
2014;2;8;RIOHACHA;103003,4966;226758,5326
2014;2;9;RIOHACHA;103003,4966;226758,5326
2014;2;10;RIOHACHA;103003,4966;226758,5326
2014;2;11;RIOHACHA;103003,4966;226758,5326
2014;2;12;RIOHACHA;103003,4966;226758,5326
2014;1;1;RURAL;83167,6138;169684,139
2014;1;2;RURAL;83167,6138;169684,139
2014;1;3;RURAL;83167,6138;169684,139
2014;1;4;RURAL;83167,6138;169684,139
2014;1;5;RURAL;83167,6138;169684,139
2014;1;6;RURAL;83167,6138;169684,139
2014;2;7;RURAL;84087,95236;171356,1232
2014;2;8;RURAL;84087,95236;171356,1232
2014;2;9;RURAL;84087,95236;171356,1232
2014;2;10;RURAL;84087,95236;171356,1232
2014;2;11;RURAL;84087,95236;171356,1232
2014;2;12;RURAL;84087,95236;171356,1232
2014;1;1;SANTA MARTA;120158,9573;266222,8356
2014;1;2;SANTA MARTA;120158,9573;266222,8356
2014;1;3;SANTA MARTA;120158,9573;266222,8356
2014;1;4;SANTA MARTA;120158,9573;266222,8356
2014;1;5;SANTA MARTA;120158,9573;266222,8356
2014;1;6;SANTA MARTA;120158,9573;266222,8356
2014;2;7;SANTA MARTA;121633,2591;268068,5144
2014;2;8;SANTA MARTA;121633,2591;268068,5144
2014;2;9;SANTA MARTA;121633,2591;268068,5144
2014;2;10;SANTA MARTA;121633,2591;268068,5144
2014;2;11;SANTA MARTA;121633,2591;268068,5144
2014;2;12;SANTA MARTA;121633,2591;268068,5144
2014;1;1;SINCELEJO;97135,83009;236137,5677
2014;1;2;SINCELEJO;97135,83009;236137,5677
2014;1;3;SINCELEJO;97135,83009;236137,5677
2014;1;4;SINCELEJO;97135,83009;236137,5677
2014;1;5;SINCELEJO;97135,83009;236137,5677
2014;1;6;SINCELEJO;97135,83009;236137,5677
2014;2;7;SINCELEJO;98651,70477;238882,9219
2014;2;8;SINCELEJO;98651,70477;238882,9219
2014;2;9;SINCELEJO;98651,70477;238882,9219
2014;2;10;SINCELEJO;98651,70477;238882,9219
2014;2;11;SINCELEJO;98651,70477;238882,9219
2014;2;12;SINCELEJO;98651,70477;238882,9219
2014;1;1;TUNJA;134902,635;348961,7809
2014;1;2;TUNJA;134902,635;348961,7809
2014;1;3;TUNJA;134902,635;348961,7809
2014;1;4;TUNJA;134902,635;348961,7809
2014;1;5;TUNJA;134902,635;348961,7809
2014;1;6;TUNJA;134902,635;348961,7809
2014;2;7;TUNJA;136204,7093;351893,8449
2014;2;8;TUNJA;136204,7093;351893,8449
2014;2;9;TUNJA;136204,7093;351893,8449
2014;2;10;TUNJA;136204,7093;351893,8449
2014;2;11;TUNJA;136204,7093;351893,8449
2014;2;12;TUNJA;136204,7093;351893,8449
2014;1;1;VALLEDUPAR;103600,9327;266825,6883
2014;1;2;VALLEDUPAR;103600,9327;266825,6883
2014;1;3;VALLEDUPAR;103600,9327;266825,6883
2014;1;4;VALLEDUPAR;103600,9327;266825,6883
2014;1;5;VALLEDUPAR;103600,9327;266825,6883
2014;1;6;VALLEDUPAR;103600,9327;266825,6883
2014;2;7;VALLEDUPAR;105678,9259;270653,4422
2014;2;8;VALLEDUPAR;105678,9259;270653,4422
2014;2;9;VALLEDUPAR;105678,9259;270653,4422
2014;2;10;VALLEDUPAR;105678,9259;270653,4422
2014;2;11;VALLEDUPAR;105678,9259;270653,4422
2014;2;12;VALLEDUPAR;105678,9259;270653,4422
2014;1;1;VILLAVICENCIO;129578,9243;310755,5806
2014;1;2;VILLAVICENCIO;129578,9243;310755,5806
2014;1;3;VILLAVICENCIO;129578,9243;310755,5806
2014;1;4;VILLAVICENCIO;129578,9243;310755,5806
2014;1;5;VILLAVICENCIO;129578,9243;310755,5806
2014;1;6;VILLAVICENCIO;129578,9243;310755,5806
2014;2;7;VILLAVICENCIO;130590,8293;313417,0595
2014;2;8;VILLAVICENCIO;130590,8293;313417,0595
2014;2;9;VILLAVICENCIO;130590,8293;313417,0595
2014;2;10;VILLAVICENCIO;130590,8293;313417,0595
2014;2;11;VILLAVICENCIO;130590,8293;313417,0595
2014;2;12;VILLAVICENCIO;130590,8293;313417,0595
2015;1;1;ARMENIA;121390,4257;316128,0624
2015;1;2;ARMENIA;121390,4257;316128,0624
2015;1;3;ARMENIA;121390,4257;316128,0624
2015;1;4;ARMENIA;121390,4257;316128,0624
2015;1;5;ARMENIA;121390,4257;316128,0624
2015;1;6;ARMENIA;121390,4257;316128,0624
2015;2;7;ARMENIA;128330,2229;327498,1383
2015;2;8;ARMENIA;128330,2229;327498,1383
2015;2;9;ARMENIA;128330,2229;327498,1383
2015;2;10;ARMENIA;128330,2229;327498,1383
2015;2;11;ARMENIA;128330,2229;327498,1383
2015;2;12;ARMENIA;128330,2229;327498,1383
2015;1;1;BARRANQUILLA;120259,076;269397,5123
2015;1;2;BARRANQUILLA;120259,076;269397,5123
2015;1;3;BARRANQUILLA;120259,076;269397,5123
2015;1;4;BARRANQUILLA;120259,076;269397,5123
2015;1;5;BARRANQUILLA;120259,076;269397,5123
2015;1;6;BARRANQUILLA;120259,076;269397,5123
2015;2;7;BARRANQUILLA;126338,2456;278738,865
2015;2;8;BARRANQUILLA;126338,2456;278738,865
2015;2;9;BARRANQUILLA;126338,2456;278738,865
2015;2;10;BARRANQUILLA;126338,2456;278738,865
2015;2;11;BARRANQUILLA;126338,2456;278738,865
2015;2;12;BARRANQUILLA;126338,2456;278738,865
2015;1;1;BOGOTA;142119,9675;371302,4515
2015;1;2;BOGOTA;142119,9675;371302,4515
2015;1;3;BOGOTA;142119,9675;371302,4515
2015;1;4;BOGOTA;142119,9675;371302,4515
2015;1;5;BOGOTA;142119,9675;371302,4515
2015;1;6;BOGOTA;142119,9675;371302,4515
2015;2;7;BOGOTA;147731,9761;384388,1222
2015;2;8;BOGOTA;147731,9761;384388,1222
2015;2;9;BOGOTA;147731,9761;384388,1222
2015;2;10;BOGOTA;147731,9761;384388,1222
2015;2;11;BOGOTA;147731,9761;384388,1222
2015;2;12;BOGOTA;147731,9761;384388,1222
2015;1;1;BUCARAMANGA;146374,8882;370218,1707
2015;1;2;BUCARAMANGA;146374,8882;370218,1707
2015;1;3;BUCARAMANGA;146374,8882;370218,1707
2015;1;4;BUCARAMANGA;146374,8882;370218,1707
2015;1;5;BUCARAMANGA;146374,8882;370218,1707
2015;1;6;BUCARAMANGA;146374,8882;370218,1707
2015;2;7;BUCARAMANGA;153351,914;382828,3396
2015;2;8;BUCARAMANGA;153351,914;382828,3396
2015;2;9;BUCARAMANGA;153351,914;382828,3396
2015;2;10;BUCARAMANGA;153351,914;382828,3396
2015;2;11;BUCARAMANGA;153351,914;382828,3396
2015;2;12;BUCARAMANGA;153351,914;382828,3396
2015;1;1;CALI;112037,0879;282975,6895
2015;1;2;CALI;112037,0879;282975,6895
2015;1;3;CALI;112037,0879;282975,6895
2015;1;4;CALI;112037,0879;282975,6895
2015;1;5;CALI;112037,0879;282975,6895
2015;1;6;CALI;112037,0879;282975,6895
2015;2;7;CALI;119732,5076;293937,2658
2015;2;8;CALI;119732,5076;293937,2658
2015;2;9;CALI;119732,5076;293937,2658
2015;2;10;CALI;119732,5076;293937,2658
2015;2;11;CALI;119732,5076;293937,2658
2015;2;12;CALI;119732,5076;293937,2658
2015;1;1;CARTAGENA;121595,8437;295892,6109
2015;1;2;CARTAGENA;121595,8437;295892,6109
2015;1;3;CARTAGENA;121595,8437;295892,6109
2015;1;4;CARTAGENA;121595,8437;295892,6109
2015;1;5;CARTAGENA;121595,8437;295892,6109
2015;1;6;CARTAGENA;121595,8437;295892,6109
2015;2;7;CARTAGENA;126982,4543;306890,8729
2015;2;8;CARTAGENA;126982,4543;306890,8729
2015;2;9;CARTAGENA;126982,4543;306890,8729
2015;2;10;CARTAGENA;126982,4543;306890,8729
2015;2;11;CARTAGENA;126982,4543;306890,8729
2015;2;12;CARTAGENA;126982,4543;306890,8729
2015;1;1;CUCUTA;105091,648;260922,1868
2015;1;2;CUCUTA;105091,648;260922,1868
2015;1;3;CUCUTA;105091,648;260922,1868
2015;1;4;CUCUTA;105091,648;260922,1868
2015;1;5;CUCUTA;105091,648;260922,1868
2015;1;6;CUCUTA;105091,648;260922,1868
2015;2;7;CUCUTA;112224,662;272962,8898
2015;2;8;CUCUTA;112224,662;272962,8898
2015;2;9;CUCUTA;112224,662;272962,8898
2015;2;10;CUCUTA;112224,662;272962,8898
2015;2;11;CUCUTA;112224,662;272962,8898
2015;2;12;CUCUTA;112224,662;272962,8898
2015;1;1;FLORENCIA;108170,7178;296195,0253
2015;1;2;FLORENCIA;108170,7178;296195,0253
2015;1;3;FLORENCIA;108170,7178;296195,0253
2015;1;4;FLORENCIA;108170,7178;296195,0253
2015;1;5;FLORENCIA;108170,7178;296195,0253
2015;1;6;FLORENCIA;108170,7178;296195,0253
2015;2;7;FLORENCIA;114116,6393;308110,4644
2015;2;8;FLORENCIA;114116,6393;308110,4644
2015;2;9;FLORENCIA;114116,6393;308110,4644
2015;2;10;FLORENCIA;114116,6393;308110,4644
2015;2;11;FLORENCIA;114116,6393;308110,4644
2015;2;12;FLORENCIA;114116,6393;308110,4644
2015;1;1;IBAGUE;117756,4244;319224,2393
2015;1;2;IBAGUE;117756,4244;319224,2393
2015;1;3;IBAGUE;117756,4244;319224,2393
2015;1;4;IBAGUE;117756,4244;319224,2393
2015;1;5;IBAGUE;117756,4244;319224,2393
2015;1;6;IBAGUE;117756,4244;319224,2393
2015;2;7;IBAGUE;123209,1683;332133,5165
2015;2;8;IBAGUE;123209,1683;332133,5165
2015;2;9;IBAGUE;123209,1683;332133,5165
2015;2;10;IBAGUE;123209,1683;332133,5165
2015;2;11;IBAGUE;123209,1683;332133,5165
2015;2;12;IBAGUE;123209,1683;332133,5165
2015;1;1;MANIZALES;107499,5306;306211,7039
2015;1;2;MANIZALES;107499,5306;306211,7039
2015;1;3;MANIZALES;107499,5306;306211,7039
2015;1;4;MANIZALES;107499,5306;306211,7039
2015;1;5;MANIZALES;107499,5306;306211,7039
2015;1;6;MANIZALES;107499,5306;306211,7039
2015;2;7;MANIZALES;112526,9174;317337,7706
2015;2;8;MANIZALES;112526,9174;317337,7706
2015;2;9;MANIZALES;112526,9174;317337,7706
2015;2;10;MANIZALES;112526,9174;317337,7706
2015;2;11;MANIZALES;112526,9174;317337,7706
2015;2;12;MANIZALES;112526,9174;317337,7706
2015;1;1;MEDELLIN;115034,499;329266,6957
2015;1;2;MEDELLIN;115034,499;329266,6957
2015;1;3;MEDELLIN;115034,499;329266,6957
2015;1;4;MEDELLIN;115034,499;329266,6957
2015;1;5;MEDELLIN;115034,499;329266,6957
2015;1;6;MEDELLIN;115034,499;329266,6957
2015;2;7;MEDELLIN;121017,6134;340215,3449
2015;2;8;MEDELLIN;121017,6134;340215,3449
2015;2;9;MEDELLIN;121017,6134;340215,3449
2015;2;10;MEDELLIN;121017,6134;340215,3449
2015;2;11;MEDELLIN;121017,6134;340215,3449
2015;2;12;MEDELLIN;121017,6134;340215,3449
2015;1;1;MONTERIA;117821,1248;268126,6367
2015;1;2;MONTERIA;117821,1248;268126,6367
2015;1;3;MONTERIA;117821,1248;268126,6367
2015;1;4;MONTERIA;117821,1248;268126,6367
2015;1;5;MONTERIA;117821,1248;268126,6367
2015;1;6;MONTERIA;117821,1248;268126,6367
2015;2;7;MONTERIA;122328,014;278501,844
2015;2;8;MONTERIA;122328,014;278501,844
2015;2;9;MONTERIA;122328,014;278501,844
2015;2;10;MONTERIA;122328,014;278501,844
2015;2;11;MONTERIA;122328,014;278501,844
2015;2;12;MONTERIA;122328,014;278501,844
2015;1;1;NEIVA;122876,5688;348654,6825
2015;1;2;NEIVA;122876,5688;348654,6825
2015;1;3;NEIVA;122876,5688;348654,6825
2015;1;4;NEIVA;122876,5688;348654,6825
2015;1;5;NEIVA;122876,5688;348654,6825
2015;1;6;NEIVA;122876,5688;348654,6825
2015;2;7;NEIVA;131229,4265;363130,5967
2015;2;8;NEIVA;131229,4265;363130,5967
2015;2;9;NEIVA;131229,4265;363130,5967
2015;2;10;NEIVA;131229,4265;363130,5967
2015;2;11;NEIVA;131229,4265;363130,5967
2015;2;12;NEIVA;131229,4265;363130,5967
2015;1;1;PASTO;125383,8845;321140,8904
2015;1;2;PASTO;125383,8845;321140,8904
2015;1;3;PASTO;125383,8845;321140,8904
2015;1;4;PASTO;125383,8845;321140,8904
2015;1;5;PASTO;125383,8845;321140,8904
2015;1;6;PASTO;125383,8845;321140,8904
2015;2;7;PASTO;135399,0744;338507,1581
2015;2;8;PASTO;135399,0744;338507,1581
2015;2;9;PASTO;135399,0744;338507,1581
2015;2;10;PASTO;135399,0744;338507,1581
2015;2;11;PASTO;135399,0744;338507,1581
2015;2;12;PASTO;135399,0744;338507,1581
2015;1;1;PEREIRA;116901,4334;322944,889
2015;1;2;PEREIRA;116901,4334;322944,889
2015;1;3;PEREIRA;116901,4334;322944,889
2015;1;4;PEREIRA;116901,4334;322944,889
2015;1;5;PEREIRA;116901,4334;322944,889
2015;1;6;PEREIRA;116901,4334;322944,889
2015;2;7;PEREIRA;122756,5621;333676,897
2015;2;8;PEREIRA;122756,5621;333676,897
2015;2;9;PEREIRA;122756,5621;333676,897
2015;2;10;PEREIRA;122756,5621;333676,897
2015;2;11;PEREIRA;122756,5621;333676,897
2015;2;12;PEREIRA;122756,5621;333676,897
2015;1;1;POPAYAN;137147,7235;340918,8302
2015;1;2;POPAYAN;137147,7235;340918,8302
2015;1;3;POPAYAN;137147,7235;340918,8302
2015;1;4;POPAYAN;137147,7235;340918,8302
2015;1;5;POPAYAN;137147,7235;340918,8302
2015;1;6;POPAYAN;137147,7235;340918,8302
2015;2;7;POPAYAN;143102,6031;355265,2198
2015;2;8;POPAYAN;143102,6031;355265,2198
2015;2;9;POPAYAN;143102,6031;355265,2198
2015;2;10;POPAYAN;143102,6031;355265,2198
2015;2;11;POPAYAN;143102,6031;355265,2198
2015;2;12;POPAYAN;143102,6031;355265,2198
2015;1;1;QUIBDO;132754,8374;334294,9224
2015;1;2;QUIBDO;132754,8374;334294,9224
2015;1;3;QUIBDO;132754,8374;334294,9224
2015;1;4;QUIBDO;132754,8374;334294,9224
2015;1;5;QUIBDO;132754,8374;334294,9224
2015;1;6;QUIBDO;132754,8374;334294,9224
2015;2;7;QUIBDO;139864,2877;346595,6041
2015;2;8;QUIBDO;139864,2877;346595,6041
2015;2;9;QUIBDO;139864,2877;346595,6041
2015;2;10;QUIBDO;139864,2877;346595,6041
2015;2;11;QUIBDO;139864,2877;346595,6041
2015;2;12;QUIBDO;139864,2877;346595,6041
2015;1;1;RESTO URBANO;108660,195;248491,9087
2015;1;2;RESTO URBANO;108660,195;248491,9087
2015;1;3;RESTO URBANO;108660,195;248491,9087
2015;1;4;RESTO URBANO;108660,195;248491,9087
2015;1;5;RESTO URBANO;108660,195;248491,9087
2015;1;6;RESTO URBANO;108660,195;248491,9087
2015;2;7;RESTO URBANO;114479,2994;257635,3915
2015;2;8;RESTO URBANO;114479,2994;257635,3915
2015;2;9;RESTO URBANO;114479,2994;257635,3915
2015;2;10;RESTO URBANO;114479,2994;257635,3915
2015;2;11;RESTO URBANO;114479,2994;257635,3915
2015;2;12;RESTO URBANO;114479,2994;257635,3915
2015;1;1;RIOHACHA;107917,9889;233692,9005
2015;1;2;RIOHACHA;107917,9889;233692,9005
2015;1;3;RIOHACHA;107917,9889;233692,9005
2015;1;4;RIOHACHA;107917,9889;233692,9005
2015;1;5;RIOHACHA;107917,9889;233692,9005
2015;1;6;RIOHACHA;107917,9889;233692,9005
2015;2;7;RIOHACHA;115762,0884;244406,5766
2015;2;8;RIOHACHA;115762,0884;244406,5766
2015;2;9;RIOHACHA;115762,0884;244406,5766
2015;2;10;RIOHACHA;115762,0884;244406,5766
2015;2;11;RIOHACHA;115762,0884;244406,5766
2015;2;12;RIOHACHA;115762,0884;244406,5766
2015;1;1;RURAL;88746,10717;177424,7157
2015;1;2;RURAL;88746,10717;177424,7157
2015;1;3;RURAL;88746,10717;177424,7157
2015;1;4;RURAL;88746,10717;177424,7157
2015;1;5;RURAL;88746,10717;177424,7157
2015;1;6;RURAL;88746,10717;177424,7157
2015;2;7;RURAL;93898,96799;184310,2669
2015;2;8;RURAL;93898,96799;184310,2669
2015;2;9;RURAL;93898,96799;184310,2669
2015;2;10;RURAL;93898,96799;184310,2669
2015;2;11;RURAL;93898,96799;184310,2669
2015;2;12;RURAL;93898,96799;184310,2669
2015;1;1;SANTA MARTA;128151,4212;278895,6822
2015;1;2;SANTA MARTA;128151,4212;278895,6822
2015;1;3;SANTA MARTA;128151,4212;278895,6822
2015;1;4;SANTA MARTA;128151,4212;278895,6822
2015;1;5;SANTA MARTA;128151,4212;278895,6822
2015;1;6;SANTA MARTA;128151,4212;278895,6822
2015;2;7;SANTA MARTA;133153,8887;288826,601
2015;2;8;SANTA MARTA;133153,8887;288826,601
2015;2;9;SANTA MARTA;133153,8887;288826,601
2015;2;10;SANTA MARTA;133153,8887;288826,601
2015;2;11;SANTA MARTA;133153,8887;288826,601
2015;2;12;SANTA MARTA;133153,8887;288826,601
2015;1;1;SINCELEJO;106867,2045;251960,3298
2015;1;2;SINCELEJO;106867,2045;251960,3298
2015;1;3;SINCELEJO;106867,2045;251960,3298
2015;1;4;SINCELEJO;106867,2045;251960,3298
2015;1;5;SINCELEJO;106867,2045;251960,3298
2015;1;6;SINCELEJO;106867,2045;251960,3298
2015;2;7;SINCELEJO;111213,4794;261677,6589
2015;2;8;SINCELEJO;111213,4794;261677,6589
2015;2;9;SINCELEJO;111213,4794;261677,6589
2015;2;10;SINCELEJO;111213,4794;261677,6589
2015;2;11;SINCELEJO;111213,4794;261677,6589
2015;2;12;SINCELEJO;111213,4794;261677,6589
2015;1;1;TUNJA;141752,851;363587,2363
2015;1;2;TUNJA;141752,851;363587,2363
2015;1;3;TUNJA;141752,851;363587,2363
2015;1;4;TUNJA;141752,851;363587,2363
2015;1;5;TUNJA;141752,851;363587,2363
2015;1;6;TUNJA;141752,851;363587,2363
2015;2;7;TUNJA;147915,0409;374120,7978
2015;2;8;TUNJA;147915,0409;374120,7978
2015;2;9;TUNJA;147915,0409;374120,7978
2015;2;10;TUNJA;147915,0409;374120,7978
2015;2;11;TUNJA;147915,0409;374120,7978
2015;2;12;TUNJA;147915,0409;374120,7978
2015;1;1;VALLEDUPAR;112065,975;281621,9899
2015;1;2;VALLEDUPAR;112065,975;281621,9899
2015;1;3;VALLEDUPAR;112065,975;281621,9899
2015;1;4;VALLEDUPAR;112065,975;281621,9899
2015;1;5;VALLEDUPAR;112065,975;281621,9899
2015;1;6;VALLEDUPAR;112065,975;281621,9899
2015;2;7;VALLEDUPAR;117840,6791;291041,0152
2015;2;8;VALLEDUPAR;117840,6791;291041,0152
2015;2;9;VALLEDUPAR;117840,6791;291041,0152
2015;2;10;VALLEDUPAR;117840,6791;291041,0152
2015;2;11;VALLEDUPAR;117840,6791;291041,0152
2015;2;12;VALLEDUPAR;117840,6791;291041,0152
2015;1;1;VILLAVICENCIO;136114,5499;323033,8607
2015;1;2;VILLAVICENCIO;136114,5499;323033,8607
2015;1;3;VILLAVICENCIO;136114,5499;323033,8607
2015;1;4;VILLAVICENCIO;136114,5499;323033,8607
2015;1;5;VILLAVICENCIO;136114,5499;323033,8607
2015;1;6;VILLAVICENCIO;136114,5499;323033,8607
2015;2;7;VILLAVICENCIO;143661,7644;334791,5366
2015;2;8;VILLAVICENCIO;143661,7644;334791,5366
2015;2;9;VILLAVICENCIO;143661,7644;334791,5366
2015;2;10;VILLAVICENCIO;143661,7644;334791,5366
2015;2;11;VILLAVICENCIO;143661,7644;334791,5366
2015;2;12;VILLAVICENCIO;143661,7644;334791,5366
2016;1;1;ARMENIA;143389,1055;349581,1898
2016;1;2;ARMENIA;143389,1055;349581,1898
2016;1;3;ARMENIA;143389,1055;349581,1898
2016;1;4;ARMENIA;143389,1055;349581,1898
2016;1;5;ARMENIA;143389,1055;349581,1898
2016;1;6;ARMENIA;143389,1055;349581,1898
2016;2;7;ARMENIA;142958,8426;356739,5477
2016;2;8;ARMENIA;142958,8426;356739,5477
2016;2;9;ARMENIA;142958,8426;356739,5477
2016;2;10;ARMENIA;142958,8426;356739,5477
2016;2;11;ARMENIA;142958,8426;356739,5477
2016;2;12;ARMENIA;142958,8426;356739,5477
2016;1;1;BARRANQUILLA;138591,6217;296404,5232
2016;1;2;BARRANQUILLA;138591,6217;296404,5232
2016;1;3;BARRANQUILLA;138591,6217;296404,5232
2016;1;4;BARRANQUILLA;138591,6217;296404,5232
2016;1;5;BARRANQUILLA;138591,6217;296404,5232
2016;1;6;BARRANQUILLA;138591,6217;296404,5232
2016;2;7;BARRANQUILLA;135752,0366;298495,9288
2016;2;8;BARRANQUILLA;135752,0366;298495,9288
2016;2;9;BARRANQUILLA;135752,0366;298495,9288
2016;2;10;BARRANQUILLA;135752,0366;298495,9288
2016;2;11;BARRANQUILLA;135752,0366;298495,9288
2016;2;12;BARRANQUILLA;135752,0366;298495,9288
2016;1;1;BOGOTA;162140,372;408074,9562
2016;1;2;BOGOTA;162140,372;408074,9562
2016;1;3;BOGOTA;162140,372;408074,9562
2016;1;4;BOGOTA;162140,372;408074,9562
2016;1;5;BOGOTA;162140,372;408074,9562
2016;1;6;BOGOTA;162140,372;408074,9562
2016;2;7;BOGOTA;158837,1828;407703,6264
2016;2;8;BOGOTA;158837,1828;407703,6264
2016;2;9;BOGOTA;158837,1828;407703,6264
2016;2;10;BOGOTA;158837,1828;407703,6264
2016;2;11;BOGOTA;158837,1828;407703,6264
2016;2;12;BOGOTA;158837,1828;407703,6264
2016;1;1;BUCARAMANGA;168367,5706;405229,8186
2016;1;2;BUCARAMANGA;168367,5706;405229,8186
2016;1;3;BUCARAMANGA;168367,5706;405229,8186
2016;1;4;BUCARAMANGA;168367,5706;405229,8186
2016;1;5;BUCARAMANGA;168367,5706;405229,8186
2016;1;6;BUCARAMANGA;168367,5706;405229,8186
2016;2;7;BUCARAMANGA;164531,0682;406628,3697
2016;2;8;BUCARAMANGA;164531,0682;406628,3697
2016;2;9;BUCARAMANGA;164531,0682;406628,3697
2016;2;10;BUCARAMANGA;164531,0682;406628,3697
2016;2;11;BUCARAMANGA;164531,0682;406628,3697
2016;2;12;BUCARAMANGA;164531,0682;406628,3697
2016;1;1;CALI;133287,5487;315176,898
2016;1;2;CALI;133287,5487;315176,898
2016;1;3;CALI;133287,5487;315176,898
2016;1;4;CALI;133287,5487;315176,898
2016;1;5;CALI;133287,5487;315176,898
2016;1;6;CALI;133287,5487;315176,898
2016;2;7;CALI;127986,6987;311675,8192
2016;2;8;CALI;127986,6987;311675,8192
2016;2;9;CALI;127986,6987;311675,8192
2016;2;10;CALI;127986,6987;311675,8192
2016;2;11;CALI;127986,6987;311675,8192
2016;2;12;CALI;127986,6987;311675,8192
2016;1;1;CARTAGENA;137922,7285;325208,2328
2016;1;2;CARTAGENA;137922,7285;325208,2328
2016;1;3;CARTAGENA;137922,7285;325208,2328
2016;1;4;CARTAGENA;137922,7285;325208,2328
2016;1;5;CARTAGENA;137922,7285;325208,2328
2016;1;6;CARTAGENA;137922,7285;325208,2328
2016;2;7;CARTAGENA;132553,9588;325036,2087
2016;2;8;CARTAGENA;132553,9588;325036,2087
2016;2;9;CARTAGENA;132553,9588;325036,2087
2016;2;10;CARTAGENA;132553,9588;325036,2087
2016;2;11;CARTAGENA;132553,9588;325036,2087
2016;2;12;CARTAGENA;132553,9588;325036,2087
2016;1;1;CUCUTA;128167,1471;294486,068
2016;1;2;CUCUTA;128167,1471;294486,068
2016;1;3;CUCUTA;128167,1471;294486,068
2016;1;4;CUCUTA;128167,1471;294486,068
2016;1;5;CUCUTA;128167,1471;294486,068
2016;1;6;CUCUTA;128167,1471;294486,068
2016;2;7;CUCUTA;119689,7597;288773,2278
2016;2;8;CUCUTA;119689,7597;288773,2278
2016;2;9;CUCUTA;119689,7597;288773,2278
2016;2;10;CUCUTA;119689,7597;288773,2278
2016;2;11;CUCUTA;119689,7597;288773,2278
2016;2;12;CUCUTA;119689,7597;288773,2278
2016;1;1;FLORENCIA;127698,8715;330417,908
2016;1;2;FLORENCIA;127698,8715;330417,908
2016;1;3;FLORENCIA;127698,8715;330417,908
2016;1;4;FLORENCIA;127698,8715;330417,908
2016;1;5;FLORENCIA;127698,8715;330417,908
2016;1;6;FLORENCIA;127698,8715;330417,908
2016;2;7;FLORENCIA;125311,0823;331630,6543
2016;2;8;FLORENCIA;125311,0823;331630,6543
2016;2;9;FLORENCIA;125311,0823;331630,6543
2016;2;10;FLORENCIA;125311,0823;331630,6543
2016;2;11;FLORENCIA;125311,0823;331630,6543
2016;2;12;FLORENCIA;125311,0823;331630,6543
2016;1;1;IBAGUE;138176,7113;353325,2109
2016;1;2;IBAGUE;138176,7113;353325,2109
2016;1;3;IBAGUE;138176,7113;353325,2109
2016;1;4;IBAGUE;138176,7113;353325,2109
2016;1;5;IBAGUE;138176,7113;353325,2109
2016;1;6;IBAGUE;138176,7113;353325,2109
2016;2;7;IBAGUE;132933,1064;352709,8017
2016;2;8;IBAGUE;132933,1064;352709,8017
2016;2;9;IBAGUE;132933,1064;352709,8017
2016;2;10;IBAGUE;132933,1064;352709,8017
2016;2;11;IBAGUE;132933,1064;352709,8017
2016;2;12;IBAGUE;132933,1064;352709,8017
2016;1;1;MANIZALES;126097,5972;336874,5577
2016;1;2;MANIZALES;126097,5972;336874,5577
2016;1;3;MANIZALES;126097,5972;336874,5577
2016;1;4;MANIZALES;126097,5972;336874,5577
2016;1;5;MANIZALES;126097,5972;336874,5577
2016;1;6;MANIZALES;126097,5972;336874,5577
2016;2;7;MANIZALES;125995,6289;344113,9454
2016;2;8;MANIZALES;125995,6289;344113,9454
2016;2;9;MANIZALES;125995,6289;344113,9454
2016;2;10;MANIZALES;125995,6289;344113,9454
2016;2;11;MANIZALES;125995,6289;344113,9454
2016;2;12;MANIZALES;125995,6289;344113,9454
2016;1;1;MEDELLIN;131482,9841;358080,8225
2016;1;2;MEDELLIN;131482,9841;358080,8225
2016;1;3;MEDELLIN;131482,9841;358080,8225
2016;1;4;MEDELLIN;131482,9841;358080,8225
2016;1;5;MEDELLIN;131482,9841;358080,8225
2016;1;6;MEDELLIN;131482,9841;358080,8225
2016;2;7;MEDELLIN;133489,6992;366306,3509
2016;2;8;MEDELLIN;133489,6992;366306,3509
2016;2;9;MEDELLIN;133489,6992;366306,3509
2016;2;10;MEDELLIN;133489,6992;366306,3509
2016;2;11;MEDELLIN;133489,6992;366306,3509
2016;2;12;MEDELLIN;133489,6992;366306,3509
2016;1;1;MONTERIA;135114,4321;299393,3592
2016;1;2;MONTERIA;135114,4321;299393,3592
2016;1;3;MONTERIA;135114,4321;299393,3592
2016;1;4;MONTERIA;135114,4321;299393,3592
2016;1;5;MONTERIA;135114,4321;299393,3592
2016;1;6;MONTERIA;135114,4321;299393,3592
2016;2;7;MONTERIA;130645,5601;296688,5932
2016;2;8;MONTERIA;130645,5601;296688,5932
2016;2;9;MONTERIA;130645,5601;296688,5932
2016;2;10;MONTERIA;130645,5601;296688,5932
2016;2;11;MONTERIA;130645,5601;296688,5932
2016;2;12;MONTERIA;130645,5601;296688,5932
2016;1;1;NEIVA;145594,4656;381513,9831
2016;1;2;NEIVA;145594,4656;381513,9831
2016;1;3;NEIVA;145594,4656;381513,9831
2016;1;4;NEIVA;145594,4656;381513,9831
2016;1;5;NEIVA;145594,4656;381513,9831
2016;1;6;NEIVA;145594,4656;381513,9831
2016;2;7;NEIVA;139433,964;380874,7144
2016;2;8;NEIVA;139433,964;380874,7144
2016;2;9;NEIVA;139433,964;380874,7144
2016;2;10;NEIVA;139433,964;380874,7144
2016;2;11;NEIVA;139433,964;380874,7144
2016;2;12;NEIVA;139433,964;380874,7144
2016;1;1;PASTO;148996,8838;359885,1731
2016;1;2;PASTO;148996,8838;359885,1731
2016;1;3;PASTO;148996,8838;359885,1731
2016;1;4;PASTO;148996,8838;359885,1731
2016;1;5;PASTO;148996,8838;359885,1731
2016;1;6;PASTO;148996,8838;359885,1731
2016;2;7;PASTO;142628,2885;354880,3567
2016;2;8;PASTO;142628,2885;354880,3567
2016;2;9;PASTO;142628,2885;354880,3567
2016;2;10;PASTO;142628,2885;354880,3567
2016;2;11;PASTO;142628,2885;354880,3567
2016;2;12;PASTO;142628,2885;354880,3567
2016;1;1;PEREIRA;136007,019;351050,4038
2016;1;2;PEREIRA;136007,019;351050,4038
2016;1;3;PEREIRA;136007,019;351050,4038
2016;1;4;PEREIRA;136007,019;351050,4038
2016;1;5;PEREIRA;136007,019;351050,4038
2016;1;6;PEREIRA;136007,019;351050,4038
2016;2;7;PEREIRA;136924,5703;357481,251
2016;2;8;PEREIRA;136924,5703;357481,251
2016;2;9;PEREIRA;136924,5703;357481,251
2016;2;10;PEREIRA;136924,5703;357481,251
2016;2;11;PEREIRA;136924,5703;357481,251
2016;2;12;PEREIRA;136924,5703;357481,251
2016;1;1;POPAYAN;159060,1207;376865,1361
2016;1;2;POPAYAN;159060,1207;376865,1361
2016;1;3;POPAYAN;159060,1207;376865,1361
2016;1;4;POPAYAN;159060,1207;376865,1361
2016;1;5;POPAYAN;159060,1207;376865,1361
2016;1;6;POPAYAN;159060,1207;376865,1361
2016;2;7;POPAYAN;154196,9546;378445,1645
2016;2;8;POPAYAN;154196,9546;378445,1645
2016;2;9;POPAYAN;154196,9546;378445,1645
2016;2;10;POPAYAN;154196,9546;378445,1645
2016;2;11;POPAYAN;154196,9546;378445,1645
2016;2;12;POPAYAN;154196,9546;378445,1645
2016;1;1;QUIBDO;155913,7272;366602,2258
2016;1;2;QUIBDO;155913,7272;366602,2258
2016;1;3;QUIBDO;155913,7272;366602,2258
2016;1;4;QUIBDO;155913,7272;366602,2258
2016;1;5;QUIBDO;155913,7272;366602,2258
2016;1;6;QUIBDO;155913,7272;366602,2258
2016;2;7;QUIBDO;152608,1102;368932,731
2016;2;8;QUIBDO;152608,1102;368932,731
2016;2;9;QUIBDO;152608,1102;368932,731
2016;2;10;QUIBDO;152608,1102;368932,731
2016;2;11;QUIBDO;152608,1102;368932,731
2016;2;12;QUIBDO;152608,1102;368932,731
2016;1;1;RESTO URBANO;127615,8092;272506,9414
2016;1;2;RESTO URBANO;127615,8092;272506,9414
2016;1;3;RESTO URBANO;127615,8092;272506,9414
2016;1;4;RESTO URBANO;127615,8092;272506,9414
2016;1;5;RESTO URBANO;127615,8092;272506,9414
2016;1;6;RESTO URBANO;127615,8092;272506,9414
2016;2;7;RESTO URBANO;124910,1527;274239,279
2016;2;8;RESTO URBANO;124910,1527;274239,279
2016;2;9;RESTO URBANO;124910,1527;274239,279
2016;2;10;RESTO URBANO;124910,1527;274239,279
2016;2;11;RESTO URBANO;124910,1527;274239,279
2016;2;12;RESTO URBANO;124910,1527;274239,279
2016;1;1;RIOHACHA;125988,2903;259304,5497
2016;1;2;RIOHACHA;125988,2903;259304,5497
2016;1;3;RIOHACHA;125988,2903;259304,5497
2016;1;4;RIOHACHA;125988,2903;259304,5497
2016;1;5;RIOHACHA;125988,2903;259304,5497
2016;1;6;RIOHACHA;125988,2903;259304,5497
2016;2;7;RIOHACHA;124877,4479;261048,145
2016;2;8;RIOHACHA;124877,4479;261048,145
2016;2;9;RIOHACHA;124877,4479;261048,145
2016;2;10;RIOHACHA;124877,4479;261048,145
2016;2;11;RIOHACHA;124877,4479;261048,145
2016;2;12;RIOHACHA;124877,4479;261048,145
2016;1;1;RURAL;104536,314;195202,0839
2016;1;2;RURAL;104536,314;195202,0839
2016;1;3;RURAL;104536,314;195202,0839
2016;1;4;RURAL;104536,314;195202,0839
2016;1;5;RURAL;104536,314;195202,0839
2016;1;6;RURAL;104536,314;195202,0839
2016;2;7;RURAL;102020,4548;196225,4116
2016;2;8;RURAL;102020,4548;196225,4116
2016;2;9;RURAL;102020,4548;196225,4116
2016;2;10;RURAL;102020,4548;196225,4116
2016;2;11;RURAL;102020,4548;196225,4116
2016;2;12;RURAL;102020,4548;196225,4116
2016;1;1;SANTA MARTA;145281,3384;304495,858
2016;1;2;SANTA MARTA;145281,3384;304495,858
2016;1;3;SANTA MARTA;145281,3384;304495,858
2016;1;4;SANTA MARTA;145281,3384;304495,858
2016;1;5;SANTA MARTA;145281,3384;304495,858
2016;1;6;SANTA MARTA;145281,3384;304495,858
2016;2;7;SANTA MARTA;142970,4638;304654,3552
2016;2;8;SANTA MARTA;142970,4638;304654,3552
2016;2;9;SANTA MARTA;142970,4638;304654,3552
2016;2;10;SANTA MARTA;142970,4638;304654,3552
2016;2;11;SANTA MARTA;142970,4638;304654,3552
2016;2;12;SANTA MARTA;142970,4638;304654,3552
2016;1;1;SINCELEJO;122757,5596;279253,3755
2016;1;2;SINCELEJO;122757,5596;279253,3755
2016;1;3;SINCELEJO;122757,5596;279253,3755
2016;1;4;SINCELEJO;122757,5596;279253,3755
2016;1;5;SINCELEJO;122757,5596;279253,3755
2016;1;6;SINCELEJO;122757,5596;279253,3755
2016;2;7;SINCELEJO;117966,7678;283529,0177
2016;2;8;SINCELEJO;117966,7678;283529,0177
2016;2;9;SINCELEJO;117966,7678;283529,0177
2016;2;10;SINCELEJO;117966,7678;283529,0177
2016;2;11;SINCELEJO;117966,7678;283529,0177
2016;2;12;SINCELEJO;117966,7678;283529,0177
2016;1;1;TUNJA;167175,3448;399351,7453
2016;1;2;TUNJA;167175,3448;399351,7453
2016;1;3;TUNJA;167175,3448;399351,7453
2016;1;4;TUNJA;167175,3448;399351,7453
2016;1;5;TUNJA;167175,3448;399351,7453
2016;1;6;TUNJA;167175,3448;399351,7453
2016;2;7;TUNJA;161229,8435;395862,376
2016;2;8;TUNJA;161229,8435;395862,376
2016;2;9;TUNJA;161229,8435;395862,376
2016;2;10;TUNJA;161229,8435;395862,376
2016;2;11;TUNJA;161229,8435;395862,376
2016;2;12;TUNJA;161229,8435;395862,376
2016;1;1;VALLEDUPAR;128933,2727;309040,0156
2016;1;2;VALLEDUPAR;128933,2727;309040,0156
2016;1;3;VALLEDUPAR;128933,2727;309040,0156
2016;1;4;VALLEDUPAR;128933,2727;309040,0156
2016;1;5;VALLEDUPAR;128933,2727;309040,0156
2016;1;6;VALLEDUPAR;128933,2727;309040,0156
2016;2;7;VALLEDUPAR;124887,3457;304122,18
2016;2;8;VALLEDUPAR;124887,3457;304122,18
2016;2;9;VALLEDUPAR;124887,3457;304122,18
2016;2;10;VALLEDUPAR;124887,3457;304122,18
2016;2;11;VALLEDUPAR;124887,3457;304122,18
2016;2;12;VALLEDUPAR;124887,3457;304122,18
2016;1;1;VILLAVICENCIO;158486,17;353405,037
2016;1;2;VILLAVICENCIO;158486,17;353405,037
2016;1;3;VILLAVICENCIO;158486,17;353405,037
2016;1;4;VILLAVICENCIO;158486,17;353405,037
2016;1;5;VILLAVICENCIO;158486,17;353405,037
2016;1;6;VILLAVICENCIO;158486,17;353405,037
2016;2;7;VILLAVICENCIO;152659,5569;350421,6531
2016;2;8;VILLAVICENCIO;152659,5569;350421,6531
2016;2;9;VILLAVICENCIO;152659,5569;350421,6531
2016;2;10;VILLAVICENCIO;152659,5569;350421,6531
2016;2;11;VILLAVICENCIO;152659,5569;350421,6531
2016;2;12;VILLAVICENCIO;152659,5569;350421,6531
2017;1;1;ARMENIA;145147,1143;364459,1223
2017;1;2;ARMENIA;145147,1143;364459,1223
2017;1;3;ARMENIA;145147,1143;364459,1223
2017;1;4;ARMENIA;145147,1143;364459,1223
2017;1;5;ARMENIA;145147,1143;364459,1223
2017;1;6;ARMENIA;145147,1143;364459,1223
2017;2;7;ARMENIA;143937,3691;367310,4983
2017;2;8;ARMENIA;143937,3691;367310,4983
2017;2;9;ARMENIA;143937,3691;367310,4983
2017;2;10;ARMENIA;143937,3691;367310,4983
2017;2;11;ARMENIA;143937,3691;367310,4983
2017;2;12;ARMENIA;143937,3691;367310,4983
2017;1;1;BARRANQUILLA;138185,2868;305895,0033
2017;1;2;BARRANQUILLA;138185,2868;305895,0033
2017;1;3;BARRANQUILLA;138185,2868;305895,0033
2017;1;4;BARRANQUILLA;138185,2868;305895,0033
2017;1;5;BARRANQUILLA;138185,2868;305895,0033
2017;1;6;BARRANQUILLA;138185,2868;305895,0033
2017;2;7;BARRANQUILLA;135923,2114;305286,01
2017;2;8;BARRANQUILLA;135923,2114;305286,01
2017;2;9;BARRANQUILLA;135923,2114;305286,01
2017;2;10;BARRANQUILLA;135923,2114;305286,01
2017;2;11;BARRANQUILLA;135923,2114;305286,01
2017;2;12;BARRANQUILLA;135923,2114;305286,01
2017;1;1;BOGOTA;162289,9414;421810,5041
2017;1;2;BOGOTA;162289,9414;421810,5041
2017;1;3;BOGOTA;162289,9414;421810,5041
2017;1;4;BOGOTA;162289,9414;421810,5041
2017;1;5;BOGOTA;162289,9414;421810,5041
2017;1;6;BOGOTA;162289,9414;421810,5041
2017;2;7;BOGOTA;161952,0693;424556,4579
2017;2;8;BOGOTA;161952,0693;424556,4579
2017;2;9;BOGOTA;161952,0693;424556,4579
2017;2;10;BOGOTA;161952,0693;424556,4579
2017;2;11;BOGOTA;161952,0693;424556,4579
2017;2;12;BOGOTA;161952,0693;424556,4579
2017;1;1;BUCARAMANGA;166185,2682;417648,9876
2017;1;2;BUCARAMANGA;166185,2682;417648,9876
2017;1;3;BUCARAMANGA;166185,2682;417648,9876
2017;1;4;BUCARAMANGA;166185,2682;417648,9876
2017;1;5;BUCARAMANGA;166185,2682;417648,9876
2017;1;6;BUCARAMANGA;166185,2682;417648,9876
2017;2;7;BUCARAMANGA;167893,3172;422883,8909
2017;2;8;BUCARAMANGA;167893,3172;422883,8909
2017;2;9;BUCARAMANGA;167893,3172;422883,8909
2017;2;10;BUCARAMANGA;167893,3172;422883,8909
2017;2;11;BUCARAMANGA;167893,3172;422883,8909
2017;2;12;BUCARAMANGA;167893,3172;422883,8909
2017;1;1;CALI;131935,9349;322569,9222
2017;1;2;CALI;131935,9349;322569,9222
2017;1;3;CALI;131935,9349;322569,9222
2017;1;4;CALI;131935,9349;322569,9222
2017;1;5;CALI;131935,9349;322569,9222
2017;1;6;CALI;131935,9349;322569,9222
2017;2;7;CALI;131893,7036;323717,0174
2017;2;8;CALI;131893,7036;323717,0174
2017;2;9;CALI;131893,7036;323717,0174
2017;2;10;CALI;131893,7036;323717,0174
2017;2;11;CALI;131893,7036;323717,0174
2017;2;12;CALI;131893,7036;323717,0174
2017;1;1;CARTAGENA;133600,1019;331476,7806
2017;1;2;CARTAGENA;133600,1019;331476,7806
2017;1;3;CARTAGENA;133600,1019;331476,7806
2017;1;4;CARTAGENA;133600,1019;331476,7806
2017;1;5;CARTAGENA;133600,1019;331476,7806
2017;1;6;CARTAGENA;133600,1019;331476,7806
2017;2;7;CARTAGENA;130981,1063;330674,4063
2017;2;8;CARTAGENA;130981,1063;330674,4063
2017;2;9;CARTAGENA;130981,1063;330674,4063
2017;2;10;CARTAGENA;130981,1063;330674,4063
2017;2;11;CARTAGENA;130981,1063;330674,4063
2017;2;12;CARTAGENA;130981,1063;330674,4063
2017;1;1;CUCUTA;119208,2208;292997,0747
2017;1;2;CUCUTA;119208,2208;292997,0747
2017;1;3;CUCUTA;119208,2208;292997,0747
2017;1;4;CUCUTA;119208,2208;292997,0747
2017;1;5;CUCUTA;119208,2208;292997,0747
2017;1;6;CUCUTA;119208,2208;292997,0747
2017;2;7;CUCUTA;119824,327;296554,1307
2017;2;8;CUCUTA;119824,327;296554,1307
2017;2;9;CUCUTA;119824,327;296554,1307
2017;2;10;CUCUTA;119824,327;296554,1307
2017;2;11;CUCUTA;119824,327;296554,1307
2017;2;12;CUCUTA;119824,327;296554,1307
2017;1;1;FLORENCIA;128810,4392;341773,5493
2017;1;2;FLORENCIA;128810,4392;341773,5493
2017;1;3;FLORENCIA;128810,4392;341773,5493
2017;1;4;FLORENCIA;128810,4392;341773,5493
2017;1;5;FLORENCIA;128810,4392;341773,5493
2017;1;6;FLORENCIA;128810,4392;341773,5493
2017;2;7;FLORENCIA;125844,1055;339267,6804
2017;2;8;FLORENCIA;125844,1055;339267,6804
2017;2;9;FLORENCIA;125844,1055;339267,6804
2017;2;10;FLORENCIA;125844,1055;339267,6804
2017;2;11;FLORENCIA;125844,1055;339267,6804
2017;2;12;FLORENCIA;125844,1055;339267,6804
2017;1;1;IBAGUE;133487,7276;360056,5675
2017;1;2;IBAGUE;133487,7276;360056,5675
2017;1;3;IBAGUE;133487,7276;360056,5675
2017;1;4;IBAGUE;133487,7276;360056,5675
2017;1;5;IBAGUE;133487,7276;360056,5675
2017;1;6;IBAGUE;133487,7276;360056,5675
2017;2;7;IBAGUE;131765,4984;360655,2055
2017;2;8;IBAGUE;131765,4984;360655,2055
2017;2;9;IBAGUE;131765,4984;360655,2055
2017;2;10;IBAGUE;131765,4984;360655,2055
2017;2;11;IBAGUE;131765,4984;360655,2055
2017;2;12;IBAGUE;131765,4984;360655,2055
2017;1;1;MANIZALES;127065,0036;355228,6285
2017;1;2;MANIZALES;127065,0036;355228,6285
2017;1;3;MANIZALES;127065,0036;355228,6285
2017;1;4;MANIZALES;127065,0036;355228,6285
2017;1;5;MANIZALES;127065,0036;355228,6285
2017;1;6;MANIZALES;127065,0036;355228,6285
2017;2;7;MANIZALES;125346,7005;356334,485
2017;2;8;MANIZALES;125346,7005;356334,485
2017;2;9;MANIZALES;125346,7005;356334,485
2017;2;10;MANIZALES;125346,7005;356334,485
2017;2;11;MANIZALES;125346,7005;356334,485
2017;2;12;MANIZALES;125346,7005;356334,485
2017;1;1;MEDELLIN;134652,6703;376629,4655
2017;1;2;MEDELLIN;134652,6703;376629,4655
2017;1;3;MEDELLIN;134652,6703;376629,4655
2017;1;4;MEDELLIN;134652,6703;376629,4655
2017;1;5;MEDELLIN;134652,6703;376629,4655
2017;1;6;MEDELLIN;134652,6703;376629,4655
2017;2;7;MEDELLIN;133360,8104;379143,6408
2017;2;8;MEDELLIN;133360,8104;379143,6408
2017;2;9;MEDELLIN;133360,8104;379143,6408
2017;2;10;MEDELLIN;133360,8104;379143,6408
2017;2;11;MEDELLIN;133360,8104;379143,6408
2017;2;12;MEDELLIN;133360,8104;379143,6408
2017;1;1;MONTERIA;131100,7524;302838,6179
2017;1;2;MONTERIA;131100,7524;302838,6179
2017;1;3;MONTERIA;131100,7524;302838,6179
2017;1;4;MONTERIA;131100,7524;302838,6179
2017;1;5;MONTERIA;131100,7524;302838,6179
2017;1;6;MONTERIA;131100,7524;302838,6179
2017;2;7;MONTERIA;125707,3205;299968,0989
2017;2;8;MONTERIA;125707,3205;299968,0989
2017;2;9;MONTERIA;125707,3205;299968,0989
2017;2;10;MONTERIA;125707,3205;299968,0989
2017;2;11;MONTERIA;125707,3205;299968,0989
2017;2;12;MONTERIA;125707,3205;299968,0989
2017;1;1;NEIVA;141375,9353;388884,6486
2017;1;2;NEIVA;141375,9353;388884,6486
2017;1;3;NEIVA;141375,9353;388884,6486
2017;1;4;NEIVA;141375,9353;388884,6486
2017;1;5;NEIVA;141375,9353;388884,6486
2017;1;6;NEIVA;141375,9353;388884,6486
2017;2;7;NEIVA;139805,0753;389798,3259
2017;2;8;NEIVA;139805,0753;389798,3259
2017;2;9;NEIVA;139805,0753;389798,3259
2017;2;10;NEIVA;139805,0753;389798,3259
2017;2;11;NEIVA;139805,0753;389798,3259
2017;2;12;NEIVA;139805,0753;389798,3259
2017;1;1;PASTO;143800,555;365277,1432
2017;1;2;PASTO;143800,555;365277,1432
2017;1;3;PASTO;143800,555;365277,1432
2017;1;4;PASTO;143800,555;365277,1432
2017;1;5;PASTO;143800,555;365277,1432
2017;1;6;PASTO;143800,555;365277,1432
2017;2;7;PASTO;146079,4069;370561,2672
2017;2;8;PASTO;146079,4069;370561,2672
2017;2;9;PASTO;146079,4069;370561,2672
2017;2;10;PASTO;146079,4069;370561,2672
2017;2;11;PASTO;146079,4069;370561,2672
2017;2;12;PASTO;146079,4069;370561,2672
2017;1;1;PEREIRA;139441,195;368542,0603
2017;1;2;PEREIRA;139441,195;368542,0603
2017;1;3;PEREIRA;139441,195;368542,0603
2017;1;4;PEREIRA;139441,195;368542,0603
2017;1;5;PEREIRA;139441,195;368542,0603
2017;1;6;PEREIRA;139441,195;368542,0603
2017;2;7;PEREIRA;137841,6403;369487,2072
2017;2;8;PEREIRA;137841,6403;369487,2072
2017;2;9;PEREIRA;137841,6403;369487,2072
2017;2;10;PEREIRA;137841,6403;369487,2072
2017;2;11;PEREIRA;137841,6403;369487,2072
2017;2;12;PEREIRA;137841,6403;369487,2072
2017;1;1;POPAYAN;158643,1306;388950,3
2017;1;2;POPAYAN;158643,1306;388950,3
2017;1;3;POPAYAN;158643,1306;388950,3
2017;1;4;POPAYAN;158643,1306;388950,3
2017;1;5;POPAYAN;158643,1306;388950,3
2017;1;6;POPAYAN;158643,1306;388950,3
2017;2;7;POPAYAN;156988,634;392429,2309
2017;2;8;POPAYAN;156988,634;392429,2309
2017;2;9;POPAYAN;156988,634;392429,2309
2017;2;10;POPAYAN;156988,634;392429,2309
2017;2;11;POPAYAN;156988,634;392429,2309
2017;2;12;POPAYAN;156988,634;392429,2309
2017;1;1;QUIBDO;154269,8191;376711,1287
2017;1;2;QUIBDO;154269,8191;376711,1287
2017;1;3;QUIBDO;154269,8191;376711,1287
2017;1;4;QUIBDO;154269,8191;376711,1287
2017;1;5;QUIBDO;154269,8191;376711,1287
2017;1;6;QUIBDO;154269,8191;376711,1287
2017;2;7;QUIBDO;152388,886;377062,2246
2017;2;8;QUIBDO;152388,886;377062,2246
2017;2;9;QUIBDO;152388,886;377062,2246
2017;2;10;QUIBDO;152388,886;377062,2246
2017;2;11;QUIBDO;152388,886;377062,2246
2017;2;12;QUIBDO;152388,886;377062,2246
2017;1;1;RESTO URBANO;126270,266;280021,2062
2017;1;2;RESTO URBANO;126270,266;280021,2062
2017;1;3;RESTO URBANO;126270,266;280021,2062
2017;1;4;RESTO URBANO;126270,266;280021,2062
2017;1;5;RESTO URBANO;126270,266;280021,2062
2017;1;6;RESTO URBANO;126270,266;280021,2062
2017;2;7;RESTO URBANO;124730,7171;280282,1868
2017;2;8;RESTO URBANO;124730,7171;280282,1868
2017;2;9;RESTO URBANO;124730,7171;280282,1868
2017;2;10;RESTO URBANO;124730,7171;280282,1868
2017;2;11;RESTO URBANO;124730,7171;280282,1868
2017;2;12;RESTO URBANO;124730,7171;280282,1868
2017;1;1;RIOHACHA;121582,9484;260762,4462
2017;1;2;RIOHACHA;121582,9484;260762,4462
2017;1;3;RIOHACHA;121582,9484;260762,4462
2017;1;4;RIOHACHA;121582,9484;260762,4462
2017;1;5;RIOHACHA;121582,9484;260762,4462
2017;1;6;RIOHACHA;121582,9484;260762,4462
2017;2;7;RIOHACHA;119137,3362;259201,1305
2017;2;8;RIOHACHA;119137,3362;259201,1305
2017;2;9;RIOHACHA;119137,3362;259201,1305
2017;2;10;RIOHACHA;119137,3362;259201,1305
2017;2;11;RIOHACHA;119137,3362;259201,1305
2017;2;12;RIOHACHA;119137,3362;259201,1305
2017;1;1;RURAL;103422,3418;200327,03
2017;1;2;RURAL;103422,3418;200327,03
2017;1;3;RURAL;103422,3418;200327,03
2017;1;4;RURAL;103422,3418;200327,03
2017;1;5;RURAL;103422,3418;200327,03
2017;1;6;RURAL;103422,3418;200327,03
2017;2;7;RURAL;101534,2518;200350,7101
2017;2;8;RURAL;101534,2518;200350,7101
2017;2;9;RURAL;101534,2518;200350,7101
2017;2;10;RURAL;101534,2518;200350,7101
2017;2;11;RURAL;101534,2518;200350,7101
2017;2;12;RURAL;101534,2518;200350,7101
2017;1;1;SANTA MARTA;144947,9118;310971,2977
2017;1;2;SANTA MARTA;144947,9118;310971,2977
2017;1;3;SANTA MARTA;144947,9118;310971,2977
2017;1;4;SANTA MARTA;144947,9118;310971,2977
2017;1;5;SANTA MARTA;144947,9118;310971,2977
2017;1;6;SANTA MARTA;144947,9118;310971,2977
2017;2;7;SANTA MARTA;142719,2771;311645,5726
2017;2;8;SANTA MARTA;142719,2771;311645,5726
2017;2;9;SANTA MARTA;142719,2771;311645,5726
2017;2;10;SANTA MARTA;142719,2771;311645,5726
2017;2;11;SANTA MARTA;142719,2771;311645,5726
2017;2;12;SANTA MARTA;142719,2771;311645,5726
2017;1;1;SINCELEJO;116819,4545;285684,6996
2017;1;2;SINCELEJO;116819,4545;285684,6996
2017;1;3;SINCELEJO;116819,4545;285684,6996
2017;1;4;SINCELEJO;116819,4545;285684,6996
2017;1;5;SINCELEJO;116819,4545;285684,6996
2017;1;6;SINCELEJO;116819,4545;285684,6996
2017;2;7;SINCELEJO;114022,7663;284268,7662
2017;2;8;SINCELEJO;114022,7663;284268,7662
2017;2;9;SINCELEJO;114022,7663;284268,7662
2017;2;10;SINCELEJO;114022,7663;284268,7662
2017;2;11;SINCELEJO;114022,7663;284268,7662
2017;2;12;SINCELEJO;114022,7663;284268,7662
2017;1;1;TUNJA;162469,0133;403790,3099
2017;1;2;TUNJA;162469,0133;403790,3099
2017;1;3;TUNJA;162469,0133;403790,3099
2017;1;4;TUNJA;162469,0133;403790,3099
2017;1;5;TUNJA;162469,0133;403790,3099
2017;1;6;TUNJA;162469,0133;403790,3099
2017;2;7;TUNJA;163580,7424;407870,2682
2017;2;8;TUNJA;163580,7424;407870,2682
2017;2;9;TUNJA;163580,7424;407870,2682
2017;2;10;TUNJA;163580,7424;407870,2682
2017;2;11;TUNJA;163580,7424;407870,2682
2017;2;12;TUNJA;163580,7424;407870,2682
2017;1;1;VALLEDUPAR;123669,3078;310343,3137
2017;1;2;VALLEDUPAR;123669,3078;310343,3137
2017;1;3;VALLEDUPAR;123669,3078;310343,3137
2017;1;4;VALLEDUPAR;123669,3078;310343,3137
2017;1;5;VALLEDUPAR;123669,3078;310343,3137
2017;1;6;VALLEDUPAR;123669,3078;310343,3137
2017;2;7;VALLEDUPAR;123006,7632;311759,4613
2017;2;8;VALLEDUPAR;123006,7632;311759,4613
2017;2;9;VALLEDUPAR;123006,7632;311759,4613
2017;2;10;VALLEDUPAR;123006,7632;311759,4613
2017;2;11;VALLEDUPAR;123006,7632;311759,4613
2017;2;12;VALLEDUPAR;123006,7632;311759,4613
2017;1;1;VILLAVICENCIO;153334,93;354676,108
2017;1;2;VILLAVICENCIO;153334,93;354676,108
2017;1;3;VILLAVICENCIO;153334,93;354676,108
2017;1;4;VILLAVICENCIO;153334,93;354676,108
2017;1;5;VILLAVICENCIO;153334,93;354676,108
2017;1;6;VILLAVICENCIO;153334,93;354676,108
2017;2;7;VILLAVICENCIO;152559,5688;354568,3689
2017;2;8;VILLAVICENCIO;152559,5688;354568,3689
2017;2;9;VILLAVICENCIO;152559,5688;354568,3689
2017;2;10;VILLAVICENCIO;152559,5688;354568,3689
2017;2;11;VILLAVICENCIO;152559,5688;354568,3689
2017;2;12;VILLAVICENCIO;152559,5688;354568,3689
2018;1;1;ARMENIA;144624,8162;372997,0752
2018;1;2;ARMENIA;144624,8162;372997,0752
2018;1;3;ARMENIA;144624,8162;372997,0752
2018;1;4;ARMENIA;144624,8162;372997,0752
2018;1;5;ARMENIA;144624,8162;372997,0752
2018;1;6;ARMENIA;144624,8162;372997,0752
2018;2;7;ARMENIA;145118,3258;376642,5837
2018;2;8;ARMENIA;145118,3258;376642,5837
2018;2;9;ARMENIA;145118,3258;376642,5837
2018;2;10;ARMENIA;145118,3258;376642,5837
2018;2;11;ARMENIA;145118,3258;376642,5837
2018;2;12;ARMENIA;145118,3258;376642,5837
2018;1;1;BARRANQUILLA;138500,4572;312530,2405
2018;1;2;BARRANQUILLA;138500,4572;312530,2405
2018;1;3;BARRANQUILLA;138500,4572;312530,2405
2018;1;4;BARRANQUILLA;138500,4572;312530,2405
2018;1;5;BARRANQUILLA;138500,4572;312530,2405
2018;1;6;BARRANQUILLA;138500,4572;312530,2405
2018;2;7;BARRANQUILLA;139185,0051;316814,8281
2018;2;8;BARRANQUILLA;139185,0051;316814,8281
2018;2;9;BARRANQUILLA;139185,0051;316814,8281
2018;2;10;BARRANQUILLA;139185,0051;316814,8281
2018;2;11;BARRANQUILLA;139185,0051;316814,8281
2018;2;12;BARRANQUILLA;139185,0051;316814,8281
2018;1;1;BOGOTA;162912,1663;433484,7521
2018;1;2;BOGOTA;162912,1663;433484,7521
2018;1;3;BOGOTA;162912,1663;433484,7521
2018;1;4;BOGOTA;162912,1663;433484,7521
2018;1;5;BOGOTA;162912,1663;433484,7521
2018;1;6;BOGOTA;162912,1663;433484,7521
2018;2;7;BOGOTA;163432,3141;435766,9351
2018;2;8;BOGOTA;163432,3141;435766,9351
2018;2;9;BOGOTA;163432,3141;435766,9351
2018;2;10;BOGOTA;163432,3141;435766,9351
2018;2;11;BOGOTA;163432,3141;435766,9351
2018;2;12;BOGOTA;163432,3141;435766,9351
2018;1;1;BUCARAMANGA;169727,1541;432216,6492
2018;1;2;BUCARAMANGA;169727,1541;432216,6492
2018;1;3;BUCARAMANGA;169727,1541;432216,6492
2018;1;4;BUCARAMANGA;169727,1541;432216,6492
2018;1;5;BUCARAMANGA;169727,1541;432216,6492
2018;1;6;BUCARAMANGA;169727,1541;432216,6492
2018;2;7;BUCARAMANGA;170443,453;433063,2902
2018;2;8;BUCARAMANGA;170443,453;433063,2902
2018;2;9;BUCARAMANGA;170443,453;433063,2902
2018;2;10;BUCARAMANGA;170443,453;433063,2902
2018;2;11;BUCARAMANGA;170443,453;433063,2902
2018;2;12;BUCARAMANGA;170443,453;433063,2902
2018;1;1;CALI;133287,5278;330353,2142
2018;1;2;CALI;133287,5278;330353,2142
2018;1;3;CALI;133287,5278;330353,2142
2018;1;4;CALI;133287,5278;330353,2142
2018;1;5;CALI;133287,5278;330353,2142
2018;1;6;CALI;133287,5278;330353,2142
2018;2;7;CALI;134853,272;332984,1974
2018;2;8;CALI;134853,272;332984,1974
2018;2;9;CALI;134853,272;332984,1974
2018;2;10;CALI;134853,272;332984,1974
2018;2;11;CALI;134853,272;332984,1974
2018;2;12;CALI;134853,272;332984,1974
2018;1;1;CARTAGENA;134302,3092;340310,5273
2018;1;2;CARTAGENA;134302,3092;340310,5273
2018;1;3;CARTAGENA;134302,3092;340310,5273
2018;1;4;CARTAGENA;134302,3092;340310,5273
2018;1;5;CARTAGENA;134302,3092;340310,5273
2018;1;6;CARTAGENA;134302,3092;340310,5273
2018;2;7;CARTAGENA;135986,1801;343077,5173
2018;2;8;CARTAGENA;135986,1801;343077,5173
2018;2;9;CARTAGENA;135986,1801;343077,5173
2018;2;10;CARTAGENA;135986,1801;343077,5173
2018;2;11;CARTAGENA;135986,1801;343077,5173
2018;2;12;CARTAGENA;135986,1801;343077,5173
2018;1;1;CUCUTA;121122,2419;300514,4967
2018;1;2;CUCUTA;121122,2419;300514,4967
2018;1;3;CUCUTA;121122,2419;300514,4967
2018;1;4;CUCUTA;121122,2419;300514,4967
2018;1;5;CUCUTA;121122,2419;300514,4967
2018;1;6;CUCUTA;121122,2419;300514,4967
2018;2;7;CUCUTA;122363,9628;303826,2339
2018;2;8;CUCUTA;122363,9628;303826,2339
2018;2;9;CUCUTA;122363,9628;303826,2339
2018;2;10;CUCUTA;122363,9628;303826,2339
2018;2;11;CUCUTA;122363,9628;303826,2339
2018;2;12;CUCUTA;122363,9628;303826,2339
2018;1;1;FLORENCIA;126965,0772;344164,0876
2018;1;2;FLORENCIA;126965,0772;344164,0876
2018;1;3;FLORENCIA;126965,0772;344164,0876
2018;1;4;FLORENCIA;126965,0772;344164,0876
2018;1;5;FLORENCIA;126965,0772;344164,0876
2018;1;6;FLORENCIA;126965,0772;344164,0876
2018;2;7;FLORENCIA;127533,2297;346824,2033
2018;2;8;FLORENCIA;127533,2297;346824,2033
2018;2;9;FLORENCIA;127533,2297;346824,2033
2018;2;10;FLORENCIA;127533,2297;346824,2033
2018;2;11;FLORENCIA;127533,2297;346824,2033
2018;2;12;FLORENCIA;127533,2297;346824,2033
2018;1;1;IBAGUE;131755,7752;367350,1148
2018;1;2;IBAGUE;131755,7752;367350,1148
2018;1;3;IBAGUE;131755,7752;367350,1148
2018;1;4;IBAGUE;131755,7752;367350,1148
2018;1;5;IBAGUE;131755,7752;367350,1148
2018;1;6;IBAGUE;131755,7752;367350,1148
2018;2;7;IBAGUE;132231,9555;368922,9005
2018;2;8;IBAGUE;132231,9555;368922,9005
2018;2;9;IBAGUE;132231,9555;368922,9005
2018;2;10;IBAGUE;132231,9555;368922,9005
2018;2;11;IBAGUE;132231,9555;368922,9005
2018;2;12;IBAGUE;132231,9555;368922,9005
2018;1;1;MANIZALES;125705,3724;362667,529
2018;1;2;MANIZALES;125705,3724;362667,529
2018;1;3;MANIZALES;125705,3724;362667,529
2018;1;4;MANIZALES;125705,3724;362667,529
2018;1;5;MANIZALES;125705,3724;362667,529
2018;1;6;MANIZALES;125705,3724;362667,529
2018;2;7;MANIZALES;125982,5726;366675,4843
2018;2;8;MANIZALES;125982,5726;366675,4843
2018;2;9;MANIZALES;125982,5726;366675,4843
2018;2;10;MANIZALES;125982,5726;366675,4843
2018;2;11;MANIZALES;125982,5726;366675,4843
2018;2;12;MANIZALES;125982,5726;366675,4843
2018;1;1;MEDELLIN;134157,609;388071,3254
2018;1;2;MEDELLIN;134157,609;388071,3254
2018;1;3;MEDELLIN;134157,609;388071,3254
2018;1;4;MEDELLIN;134157,609;388071,3254
2018;1;5;MEDELLIN;134157,609;388071,3254
2018;1;6;MEDELLIN;134157,609;388071,3254
2018;2;7;MEDELLIN;134427,1821;391882,7573
2018;2;8;MEDELLIN;134427,1821;391882,7573
2018;2;9;MEDELLIN;134427,1821;391882,7573
2018;2;10;MEDELLIN;134427,1821;391882,7573
2018;2;11;MEDELLIN;134427,1821;391882,7573
2018;2;12;MEDELLIN;134427,1821;391882,7573
2018;1;1;MONTERIA;128635,3102;306098,3583
2018;1;2;MONTERIA;128635,3102;306098,3583
2018;1;3;MONTERIA;128635,3102;306098,3583
2018;1;4;MONTERIA;128635,3102;306098,3583
2018;1;5;MONTERIA;128635,3102;306098,3583
2018;1;6;MONTERIA;128635,3102;306098,3583
2018;2;7;MONTERIA;129655,9359;311310,9021
2018;2;8;MONTERIA;129655,9359;311310,9021
2018;2;9;MONTERIA;129655,9359;311310,9021
2018;2;10;MONTERIA;129655,9359;311310,9021
2018;2;11;MONTERIA;129655,9359;311310,9021
2018;2;12;MONTERIA;129655,9359;311310,9021
2018;1;1;NEIVA;139619,6581;394596,4753
2018;1;2;NEIVA;139619,6581;394596,4753
2018;1;3;NEIVA;139619,6581;394596,4753
2018;1;4;NEIVA;139619,6581;394596,4753
2018;1;5;NEIVA;139619,6581;394596,4753
2018;1;6;NEIVA;139619,6581;394596,4753
2018;2;7;NEIVA;141847,3259;397507,4409
2018;2;8;NEIVA;141847,3259;397507,4409
2018;2;9;NEIVA;141847,3259;397507,4409
2018;2;10;NEIVA;141847,3259;397507,4409
2018;2;11;NEIVA;141847,3259;397507,4409
2018;2;12;NEIVA;141847,3259;397507,4409
2018;1;1;PASTO;143677,7318;375668,7643
2018;1;2;PASTO;143677,7318;375668,7643
2018;1;3;PASTO;143677,7318;375668,7643
2018;1;4;PASTO;143677,7318;375668,7643
2018;1;5;PASTO;143677,7318;375668,7643
2018;1;6;PASTO;143677,7318;375668,7643
2018;2;7;PASTO;147011,5421;383655,6358
2018;2;8;PASTO;147011,5421;383655,6358
2018;2;9;PASTO;147011,5421;383655,6358
2018;2;10;PASTO;147011,5421;383655,6358
2018;2;11;PASTO;147011,5421;383655,6358
2018;2;12;PASTO;147011,5421;383655,6358
2018;1;1;PEREIRA;138381,5731;377151,4924
2018;1;2;PEREIRA;138381,5731;377151,4924
2018;1;3;PEREIRA;138381,5731;377151,4924
2018;1;4;PEREIRA;138381,5731;377151,4924
2018;1;5;PEREIRA;138381,5731;377151,4924
2018;1;6;PEREIRA;138381,5731;377151,4924
2018;2;7;PEREIRA;138657,1313;381037,297
2018;2;8;PEREIRA;138657,1313;381037,297
2018;2;9;PEREIRA;138657,1313;381037,297
2018;2;10;PEREIRA;138657,1313;381037,297
2018;2;11;PEREIRA;138657,1313;381037,297
2018;2;12;PEREIRA;138657,1313;381037,297
2018;1;1;POPAYAN;156898,9907;396220,9716
2018;1;2;POPAYAN;156898,9907;396220,9716
2018;1;3;POPAYAN;156898,9907;396220,9716
2018;1;4;POPAYAN;156898,9907;396220,9716
2018;1;5;POPAYAN;156898,9907;396220,9716
2018;1;6;POPAYAN;156898,9907;396220,9716
2018;2;7;POPAYAN;157861,0628;401039,628
2018;2;8;POPAYAN;157861,0628;401039,628
2018;2;9;POPAYAN;157861,0628;401039,628
2018;2;10;POPAYAN;157861,0628;401039,628
2018;2;11;POPAYAN;157861,0628;401039,628
2018;2;12;POPAYAN;157861,0628;401039,628
2018;1;1;QUIBDO;153278,1352;383825,554
2018;1;2;QUIBDO;153278,1352;383825,554
2018;1;3;QUIBDO;153278,1352;383825,554
2018;1;4;QUIBDO;153278,1352;383825,554
2018;1;5;QUIBDO;153278,1352;383825,554
2018;1;6;QUIBDO;153278,1352;383825,554
2018;2;7;QUIBDO;154209,523;387666,6383
2018;2;8;QUIBDO;154209,523;387666,6383
2018;2;9;QUIBDO;154209,523;387666,6383
2018;2;10;QUIBDO;154209,523;387666,6383
2018;2;11;QUIBDO;154209,523;387666,6383
2018;2;12;QUIBDO;154209,523;387666,6383
2018;1;1;RESTO URBANO;125458,5701;285309,5819
2018;1;2;RESTO URBANO;125458,5701;285309,5819
2018;1;3;RESTO URBANO;125458,5701;285309,5819
2018;1;4;RESTO URBANO;125458,5701;285309,5819
2018;1;5;RESTO URBANO;125458,5701;285309,5819
2018;1;6;RESTO URBANO;125458,5701;285309,5819
2018;2;7;RESTO URBANO;126220,9134;288164,7804
2018;2;8;RESTO URBANO;126220,9134;288164,7804
2018;2;9;RESTO URBANO;126220,9134;288164,7804
2018;2;10;RESTO URBANO;126220,9134;288164,7804
2018;2;11;RESTO URBANO;126220,9134;288164,7804
2018;2;12;RESTO URBANO;126220,9134;288164,7804
2018;1;1;RIOHACHA;120205,0782;262781,2843
2018;1;2;RIOHACHA;120205,0782;262781,2843
2018;1;3;RIOHACHA;120205,0782;262781,2843
2018;1;4;RIOHACHA;120205,0782;262781,2843
2018;1;5;RIOHACHA;120205,0782;262781,2843
2018;1;6;RIOHACHA;120205,0782;262781,2843
2018;2;7;RIOHACHA;121280,7741;264884,9003
2018;2;8;RIOHACHA;121280,7741;264884,9003
2018;2;9;RIOHACHA;121280,7741;264884,9003
2018;2;10;RIOHACHA;121280,7741;264884,9003
2018;2;11;RIOHACHA;121280,7741;264884,9003
2018;2;12;RIOHACHA;121280,7741;264884,9003
2018;1;1;RURAL;102315,4472;203229,0066
2018;1;2;RURAL;102315,4472;203229,0066
2018;1;3;RURAL;102315,4472;203229,0066
2018;1;4;RURAL;102315,4472;203229,0066
2018;1;5;RURAL;102315,4472;203229,0066
2018;1;6;RURAL;102315,4472;203229,0066
2018;2;7;RURAL;102960,3436;205398,9016
2018;2;8;RURAL;102960,3436;205398,9016
2018;2;9;RURAL;102960,3436;205398,9016
2018;2;10;RURAL;102960,3436;205398,9016
2018;2;11;RURAL;102960,3436;205398,9016
2018;2;12;RURAL;102960,3436;205398,9016
2018;1;1;SANTA MARTA;144074,5754;314322,3784
2018;1;2;SANTA MARTA;144074,5754;314322,3784
2018;1;3;SANTA MARTA;144074,5754;314322,3784
2018;1;4;SANTA MARTA;144074,5754;314322,3784
2018;1;5;SANTA MARTA;144074,5754;314322,3784
2018;1;6;SANTA MARTA;144074,5754;314322,3784
2018;2;7;SANTA MARTA;145324,1413;319842,0501
2018;2;8;SANTA MARTA;145324,1413;319842,0501
2018;2;9;SANTA MARTA;145324,1413;319842,0501
2018;2;10;SANTA MARTA;145324,1413;319842,0501
2018;2;11;SANTA MARTA;145324,1413;319842,0501
2018;2;12;SANTA MARTA;145324,1413;319842,0501
2018;1;1;SINCELEJO;117298,2334;290785,6742
2018;1;2;SINCELEJO;117298,2334;290785,6742
2018;1;3;SINCELEJO;117298,2334;290785,6742
2018;1;4;SINCELEJO;117298,2334;290785,6742
2018;1;5;SINCELEJO;117298,2334;290785,6742
2018;1;6;SINCELEJO;117298,2334;290785,6742
2018;2;7;SINCELEJO;118611,973;295869,852
2018;2;8;SINCELEJO;118611,973;295869,852
2018;2;9;SINCELEJO;118611,973;295869,852
2018;2;10;SINCELEJO;118611,973;295869,852
2018;2;11;SINCELEJO;118611,973;295869,852
2018;2;12;SINCELEJO;118611,973;295869,852
2018;1;1;TUNJA;161900,5763;413267,1755
2018;1;2;TUNJA;161900,5763;413267,1755
2018;1;3;TUNJA;161900,5763;413267,1755
2018;1;4;TUNJA;161900,5763;413267,1755
2018;1;5;TUNJA;161900,5763;413267,1755
2018;1;6;TUNJA;161900,5763;413267,1755
2018;2;7;TUNJA;162538,7788;417928,2506
2018;2;8;TUNJA;162538,7788;417928,2506
2018;2;9;TUNJA;162538,7788;417928,2506
2018;2;10;TUNJA;162538,7788;417928,2506
2018;2;11;TUNJA;162538,7788;417928,2506
2018;2;12;TUNJA;162538,7788;417928,2506
2018;1;1;VALLEDUPAR;122633,2523;313371,7214
2018;1;2;VALLEDUPAR;122633,2523;313371,7214
2018;1;3;VALLEDUPAR;122633,2523;313371,7214
2018;1;4;VALLEDUPAR;122633,2523;313371,7214
2018;1;5;VALLEDUPAR;122633,2523;313371,7214
2018;1;6;VALLEDUPAR;122633,2523;313371,7214
2018;2;7;VALLEDUPAR;124757,3742;317008,2715
2018;2;8;VALLEDUPAR;124757,3742;317008,2715
2018;2;9;VALLEDUPAR;124757,3742;317008,2715
2018;2;10;VALLEDUPAR;124757,3742;317008,2715
2018;2;11;VALLEDUPAR;124757,3742;317008,2715
2018;2;12;VALLEDUPAR;124757,3742;317008,2715
2018;1;1;VILLAVICENCIO;153427,1447;360438,631
2018;1;2;VILLAVICENCIO;153427,1447;360438,631
2018;1;3;VILLAVICENCIO;153427,1447;360438,631
2018;1;4;VILLAVICENCIO;153427,1447;360438,631
2018;1;5;VILLAVICENCIO;153427,1447;360438,631
2018;1;6;VILLAVICENCIO;153427,1447;360438,631
2018;2;7;VILLAVICENCIO;154250,1841;361532,3669
2018;2;8;VILLAVICENCIO;154250,1841;361532,3669
2018;2;9;VILLAVICENCIO;154250,1841;361532,3669
2018;2;10;VILLAVICENCIO;154250,1841;361532,3669
2018;2;11;VILLAVICENCIO;154250,1841;361532,3669
2018;2;12;VILLAVICENCIO;154250,1841;361532,3669
