variable,dtype,n_obs,n_missing,pct_missing,n_unique,sample_values,min,max
ola,int64,5275,0,0.0,1,1,1.0,1.0
zona,int64,5275,0,0.0,1,1,1.0,1.0
region,int64,5275,0,0.0,5,5 | 1 | 2 | 3 | 4,1.0,5.0
id_dpto,int64,5275,0,0.0,21,21 | 12 | 11 | 22 | 14,2.0,23.0
id_mpio,int64,5275,0,0.0,44,102 | 65 | 69 | 15 | 1,1.0,102.0
id_mpiou,int64,5275,0,0.0,63,21102 | 12065 | 12102 | 11102 | 11069,2003.0,23102.0
consecutivo_c,int64,5275,0,0.0,568,11001 | 11002 | 11004 | 11003 | 11005,11001.0,22609.0
estrato,int64,5275,0,0.0,4,2 | 1 | 3 | 4,1.0,4.0
t_hogar,int64,5275,0,0.0,6,1 | 2 | 3 | 4 | 5,1.0,6.0
consecutivo,int64,5275,0,0.0,5275,111001 | 111002 | 111003 | 111004 | 111006,111001.0,226628.0
t_personas,int64,5275,0,0.0,17,3 | 2 | 6 | 4 | 5,2.0,28.0
ordeninforma,int64,5275,0,0.0,10,1 | 2 | 3 | 4 | 12,1.0,12.0
tipo_vivienda,int64,5275,0,0.0,4,2 | 1 | 3 | 4,1.0,4.0
material_pisos,int64,5275,0,0.0,6,2 | 3 | 5 | 1 | 6,1.0,6.0
material_paredes,int64,5275,0,0.0,7,1 | 3 | 5 | 2 | 6,1.0,7.0
sp_energia,int64,5275,0,0.0,2,1 | 2,1.0,2.0
sp_estrato,float64,5275,16,0.003,4,2.0 | 1.0 | 3.0 | 4.0,1.0,4.0
sp_gasnatural,int64,5275,0,0.0,2,1 | 2,1.0,2.0
sp_acueducto,int64,5275,0,0.0,2,1 | 2,1.0,2.0
sp_alcantarillado,int64,5275,0,0.0,2,1 | 2,1.0,2.0
sp_telefono,int64,5275,0,0.0,2,1 | 2,1.0,2.0
sp_recoleccion_basura,int64,5275,0,0.0,2,1 | 2,1.0,2.0
eliminan_basura,int64,5275,0,0.0,6,1 | 6 | 5 | 3 | 4,1.0,6.0
t_hogares,int64,5275,0,0.0,6,1 | 2 | 3 | 4 | 5,1.0,6.0
uc_fabricas,int64,5275,0,0.0,2,2 | 1,1.0,2.0
uc_basureros,int64,5275,0,0.0,2,2 | 1,1.0,2.0
uc_plaza_mercado,int64,5275,0,0.0,2,2 | 1,1.0,2.0
uc_terminal_bus,int64,5275,0,0.0,2,2 | 1,1.0,2.0
uc_aeropuerto,int64,5275,0,0.0,2,2 | 1,1.0,2.0
uc_cagno_agua,int64,5275,0,0.0,2,2 | 1,1.0,2.0
uc_planta_tratamiento,int64,5275,0,0.0,2,2 | 1,1.0,2.0
uc_trans_hidrocarburo,int64,5275,0,0.0,2,2 | 1,1.0,2.0
uc_linea_alta_tension,int64,5275,0,0.0,2,2 | 1,1.0,2.0
uc_vias_ppales,int64,5275,0,0.0,2,2 | 1,1.0,2.0
inundacion,int64,5275,0,0.0,2,2 | 1,1.0,2.0
avalancha,int64,5275,0,0.0,2,2 | 1,1.0,2.0
creciente,int64,5275,0,0.0,2,2 | 1,1.0,2.0
hundimiento,int64,5275,0,0.0,2,2 | 1,1.0,2.0
terremoto,int64,5275,0,0.0,2,2 | 1,1.0,2.0
t_cuartos_hogar,int64,5275,0,0.0,11,5 | 1 | 2 | 3 | 4,1.0,11.0
t_cuartos_dormir,int64,5275,0,0.0,10,2 | 1 | 4 | 3 | 5,1.0,10.0
servicio_sanitario,int64,5275,0,0.0,6,1 | 2 | 6 | 4 | 3,1.0,6.0
uso_sanitario,float64,5275,60,0.0114,2,1.0 | 2.0,1.0,2.0
obtencion_agua,int64,5275,0,0.0,9,1 | 10 | 2 | 7 | 3,1.0,10.0
sitio_alimentos,int64,5275,0,0.0,6,1 | 6 | 4 | 3 | 5,1.0,6.0
cocina_es,float64,5275,19,0.0036,2,1.0 | 2.0,1.0,2.0
energia_cocinan,float64,5275,19,0.0036,7,2.0 | 3.0 | 5.0 | 1.0 | 6.0,1.0,7.0
tenencia_vivienda,int64,5275,0,0.0,5,1 | 3 | 4 | 2 | 5,1.0,5.0
anos_adqviv,float64,5275,3194,0.6055,60,19.0 | 3.0 | 28.0 | 4.0 | 23.0,0.0,60.0
meses_adqviv,float64,5275,3195,0.6057,12,0.0 | 2.0 | 6.0 | 1.0 | 4.0,0.0,11.0
fecha_ano_adviv,float64,5275,5004,0.9486,54,1977.0 | 1980.0 | 2002.0 | 1997.0 | 1993.0,1940.0,2010.0
fecha_mes_adviv,float64,5275,5004,0.9486,12,6.0 | 2.0 | 8.0 | 3.0 | 1.0,1.0,12.0
compro_vivcuando,float64,5275,2926,0.5547,7,3.0 | 4.0 | 2.0 | 5.0 | 1.0,1.0,7.0
compro_vc_cual,object,5275,5267,0.9985,8,DADA POR LA GOBERNACION2 | RECIBIO   VIVIENDA POR LA GOBERNACION2 | EL MUNICIPIO LES ADJUDICO  EL TERRENO | REUBICACION2 | SE LA DIO EL MUNIUCIPIO,,
recursos_propios,float64,5275,2926,0.5547,2,1.0 | 2.0,1.0,2.0
credito_financiera,float64,5275,2926,0.5547,2,1.0 | 2.0,1.0,2.0
credito_fna,float64,5275,2926,0.5547,2,2.0 | 1.0,1.0,2.0
credito_proveedor,float64,5275,2926,0.5547,2,2.0 | 1.0,1.0,2.0
credito_cooperativa,float64,5275,2926,0.5547,2,2.0 | 1.0,1.0,2.0
prestamo_empleador,float64,5275,2926,0.5547,2,2.0 | 1.0,1.0,2.0
prestamo_familiar,float64,5275,2926,0.5547,2,2.0 | 1.0,1.0,2.0
prestamo_particular,float64,5275,2926,0.5547,2,2.0 | 1.0,1.0,2.0
subsidios,float64,5275,2925,0.5545,2,2.0 | 1.0,1.0,2.0
otra_financiacion,float64,5275,2926,0.5547,2,2.0 | 1.0,1.0,2.0
otra_financiacion_cual,object,5275,5262,0.9975,13,NO HAN PAGAADO NADA | POR MEDIO DEL TRABAJO | CREDITO TERRITORIAL | ENTIDAD   DESCONOCIDAD | DINERO QUE LLEGO POR MUERTE DE UN HIJO DE SRA IRMA,,
subsidio_compra,float64,5275,5235,0.9924,1,1.0,1.0,1.0
subsidio_mejora,float64,5275,5256,0.9964,1,1.0,1.0,1.0
subsidio_legalizar,float64,5275,5275,1.0,0,,,
subsidio_nousado,float64,5275,5267,0.9985,1,1.0,1.0,1.0
subsidio_negado,float64,5275,5223,0.9901,1,2.0,2.0,2.0
ningun_subsidio,float64,5275,3044,0.5771,1,3.0,3.0,3.0
subsidio_recibido,float64,5275,5209,0.9875,40,4300000.0 | 5000000.0 | 7000000.0 | 700000.0 | 2000000.0,98.0,10000000.0
dcto_vivienda,float64,5275,2926,0.5547,7,1.0 | 5.0 | 7.0 | 2.0 | 6.0,1.0,7.0
dcto_viv_cual,object,5275,5248,0.9949,26,CATASTRO | ESTA EN PROGRAMACION  PARA    ENTREGARLE    LAS | ESCRITURA DE MEJORA | ABONO DE VENTA DE PLANEACION | DOCUMENTO DE ADJUDICACION DE VIVIENDA,,
ofrecev_vivi,float64,5275,2926,0.5547,2,2.0 | 1.0,1.0,2.0
ofrecev_mes,float64,5275,5197,0.9852,9,3.0 | 5.0 | 1.0 | 2.0 | 12.0,1.0,12.0
ofrecev_ano,float64,5275,5197,0.9852,7,2010.0 | 2009.0 | 2008.0 | 2007.0 | 2004.0,2000.0,9999.0
valor_arriendo_pagado,float64,5275,3168,0.6006,117,120000.0 | 150000.0 | 170000.0 | 175000.0 | 270000.0,98.0,1800000.0
arren_casa,int64,5275,0,0.0,2,1 | 2,1.0,2.0
arren_cuarto,int64,5275,0,0.0,2,2 | 1,1.0,2.0
arren_bodega,int64,5275,0,0.0,2,2 | 1,1.0,2.0
arren_oficina,int64,5275,0,0.0,2,2 | 1,1.0,2.0
arren_local,int64,5275,0,0.0,2,2 | 1,1.0,2.0
arren_garaje,int64,5275,0,0.0,2,2 | 1,1.0,2.0
arren_finca,int64,5275,0,0.0,2,2 | 1,1.0,2.0
anos_tiene_hogar,int64,5275,0,0.0,70,24 | 1 | 17 | 16 | 0,0.0,99.0
ano_creo_hogar,float64,5275,4634,0.8785,51,2009.0 | 1973.0 | 2007.0 | 2002.0 | 1984.0,1950.0,9999.0
religion,int64,5275,0,0.0,2,1 | 2,1.0,2.0
religion_cual,object,5275,381,0.0722,63,CATOLICA | CRISTIANA | TESTIGOS DE JEHOVA | EVANGELICA | CRUZADA CRISTIANA,,
religion_cual2,object,5275,5020,0.9517,16,CATOLICA | CRISTIANA | EVANGELICA | PENTECOSTAL UNIDA | TESTIGOS DE JEHOVA,,
cambio_vivienda,int64,5275,0,0.0,2,1 | 2,1.0,2.0
veces_cambio_vivienda,float64,5275,1683,0.3191,26,1.0 | 2.0 | 3.0 | 4.0 | 6.0,1.0,98.0
anos_ocupa_vivienda,float64,5275,1892,0.3587,49,0.0 | 10.0 | 2.0 | 4.0 | 3.0,0.0,87.0
meses_ocupa_vivienda,float64,5275,1892,0.3587,16,8.0 | 0.0 | 4.0 | 5.0 | 6.0,0.0,30.0
ano_llevaviviendo,float64,5275,5063,0.9598,38,1980.0 | 1997.0 | 1993.0 | 2000.0 | 2002.0,1963.0,9999.0
mes_llevaviviendo,float64,5275,5063,0.9598,13,2.0 | 3.0 | 1.0 | 6.0 | 4.0,1.0,99.0
n_neveras,int64,5275,0,0.0,4,1 | 0 | 2 | 3,0.0,3.0
n_lavadoras,int64,5275,0,0.0,3,1 | 0 | 2,0.0,2.0
n_secadoras,int64,5275,0,0.0,3,0 | 2 | 1,0.0,2.0
n_licuadoras,int64,5275,0,0.0,4,1 | 0 | 2 | 3,0.0,3.0
n_hornos,int64,5275,0,0.0,3,1 | 0 | 2,0.0,2.0
n_microondas,int64,5275,0,0.0,3,0 | 1 | 2,0.0,2.0
n_calentadores,int64,5275,0,0.0,4,0 | 2 | 1 | 9,0.0,9.0
n_duchas,int64,5275,0,0.0,3,0 | 1 | 2,0.0,2.0
n_aire_acondicionado,int64,5275,0,0.0,8,0 | 1 | 3 | 2 | 5,0.0,9.0
n_televisores,int64,5275,0,0.0,8,2 | 1 | 3 | 0 | 4,0.0,8.0
n_radios,int64,5275,0,0.0,7,0 | 1 | 2 | 3 | 4,0.0,9.0
n_equipos_sonido,int64,5275,0,0.0,6,1 | 0 | 2 | 3 | 9,0.0,9.0
n_equipos_video,int64,5275,0,0.0,7,2 | 1 | 0 | 3 | 4,0.0,9.0
n_television_cable,int64,5275,0,0.0,4,1 | 0 | 2 | 3,0.0,3.0
n_internet,int64,5275,0,0.0,3,0 | 1 | 2,0.0,2.0
n_computadores,int64,5275,0,0.0,7,0 | 1 | 2 | 3 | 4,0.0,9.0
n_bicicletas,int64,5275,0,0.0,10,0 | 2 | 1 | 3 | 4,0.0,9.0
motocicletas,int64,5275,0,0.0,5,0 | 1 | 3 | 2 | 4,0.0,4.0
vr_motocicletas,float64,5275,4303,0.8157,74,4000000.0 | 5000000.0 | 4500000.0 | 1500000.0 | 2500000.0,98.0,30000000.0
automoviles,int64,5275,0,0.0,5,0 | 1 | 2 | 3 | 4,0.0,4.0
vr_automoviles,float64,5275,4652,0.8819,80,5000000.0 | 12000000.0 | 20000000.0 | 10000000.0 | 3000000.0,98.0,150000000.0
lotes,int64,5275,0,0.0,5,1 | 0 | 3 | 2 | 4,0.0,4.0
vr_lotes,float64,5275,5071,0.9613,45,15000000.0 | 1000000.0 | 20000000.0 | 10000000.0 | 600000.0,98.0,700000000.0
casas,int64,5275,0,0.0,5,0 | 1 | 3 | 2 | 5,0.0,5.0
vr_casas,float64,5275,5013,0.9503,72,20000000.0 | 150000000.0 | 60000000.0 | 200000000.0 | 30000000.0,98.0,800000000.0
maquinaria,int64,5275,0,0.0,13,0 | 1 | 5 | 7 | 4,0.0,99.0
vr_maquinaria,float64,5275,5145,0.9754,47,200000.0 | 3500000.0 | 3000000.0 | 12000000.0 | 99.0,99.0,600000000.0
oficina,int64,5275,0,0.0,9,0 | 1 | 7 | 3 | 15,0.0,15.0
vr_oficina,float64,5275,5177,0.9814,30,1500000.0 | 99.0 | 350000.0 | 5000000.0 | 2100000.0,98.0,30000000.0
transporte,int64,5275,0,0.0,4,0 | 1 | 2 | 3,0.0,3.0
vr_transporte,float64,5275,5233,0.992,33,20000000.0 | 1000000.0 | 8000000.0 | 3000000.0 | 25000000.0,99.0,200000000.0
semovientes,int64,5275,0,0.0,11,0 | 1 | 8 | 4 | 2,0.0,22.0
vr_semovientes,float64,5275,5228,0.9911,28,600000.0 | 10000000.0 | 250000.0 | 2100000.0 | 1000000.0,98.0,400000000.0
otro_bien_cual,object,5275,5266,0.9983,5,SIN INFORMACION | . | NEVERA PARA EL NEGOCIO | CERDOS | SAMOVARES LOSA CUBIERTOS TABLONES Y MANTELERIA,,
n_otros_bienes,float64,5275,1,0.0002,5,0.0 | 1.0 | 3.0 | 11.0 | 14.0,0.0,14.0
vr_otros_bienes,float64,5275,5267,0.9985,7,200000.0 | 1000000.0 | 360000.0 | 10000000.0 | 50000000.0,200000.0,50000000.0
familias_accion,int64,5275,0,0.0,2,2 | 1,1.0,2.0
jovenes_accion,int64,5275,0,0.0,2,2 | 1,1.0,2.0
sena,int64,5275,0,0.0,2,2 | 1,1.0,2.0
red_juntos,int64,5275,0,0.0,2,2 | 1,1.0,2.0
icbf,int64,5275,0,0.0,2,2 | 1,1.0,2.0
sub_desempleo,int64,5275,0,0.0,2,2 | 1,1.0,2.0
caja_subsprest,int64,5275,0,0.0,2,2 | 1,1.0,2.0
caja_saludrec,int64,5275,0,0.0,2,2 | 1,1.0,2.0
ayu_emergencias,int64,5275,0,0.0,2,2 | 1,1.0,2.0
prg_adultomayor,int64,5275,0,0.0,2,2 | 1,1.0,2.0
ayu_desplazados,int64,5275,0,0.0,2,2 | 1,1.0,2.0
otro_programa,int64,5275,0,0.0,2,2 | 1,1.0,2.0
otro_programa_cual,object,5275,5243,0.9939,26,SIN INFORMACION | PLAN COLOMBIA | PLAN CPLOMBIA | FAMI | REPARACION DE VICTIMAS,,
ayu_fam_colom,int64,5275,0,0.0,2,2 | 1,1.0,2.0
ayu_fc_per,float64,5275,4652,0.8819,5,1.0 | 5.0 | 4.0 | 3.0 | 2.0,1.0,5.0
ayu_fc_vr,float64,5275,4652,0.8819,96,180000.0 | 200000.0 | 300000.0 | 50000.0 | 1000000.0,98.0,10000000.0
ayu_fam_ext,int64,5275,0,0.0,2,2 | 1,1.0,2.0
ayu_fe_per,float64,5275,5101,0.967,5,5.0 | 1.0 | 4.0 | 2.0 | 3.0,1.0,5.0
ayu_fe_vr,float64,5275,5101,0.967,44,2000000.0 | 360000.0 | 960000.0 | 1800000.0 | 600000.0,98.0,5400000.0
ayu_alimentos,int64,5275,0,0.0,2,1 | 2,1.0,2.0
ayu_ali_per,float64,5275,4698,0.8906,5,5.0 | 1.0 | 4.0 | 3.0 | 2.0,1.0,5.0
ayu_ali_vr,float64,5275,4698,0.8906,100,80000.0 | 150000.0 | 40000.0 | 30000.0 | 120000.0,98.0,8400000.0
ayu_orgintern,int64,5275,0,0.0,2,2 | 1,1.0,2.0
ayu_oi_per,float64,5275,5267,0.9985,3,4.0 | 1.0 | 2.0,1.0,4.0
ayu_oi_vr,float64,5275,5267,0.9985,6,400000.0 | 350000.0 | 180000.0 | 660000.0 | 900000.0,180000.0,900000.0
ayu_ong,int64,5275,0,0.0,2,2 | 1,1.0,2.0
ayu_ong_per,float64,5275,5231,0.9917,5,5.0 | 1.0 | 3.0 | 2.0 | 4.0,1.0,5.0
ayu_ong_vr,float64,5275,5231,0.9917,30,1200000.0 | 50000.0 | 120000.0 | 160000.0 | 30000.0,30000.0,4500000.0
ayu_religiosas,int64,5275,0,0.0,2,2 | 1,1.0,2.0
ayu_rel_per,float64,5275,5251,0.9955,5,1.0 | 5.0 | 3.0 | 4.0 | 2.0,1.0,5.0
ayu_rel_vr,float64,5275,5251,0.9955,19,690000.0 | 180000.0 | 30000.0 | 10000.0 | 240000.0,98.0,6000000.0
uay_comida,float64,5275,4119,0.7809,2,1.0 | 2.0,1.0,2.0
uay_educacion,float64,5275,4119,0.7809,2,2.0 | 1.0,1.0,2.0
uay_salud,float64,5275,4119,0.7809,2,2.0 | 1.0,1.0,2.0
uay_vivienda,float64,5275,4119,0.7809,2,2.0 | 1.0,1.0,2.0
uay_tierras,float64,5275,4119,0.7809,1,2.0,2.0,2.0
uay_agropec,float64,5275,4119,0.7809,2,2.0 | 1.0,1.0,2.0
uay_noagropec,float64,5275,4119,0.7809,2,2.0 | 1.0,1.0,2.0
uay_ahorrar,float64,5275,4119,0.7809,2,2.0 | 1.0,1.0,2.0
uay_noinfo,float64,5275,5117,0.97,1,1.0,1.0,1.0
uay_otros,float64,5275,4119,0.7809,2,2.0 | 1.0,1.0,2.0
uay_otros_cual,object,5275,5257,0.9966,17,EVENTUALIDADES DEL HOGAR | ACTIVIDADES DE RECREACION | REGALOS DE NAVIDAD | ASEO | TERRAZA,,
eay_fam_colom,int64,5275,0,0.0,2,2 | 1,1.0,2.0
eay_fc_per,float64,5275,4572,0.8667,5,1.0 | 5.0 | 4.0 | 2.0 | 3.0,1.0,5.0
eay_fc_vr,float64,5275,4572,0.8667,87,100000.0 | 800000.0 | 300000.0 | 480000.0 | 720000.0,98.0,9000000.0
eay_fam_exte,int64,5275,0,0.0,2,2 | 1,1.0,2.0
eay_fe_per,float64,5275,5251,0.9955,4,1.0 | 5.0 | 4.0 | 3.0,1.0,5.0
eay_fe_vr,float64,5275,5251,0.9955,14,300000.0 | 400000.0 | 500000.0 | 2400000.0 | 100000.0,98.0,3600000.0
eay_alimentos,int64,5275,0,0.0,2,2 | 1,1.0,2.0
eay_alim_per,float64,5275,5086,0.9642,5,5.0 | 1.0 | 3.0 | 4.0 | 2.0,1.0,5.0
eay_alim_vr,float64,5275,5086,0.9642,62,800000.0 | 4800000.0 | 1200000.0 | 340000.0 | 200000.0,98.0,9600000.0
eay_otras,int64,5275,0,0.0,2,2 | 1,1.0,2.0
eay_otras_per,float64,5275,5206,0.9869,5,5.0 | 4.0 | 1.0 | 2.0 | 3.0,1.0,5.0
eay_otras_vr,float64,5275,5206,0.9869,32,50000.0 | 20000.0 | 3000000.0 | 35000.0 | 100000.0,98.0,3000000.0
tienen_deudas,int64,5275,0,0.0,2,1 | 2,1.0,2.0
tipo_deuda_1,float64,5275,2026,0.3841,3,1.0 | 2.0 | 3.0,1.0,3.0
aquien_deben_1,float64,5275,4625,0.8768,7,7.0 | 5.0 | 2.0 | 4.0 | 1.0,1.0,7.0
aquien_cual_1,object,5275,5111,0.9689,81,A FAMILIARES | VENDEDOR PUERTA APUERTA | FAMILIARES | AMIGOS | UN FAMILIAR,,
con_quien_1,float64,5275,2676,0.5073,12,6.0 | 3.0 | 1.0 | 8.0 | 2.0,1.0,13.0
conquien_cual_1,object,5275,5220,0.9896,41,SIN INFORMACION | PRESTAMO EN ELGAS PARA MATERIALES | VENDEDOR AMBULANTE | ALMACEN HONDA | VENDEDOR AMBULANTE-COBRADOR,,
destino1_1,float64,5275,2676,0.5073,14,12.0 | 13.0 | 14.0 | 9.0 | 1.0,1.0,14.0
destino2_1,float64,5275,2676,0.5073,13,0.0 | 13.0 | 3.0 | 11.0 | 5.0,0.0,14.0
destino3_1,float64,5275,2676,0.5073,5,0.0 | 12.0 | 13.0 | 3.0 | 5.0,0.0,13.0
destino4_1,float64,5275,2676,0.5073,2,0.0 | 5.0,0.0,5.0
fechai_mes_1,float64,5275,2676,0.5073,14,1.0 | 10.0 | 12.0 | 2.0 | 5.0,1.0,99.0
fechai_ano_1,float64,5275,2676,0.5073,28,2010.0 | 2009.0 | 2008.0 | 2007.0 | 2005.0,1985.0,9999.0
vr_inicial_1,float64,5275,2676,0.5073,280,2000000.0 | 309000.0 | 200000.0 | 3000000.0 | 1050000.0,98.0,152000000.0
tasa_interes_1,float64,5275,2676,0.5073,134,1.5 | 8.0 | 0.0 | 2.5 | 5.0,0.0,999.0
tasa_period_1,float64,5275,2679,0.5079,9,4.0 | 8.0 | 9.0 | 7.0 | 1.0,1.0,9.0
cuota_1,float64,5275,2676,0.5073,538,89350.0 | 55300.0 | 200000.0 | 250000.0 | 110000.0,97.0,15000000.0
period_cuota_1,float64,5275,2676,0.5073,13,4.0 | 10.0 | 7.0 | 1.0 | 2.0,1.0,99.0
meses_plazo_1,float64,5275,2026,0.3841,96,24.0 | 6.0 | 1.0 | 12.0 | 60.0,1.0,999.0
vr_saldo_1,float64,5275,2026,0.3841,580,2000000.0 | 110600.0 | 1000000.0 | 130000.0 | 200000.0,97.0,742000000.0
tipo_deuda_2,float64,5275,3849,0.7297,3,1.0 | 2.0 | 3.0,1.0,3.0
aquien_deben_2,float64,5275,4867,0.9227,7,5.0 | 3.0 | 6.0 | 7.0 | 1.0,1.0,7.0
aquien_cual_2,object,5275,5166,0.9793,65,PRESTAMO VECINA | FAMILIAR | PRESTAMISTAS | VENDEDOR PUERTA APUESTA | UN FAMILIAR,,
con_quien_2,float64,5275,4257,0.807,11,1.0 | 3.0 | 2.0 | 6.0 | 8.0,1.0,13.0
conquien_cual_2,object,5275,5235,0.9924,35,GASES DEL CARIBE BRILLA | UNIVERSIDAD DEL MAGDALENA | VENTAS DE CALLE A CREDITO | VENDEDOR CALLEJERO | COBRADOR,,
destino1_2,float64,5275,4257,0.807,14,13.0 | 3.0 | 1.0 | 14.0 | 2.0,1.0,14.0
destino2_2,float64,5275,4257,0.807,12,0.0 | 3.0 | 10.0 | 5.0 | 13.0,0.0,13.0
destino3_2,float64,5275,4257,0.807,4,0.0 | 12.0 | 14.0 | 13.0,0.0,14.0
destino4_2,float64,5275,4257,0.807,1,0.0,0.0,0.0
fechai_mes_2,float64,5275,4257,0.807,12,12.0 | 1.0 | 10.0 | 6.0 | 2.0,1.0,12.0
fechai_ano_2,float64,5275,4257,0.807,20,2008.0 | 2010.0 | 2009.0 | 2006.0 | 2007.0,1980.0,9998.0
vr_inicial_2,float64,5275,4257,0.807,164,2000000.0 | 1137000.0 | 2600000.0 | 1400000.0 | 4000000.0,98.0,80000000.0
tasa_interes_2,float64,5275,4257,0.807,86,1.5 | 5.0 | 8.0 | 98.0 | 26.0,0.0,999.0
tasa_period_2,float64,5275,4257,0.807,9,4.0 | 8.0 | 9.0 | 1.0 | 7.0,1.0,9.0
cuota_2,float64,5275,4257,0.807,294,82000.0 | 202000.0 | 283000.0 | 70000.0 | 500000.0,97.0,25000000.0
period_cuota_2,float64,5275,4257,0.807,13,4.0 | 3.0 | 2.0 | 1.0 | 9.0,1.0,99.0
meses_plazo_2,float64,5275,3849,0.7297,55,24.0 | 6.0 | 1.0 | 15.0 | 12.0,1.0,999.0
vr_saldo_2,float64,5275,3849,0.7297,326,656000.0 | 1137000.0 | 60000.0 | 1300000.0 | 3000000.0,97.0,315700000.0
tipo_deuda_3,float64,5275,4749,0.9003,3,1.0 | 2.0 | 3.0,1.0,3.0
aquien_deben_3,float64,5275,5090,0.9649,7,1.0 | 4.0 | 7.0 | 5.0 | 6.0,1.0,7.0
aquien_cual_3,object,5275,5231,0.9917,29,AMIGOS | REVISTAS | SE???ORA Q VENDE MERCANCIA | MUNDO MUJER | CONSTRUCTORA,,
con_quien_3,float64,5275,4934,0.9354,11,7.0 | 2.0 | 1.0 | 3.0 | 8.0,1.0,13.0
conquien_cual_3,object,5275,5265,0.9981,7,VENDEDOR DE ARTICULOS PARA EL HOGAR | LIBRANZA | VENDEDOR AMBULANTE | TIENDA | TENDERO,,
destino1_3,float64,5275,4934,0.9354,13,12.0 | 2.0 | 13.0 | 11.0 | 5.0,1.0,14.0
destino2_3,float64,5275,4934,0.9354,7,0.0 | 5.0 | 1.0 | 13.0 | 2.0,0.0,13.0
destino3_3,float64,5275,4934,0.9354,1,0.0,0.0,0.0
destino4_3,float64,5275,4934,0.9354,1,0.0,0.0,0.0
fechai_mes_3,float64,5275,4934,0.9354,12,3.0 | 2.0 | 9.0 | 4.0 | 12.0,1.0,12.0
fechai_ano_3,float64,5275,4934,0.9354,17,2008.0 | 2010.0 | 2009.0 | 2004.0 | 2005.0,1980.0,9998.0
vr_inicial_3,float64,5275,4934,0.9354,96,2000000.0 | 1000000.0 | 1460000.0 | 392950.0 | 3000000.0,98.0,57000000.0
tasa_interes_3,float64,5275,4934,0.9354,53,0.0 | 24.0 | 8.0 | 98.0 | 10.0,0.0,999.0
tasa_period_3,float64,5275,4934,0.9354,8,9.0 | 8.0 | 7.0 | 4.0 | 1.0,1.0,9.0
cuota_3,float64,5275,4934,0.9354,139,100000.0 | 106000.0 | 160000.0 | 82000.0 | 21369.0,97.0,10000000.0
period_cuota_3,float64,5275,4934,0.9354,11,4.0 | 9.0 | 3.0 | 2.0 | 1.0,1.0,99.0
meses_plazo_3,float64,5275,4749,0.9003,28,24.0 | 8.0 | 18.0 | 12.0 | 5.0,1.0,999.0
vr_saldo_3,float64,5275,4749,0.9003,175,2000000.0 | 800000.0 | 1120000.0 | 1500000.0 | 126000.0,97.0,30000000.0
tipo_deuda_4,float64,5275,5063,0.9598,3,1.0 | 2.0 | 3.0,1.0,3.0
aquien_deben_4,float64,5275,5197,0.9852,7,1.0 | 5.0 | 7.0 | 6.0 | 4.0,1.0,7.0
aquien_cual_4,object,5275,5248,0.9949,22,AMIGOS | FAMILIAR | COOPERATIVA | VENDEDORES PUERTA A PUERTA | PRESTAMISTAS,,
con_quien_4,float64,5275,5141,0.9746,9,7.0 | 8.0 | 9.0 | 1.0 | 2.0,1.0,13.0
conquien_cual_4,object,5275,5267,0.9985,6,COMPRA VENTA | VENDEDOR AMBULANTE | TENDERO | SUZUKI | CORPORACION DIOCESANA,,
destino1_4,float64,5275,5141,0.9746,12,5.0 | 12.0 | 13.0 | 3.0 | 11.0,1.0,14.0
destino2_4,float64,5275,5141,0.9746,4,0.0 | 11.0 | 9.0 | 5.0,0.0,11.0
destino3_4,float64,5275,5141,0.9746,1,0.0,0.0,0.0
destino4_4,float64,5275,5141,0.9746,1,0.0,0.0,0.0
fechai_mes_4,float64,5275,5141,0.9746,12,1.0 | 4.0 | 12.0 | 5.0 | 6.0,1.0,12.0
fechai_ano_4,float64,5275,5141,0.9746,12,2010.0 | 2009.0 | 2006.0 | 2007.0 | 2008.0,1992.0,2010.0
vr_inicial_4,float64,5275,5141,0.9746,63,600000.0 | 1000000.0 | 50000.0 | 2300000.0 | 6000000.0,99.0,70000000.0
tasa_interes_4,float64,5275,5141,0.9746,32,0.0 | 3.0 | 9.0 | 2.8 | 22.0,0.0,999.0
tasa_period_4,float64,5275,5141,0.9746,6,9.0 | 4.0 | 8.0 | 7.0 | 5.0,4.0,9.0
cuota_4,float64,5275,5141,0.9746,75,1000.0 | 30000.0 | 50000.0 | 150000.0 | 161000.0,97.0,55000000.0
period_cuota_4,float64,5275,5141,0.9746,8,10.0 | 4.0 | 9.0 | 1.0 | 2.0,1.0,97.0
meses_plazo_4,float64,5275,5063,0.9598,29,6.0 | 3.0 | 5.0 | 1.0 | 12.0,1.0,999.0
vr_saldo_4,float64,5275,5063,0.9598,95,600000.0 | 1000000.0 | 400000.0 | 150000.0 | 200000.0,97.0,55000000.0
tipo_deuda_5,float64,5275,5197,0.9852,3,2.0 | 3.0 | 1.0,1.0,3.0
aquien_deben_5,float64,5275,5251,0.9955,6,1.0 | 7.0 | 5.0 | 3.0 | 6.0,1.0,7.0
aquien_cual_5,object,5275,5266,0.9983,9,IMPUESTO PREDIAL | VENTAS POR CATALOGO AMELISSA | TARJETA DE CREDITO | PRESTAMO GOTA A GOTA | ODONTOLOGIA,,
con_quien_5,float64,5275,5221,0.9898,8,3.0 | 2.0 | 1.0 | 7.0 | 13.0,1.0,13.0
conquien_cual_5,object,5275,5274,0.9998,1,TIENDA DEL BARRIO- VALES,,
destino1_5,float64,5275,5221,0.9898,12,7.0 | 5.0 | 14.0 | 9.0 | 1.0,1.0,14.0
destino2_5,float64,5275,5221,0.9898,2,0.0 | 12.0,0.0,12.0
destino3_5,float64,5275,5221,0.9898,1,0.0,0.0,0.0
destino4_5,float64,5275,5221,0.9898,1,0.0,0.0,0.0
fechai_mes_5,float64,5275,5221,0.9898,11,11.0 | 2.0 | 12.0 | 5.0 | 4.0,1.0,12.0
fechai_ano_5,float64,5275,5221,0.9898,7,2009.0 | 2008.0 | 2010.0 | 2005.0 | 2006.0,2002.0,2010.0
vr_inicial_5,float64,5275,5221,0.9898,31,1350000.0 | 800000.0 | 1800000.0 | 100000.0 | 30000.0,9000.0,65000000.0
tasa_interes_5,float64,5275,5221,0.9898,23,0.0 | 2.5 | 36.0 | 1.0 | 1.73,0.0,999.0
tasa_period_5,float64,5275,5221,0.9898,5,9.0 | 4.0 | 8.0 | 1.0 | 98.0,1.0,98.0
cuota_5,float64,5275,5221,0.9898,41,37000.0 | 450000.0 | 96000.0 | 1000.0 | 30000.0,97.0,6000000.0
period_cuota_5,float64,5275,5221,0.9898,7,4.0 | 1.0 | 9.0 | 3.0 | 10.0,1.0,10.0
meses_plazo_5,float64,5275,5197,0.9852,19,19.0 | 998.0 | 1.0 | 48.0 | 36.0,1.0,999.0
vr_saldo_5,float64,5275,5197,0.9852,48,1440000.0 | 2300000.0 | 80000.0 | 1200000.0 | 7000000.0,98.0,65000000.0
tipo_deuda_6,float64,5275,5242,0.9937,3,2.0 | 1.0 | 3.0,1.0,3.0
aquien_deben_6,float64,5275,5265,0.9981,5,6.0 | 1.0 | 7.0 | 5.0 | 4.0,1.0,7.0
aquien_cual_6,object,5275,5272,0.9994,3,LOTERIA DEL META | ESIKA | IMPUESTO PREDIAL,,
con_quien_6,float64,5275,5252,0.9956,5,3.0 | 1.0 | 7.0 | 8.0 | 6.0,1.0,8.0
destino1_6,float64,5275,5252,0.9956,8,7.0 | 5.0 | 14.0 | 9.0 | 12.0,2.0,14.0
destino2_6,float64,5275,5252,0.9956,1,0.0,0.0,0.0
destino3_6,float64,5275,5252,0.9956,1,0.0,0.0,0.0
destino4_6,float64,5275,5252,0.9956,1,0.0,0.0,0.0
fechai_mes_6,float64,5275,5252,0.9956,8,4.0 | 12.0 | 6.0 | 7.0 | 5.0,1.0,12.0
fechai_ano_6,float64,5275,5252,0.9956,7,2008.0 | 2007.0 | 2001.0 | 2009.0 | 2010.0,2001.0,9998.0
vr_inicial_6,float64,5275,5252,0.9956,17,70000.0 | 1000000.0 | 500000.0 | 900000.0 | 200000.0,50000.0,27000000.0
tasa_interes_6,float64,5275,5252,0.9956,17,0.0 | 24.2 | 1.73 | 10.0 | 3.5,0.0,999.0
tasa_period_6,float64,5275,5252,0.9956,5,9.0 | 8.0 | 4.0 | 3.0 | 1.0,1.0,9.0
cuota_6,float64,5275,5252,0.9956,17,20000.0 | 50000.0 | 247000.0 | 97.0 | 875000.0,97.0,3100000.0
period_cuota_6,float64,5275,5252,0.9956,4,4.0 | 9.0 | 1.0 | 10.0,1.0,10.0
meses_plazo_6,float64,5275,5242,0.9937,11,2.0 | 36.0 | 997.0 | 24.0 | 6.0,1.0,998.0
vr_saldo_6,float64,5275,5242,0.9937,25,400000.0 | 300000.0 | 900000.0 | 200000.0 | 600000.0,98.0,25000000.0
tipo_deuda_7,float64,5275,5260,0.9972,2,1.0 | 2.0,1.0,2.0
aquien_deben_7,float64,5275,5273,0.9996,2,7.0 | 1.0,1.0,7.0
aquien_cual_7,object,5275,5274,0.9998,1,EL QUE LE VENDIO LA CASA,,
con_quien_7,float64,5275,5262,0.9975,5,3.0 | 7.0 | 1.0 | 8.0 | 6.0,1.0,8.0
destino1_7,float64,5275,5262,0.9975,7,11.0 | 5.0 | 12.0 | 9.0 | 13.0,2.0,14.0
destino2_7,float64,5275,5262,0.9975,2,0.0 | 11.0,0.0,11.0
destino3_7,float64,5275,5262,0.9975,1,0.0,0.0,0.0
destino4_7,float64,5275,5262,0.9975,1,0.0,0.0,0.0
fechai_mes_7,float64,5275,5262,0.9975,7,5.0 | 6.0 | 12.0 | 1.0 | 8.0,1.0,12.0
fechai_ano_7,float64,5275,5262,0.9975,5,2009.0 | 2010.0 | 2007.0 | 2008.0 | 2005.0,2005.0,2010.0
vr_inicial_7,float64,5275,5262,0.9975,10,800000.0 | 400000.0 | 17000000.0 | 3000000.0 | 600000.0,5000.0,17000000.0
tasa_interes_7,float64,5275,5262,0.9975,8,24.0 | 0.0 | 1.73 | 98.0 | 20.0,0.0,98.0
tasa_period_7,float64,5275,5262,0.9975,3,8.0 | 9.0 | 4.0,4.0,9.0
cuota_7,float64,5275,5262,0.9975,13,52000.0 | 97.0 | 200000.0 | 480000.0 | 60000.0,97.0,500000.0
period_cuota_7,float64,5275,5262,0.9975,4,4.0 | 10.0 | 1.0 | 9.0,1.0,10.0
meses_plazo_7,float64,5275,5260,0.9972,11,36.0 | 997.0 | 24.0 | 60.0 | 2.0,1.0,997.0
vr_saldo_7,float64,5275,5260,0.9972,12,600000.0 | 400000.0 | 17800000.0 | 3000000.0 | 500000.0,98.0,17800000.0
tipo_deuda_8,float64,5275,5270,0.9991,2,3.0 | 1.0,1.0,3.0
aquien_deben_8,float64,5275,5273,0.9996,2,6.0 | 7.0,6.0,7.0
aquien_cual_8,object,5275,5274,0.9998,1,REVISTA NOVAVENTA,,
con_quien_8,float64,5275,5272,0.9994,3,7.0 | 8.0 | 1.0,1.0,8.0
destino1_8,float64,5275,5272,0.9994,3,2.0 | 12.0 | 5.0,2.0,12.0
destino2_8,float64,5275,5272,0.9994,1,0.0,0.0,0.0
destino3_8,float64,5275,5272,0.9994,1,0.0,0.0,0.0
destino4_8,float64,5275,5272,0.9994,1,0.0,0.0,0.0
fechai_mes_8,float64,5275,5272,0.9994,2,2.0 | 5.0,2.0,5.0
fechai_ano_8,float64,5275,5272,0.9994,2,2010.0 | 2005.0,2005.0,2010.0
vr_inicial_8,float64,5275,5272,0.9994,2,400000.0 | 300000.0,300000.0,400000.0
tasa_interes_8,float64,5275,5272,0.9994,3,0.0 | 40.0 | 98.0,0.0,98.0
tasa_period_8,float64,5275,5272,0.9994,3,9.0 | 1.0 | 4.0,1.0,9.0
cuota_8,float64,5275,5272,0.9994,3,400000.0 | 12000.0 | 30000.0,12000.0,400000.0
period_cuota_8,float64,5275,5272,0.9994,3,10.0 | 1.0 | 4.0,1.0,10.0
meses_plazo_8,float64,5275,5270,0.9991,4,3.0 | 1.0 | 98.0 | 48.0,1.0,98.0
vr_saldo_8,float64,5275,5270,0.9991,5,180000.0 | 400000.0 | 300000.0 | 240000.0 | 600000.0,180000.0,600000.0
tipo_deuda_9,float64,5275,5272,0.9994,2,2.0 | 1.0,1.0,2.0
aquien_deben_9,float64,5275,5273,0.9996,2,7.0 | 4.0,4.0,7.0
aquien_cual_9,object,5275,5274,0.9998,1,A EL EMPLEADO,,
con_quien_9,float64,5275,5274,0.9998,1,8.0,8.0,8.0
destino1_9,float64,5275,5274,0.9998,1,12.0,12.0,12.0
destino2_9,float64,5275,5274,0.9998,1,0.0,0.0,0.0
destino3_9,float64,5275,5274,0.9998,1,0.0,0.0,0.0
destino4_9,float64,5275,5274,0.9998,1,0.0,0.0,0.0
fechai_mes_9,float64,5275,5274,0.9998,1,5.0,5.0,5.0
fechai_ano_9,float64,5275,5274,0.9998,1,2010.0,2010.0,2010.0
vr_inicial_9,float64,5275,5274,0.9998,1,100000.0,100000.0,100000.0
tasa_interes_9,float64,5275,5274,0.9998,1,4.0,4.0,4.0
tasa_period_9,float64,5275,5274,0.9998,1,1.0,1.0,1.0
cuota_9,float64,5275,5274,0.9998,1,4000.0,4000.0,4000.0
period_cuota_9,float64,5275,5274,0.9998,1,1.0,1.0,1.0
meses_plazo_9,float64,5275,5272,0.9994,3,6.0 | 9.0 | 1.0,1.0,9.0
vr_saldo_9,float64,5275,5272,0.9994,3,250000.0 | 400000.0 | 100000.0,100000.0,400000.0
tipo_deuda_10,float64,5275,5272,0.9994,1,1.0,1.0,1.0
aquien_deben_10,float64,5275,5275,1.0,0,,,
aquien_cual_10,float64,5275,5275,1.0,0,,,
con_quien_10,float64,5275,5272,0.9994,3,4.0 | 6.0 | 7.0,4.0,7.0
destino1_10,float64,5275,5272,0.9994,3,2.0 | 5.0 | 12.0,2.0,12.0
destino2_10,float64,5275,5272,0.9994,1,0.0,0.0,0.0
destino3_10,float64,5275,5272,0.9994,1,0.0,0.0,0.0
destino4_10,float64,5275,5272,0.9994,1,0.0,0.0,0.0
fechai_mes_10,float64,5275,5272,0.9994,3,4.0 | 5.0 | 11.0,4.0,11.0
fechai_ano_10,float64,5275,5272,0.9994,2,2010.0 | 2009.0,2009.0,2010.0
vr_inicial_10,float64,5275,5272,0.9994,3,90000.0 | 150000.0 | 400000.0,90000.0,400000.0
tasa_interes_10,float64,5275,5272,0.9994,2,999.0 | 0.0,0.0,999.0
tasa_period_10,float64,5275,5272,0.9994,1,9.0,9.0,9.0
cuota_10,float64,5275,5272,0.9994,3,30000.0 | 150000.0 | 60000.0,30000.0,150000.0
period_cuota_10,float64,5275,5272,0.9994,3,4.0 | 9.0 | 10.0,4.0,10.0
meses_plazo_10,float64,5275,5272,0.9994,2,1.0 | 12.0,1.0,12.0
vr_saldo_10,float64,5275,5272,0.9994,3,30000.0 | 150000.0 | 400000.0,30000.0,400000.0
tipo_deuda_11,float64,5275,5273,0.9996,1,2.0,2.0,2.0
aquien_deben_11,float64,5275,5273,0.9996,2,1.0 | 7.0,1.0,7.0
aquien_cual_11,object,5275,5274,0.9998,1,DUPREE,,
meses_plazo_11,float64,5275,5273,0.9996,2,12.0 | 1.0,1.0,12.0
vr_saldo_11,float64,5275,5273,0.9996,2,2400000.0 | 450000.0,450000.0,2400000.0
tipo_deuda_12,float64,5275,5273,0.9996,1,3.0,3.0,3.0
aquien_deben_12,float64,5275,5273,0.9996,1,5.0,5.0,5.0
meses_plazo_12,float64,5275,5273,0.9996,2,3.0 | 2.0,2.0,3.0
vr_saldo_12,float64,5275,5273,0.9996,2,150000.0 | 250000.0,150000.0,250000.0
tipo_deuda_13,float64,5275,5274,0.9998,1,2.0,2.0,2.0
aquien_deben_13,float64,5275,5274,0.9998,1,4.0,4.0,4.0
meses_plazo_13,float64,5275,5274,0.9998,1,2.0,2.0,2.0
vr_saldo_13,float64,5275,5274,0.9998,1,500000.0,500000.0,500000.0
tipo_deuda_14,float64,5275,5274,0.9998,1,1.0,1.0,1.0
con_quien_14,float64,5275,5274,0.9998,1,8.0,8.0,8.0
destino1_14,float64,5275,5274,0.9998,1,12.0,12.0,12.0
destino2_14,float64,5275,5274,0.9998,1,0.0,0.0,0.0
destino3_14,float64,5275,5274,0.9998,1,0.0,0.0,0.0
destino4_14,float64,5275,5274,0.9998,1,0.0,0.0,0.0
fechai_mes_14,float64,5275,5274,0.9998,1,5.0,5.0,5.0
fechai_ano_14,float64,5275,5274,0.9998,1,2010.0,2010.0,2010.0
vr_inicial_14,float64,5275,5274,0.9998,1,200000.0,200000.0,200000.0
tasa_interes_14,float64,5275,5274,0.9998,1,4.0,4.0,4.0
tasa_period_14,float64,5275,5274,0.9998,1,1.0,1.0,1.0
cuota_14,float64,5275,5274,0.9998,1,8000.0,8000.0,8000.0
period_cuota_14,float64,5275,5274,0.9998,1,1.0,1.0,1.0
meses_plazo_14,float64,5275,5274,0.9998,1,1.0,1.0,1.0
vr_saldo_14,float64,5275,5274,0.9998,1,200000.0,200000.0,200000.0
tipo_deuda_15,float64,5275,5274,0.9998,1,3.0,3.0,3.0
aquien_deben_15,float64,5275,5274,0.9998,1,5.0,5.0,5.0
meses_plazo_15,float64,5275,5274,0.9998,1,2.0,2.0,2.0
vr_saldo_15,float64,5275,5274,0.9998,1,180000.0,180000.0,180000.0
tipo_deuda_16,float64,5275,5274,0.9998,1,2.0,2.0,2.0
aquien_deben_16,float64,5275,5274,0.9998,1,7.0,7.0,7.0
aquien_cual_16,object,5275,5274,0.9998,1,TRABAJADORES,,
meses_plazo_16,float64,5275,5274,0.9998,1,1.0,1.0,1.0
vr_saldo_16,float64,5275,5274,0.9998,1,500000.0,500000.0,500000.0
act_dinero,int64,5275,0,0.0,2,2 | 1,1.0,2.0
act_dinero_vr,float64,5275,4529,0.8586,98,1200000.0 | 600000.0 | 9000000.0 | 5000000.0 | 3000000.0,97.0,43000000.0
act_fondos,int64,5275,0,0.0,2,2 | 1,1.0,2.0
act_fondos_vr,float64,5275,4957,0.9397,72,80000.0 | 98.0 | 4000000.0 | 4700000.0 | 99.0,98.0,79816234.0
act_cesantias,int64,5275,0,0.0,2,1 | 2,1.0,2.0
act_cesantias_vr,float64,5275,4482,0.8497,96,98.0 | 750000.0 | 500000.0 | 235000.0 | 700000.0,97.0,90000000.0
act_bonos_gob,int64,5275,0,0.0,2,2 | 1,1.0,2.0
act_bonos_gob_vr,float64,5275,5235,0.9924,18,500000.0 | 105000.0 | 45000.0 | 15000.0 | 115000.0,15000.0,5000000.0
act_bonos_emp,int64,5275,0,0.0,2,2 | 1,1.0,2.0
act_bonos_emp_vr,float64,5275,5248,0.9949,16,99.0 | 5000000.0 | 2700000.0 | 1100000.0 | 2600000.0,98.0,40000000.0
act_inversiones,int64,5275,0,0.0,2,2 | 1,1.0,2.0
act_inversiones_vr,float64,5275,5257,0.9966,12,15000000.0 | 2000000.0 | 1000000.0 | 4000000.0 | 3000000.0,98.0,40000000.0
act_roscas,int64,5275,0,0.0,2,1 | 2,1.0,2.0
act_roscas_vr,float64,5275,5177,0.9814,42,800000.0 | 3200000.0 | 1300000.0 | 100000.0 | 1500000.0,98.0,10000000.0
act_dineroprestado,int64,5275,0,0.0,2,2 | 1,1.0,2.0
act_dineroprestado_vr,float64,5275,5195,0.9848,33,2000000.0 | 99.0 | 1000000.0 | 1800000.0 | 10000.0,98.0,50000000.0
act_segvida,int64,5275,0,0.0,2,2 | 1,1.0,2.0
act_segvida_vr,float64,5275,4912,0.9312,62,30000000.0 | 98.0 | 50000000.0 | 61000000.0 | 42000000.0,97.0,260000000.0
act_segveh,int64,5275,0,0.0,2,2 | 1,1.0,2.0
act_segveh_vr,float64,5275,4958,0.9399,89,98.0 | 3000000.0 | 15000000.0 | 10000000.0 | 19500000.0,98.0,90000000.0
act_segviv,int64,5275,0,0.0,2,2 | 1,1.0,2.0
act_segviv_vr,float64,5275,5200,0.9858,39,98.0 | 6000000.0 | 99.0 | 20000000.0 | 270000.0,98.0,230000000.0
act_segmaq,int64,5275,0,0.0,2,2 | 1,1.0,2.0
act_segmaq_vr,float64,5275,5266,0.9983,5,10000000.0 | 50000000.0 | 27000000.0 | 98.0 | 99.0,98.0,50000000.0
act_segotros,int64,5275,0,0.0,2,2 | 1,1.0,2.0
act_segotros_vr,float64,5275,5062,0.9596,61,98.0 | 500000.0 | 70000000.0 | 515000.0 | 1300000.0,98.0,72000000.0
act_herencias,int64,5275,0,0.0,2,2 | 1,1.0,2.0
act_herencias_vr,float64,5275,5230,0.9915,27,1000000.0 | 40000000.0 | 7000000.0 | 98.0 | 6000000.0,98.0,60000000.0
act_polizas,int64,5275,0,0.0,2,2 | 1,1.0,2.0
act_polizas_vr,float64,5275,5262,0.9975,13,4500000.0 | 1600000.0 | 400000.0 | 4100000.0 | 1400000.0,98.0,24000000.0
act_vtainm,int64,5275,0,0.0,2,2 | 1,1.0,2.0
act_vtainm_vr,float64,5275,5248,0.9949,21,130000000.0 | 1600000.0 | 38000000.0 | 7000000.0 | 8000000.0,98.0,140000000.0
act_vtaneg,int64,5275,0,0.0,2,2 | 1,1.0,2.0
act_vtaneg_vr,float64,5275,5270,0.9991,5,50000000.0 | 1800000.0 | 2000000.0 | 3000000.0 | 12000000.0,1800000.0,50000000.0
act_vgtaotros,int64,5275,0,0.0,2,2 | 1,1.0,2.0
act_vtaotros_vr,float64,5275,5254,0.996,18,1200000.0 | 90000.0 | 12000000.0 | 1000000.0 | 5500000.0,80000.0,138000000.0
act_vtaotros_cual,object,5275,5254,0.996,16,VENTA DE MOTO | COMPRA Y VENTA DE GANADO | CARRO | MOTO | MAIZ,,
act_otrosing,int64,5275,0,0.0,2,2 | 1,1.0,2.0
act_otrosing_vr,float64,5275,5201,0.986,40,4000000.0 | 1200000.0 | 600000.0 | 200000.0 | 500000.0,25000.0,10000000.0
act_otrosing_cual,object,5275,5201,0.986,28,COMPRA VENTA DE GANADO | AYUDA A DESPLAZADOS | FAMILIAS EN ACCION | DE LA PERSONA O2 | POR TRABAJO DE LA PERSONA 02,,
ing_trabajo,float64,5275,309,0.0586,385,1300000.0 | 1080000.0 | 950000.0 | 1000000.0 | 515000.0,98.0,14000000.0
ing_pensiones,float64,5275,4697,0.8904,126,430000.0 | 753000.0 | 5000000.0 | 99.0 | 2000000.0,97.0,7000000.0
ing_arriendos,float64,5275,4726,0.8959,74,450000.0 | 250000.0 | 500000.0 | 900000.0 | 200000.0,98.0,6000000.0
ing_intereses_div,float64,5275,5225,0.9905,24,350000.0 | 200000.0 | 1000000.0 | 250000.0 | 400000.0,98.0,1800000.0
ing_ayudas,float64,5275,4363,0.8271,101,40000.0 | 25000.0 | 75000.0 | 180000.0 | 200000.0,10000.0,4800000.0
ing_otros_nrem,float64,5275,5120,0.9706,46,50000.0 | 300000.0 | 130000.0 | 200000.0 | 100000.0,99.0,3000000.0
vr_gtos_mensuales,int64,5275,0,0.0,302,800000 | 700000 | 602000 | 650000 | 400000,98.0,8000000.0
vr_gtos_mens_alim,int64,5275,0,0.0,124,500000 | 150000 | 250000 | 300000 | 400000,98.0,2500000.0
fhog,float64,5275,0,0.0,321,1451.9440613588142 | 483.98131828662144 | 2419.906626932757 | 967.9626365732428 | 964.9518045501138,11.691271066607232,41569.08627954811
fexhog,float64,5275,0,0.0,1170,0.398601084947586 | 0.521865963935852 | 0.4253978133201599 | 0.4877001643180847 | 0.8507956266403198,0.1735087037086486,13.697809219360352
riqueza_pca,float64,5275,0,0.0,4684,1.5391724 | -1.6741905 | 0.91157764 | -1.6782908 | 0.97637725,-14.303724,7.581193
tercil2010,int64,5275,0,0.0,3,3 | 1 | 2,1.0,3.0
