variable,UHogar,RHogar,UPersonas,RPersonas
aceptar_trabajo,0,0,1,0
act_bonos_emp,1,1,0,0
act_bonos_emp_vr,1,1,0,0
act_bonos_gob,1,1,0,0
act_bonos_gob_vr,1,1,0,0
act_cesantias,1,1,0,0
act_cesantias_vr,1,1,0,0
act_cotidiana,0,0,1,1
act_dinero,1,1,0,0
act_dinero_vr,1,1,0,0
act_dineroprestado,1,1,0,0
act_dineroprestado_vr,1,1,0,0
act_fondos,1,1,0,0
act_fondos_vr,1,1,0,0
act_herencias,1,0,0,0
act_herencias_vr,1,1,0,0
act_inversiones,1,1,0,0
act_inversiones_vr,1,1,0,0
act_otrosing,1,0,0,0
act_otrosing_cual,1,1,0,0
act_otrosing_vr,1,1,0,0
act_polizas,1,0,0,0
act_polizas_vr,1,1,0,0
act_roscas,1,1,0,0
act_roscas_vr,1,1,0,0
act_segcosechas,0,1,0,0
act_segcosechas_vr,0,1,0,0
act_segmaq,1,1,0,0
act_segmaq_vr,1,1,0,0
act_segotros,1,1,0,0
act_segotros_vr,1,1,0,0
act_segveh,1,1,0,0
act_segveh_vr,1,1,0,0
act_segvida,1,1,0,0
act_segvida_vr,1,1,0,0
act_segviv,1,1,0,0
act_segviv_vr,1,1,0,0
act_vgtaotros,1,0,0,0
act_vtaanimdes,0,1,0,0
act_vtainm,1,0,0,0
act_vtainm_vr,1,1,0,0
act_vtaneg,1,0,0,0
act_vtaneg_vr,1,1,0,0
act_vtaotros_cual,1,1,0,0
act_vtaotros_vr,1,1,0,0
actividad_ppal,0,0,1,0
actividad_principal,0,0,1,0
afectaron_hogarc_1,0,1,0,0
afectaron_hogarc_2,0,1,0,0
afectaron_hogarc_3,0,1,0,0
afectaron_hogarc_4,0,1,0,0
afectaron_hogarc_5,0,1,0,0
afiliacion,0,0,1,1
afiliado_fp_pt,0,0,1,0
agro_ingresos,0,1,0,0
ahorra,0,0,1,1
ahorro_carro,0,0,1,1
ahorro_casa,0,0,1,1
ahorro_educ,0,0,1,1
ahorro_event,0,0,1,1
ahorro_futuro,0,0,1,1
ahorro_montar,0,0,1,1
ahorro_otro,0,0,1,1
ahorro_otros_act,0,0,1,1
ahorro_recre,0,0,1,1
angustia,0,0,1,1
ano_creo_hogar,1,1,0,0
ano_dejo_t,0,0,1,0
ano_duro,0,0,1,0
ano_inicio,0,0,1,1
ano_inicio_ta,0,0,1,0
ano_llevaviviendo,1,1,0,0
ano_nac_m,0,0,1,1
ano_nac_p,0,0,1,1
ano_primert,0,0,1,0
ano_retiro,0,0,1,0
ano_retiro_pt,0,0,1,0
ano_unionm,0,0,1,1
anos_adqviv,1,0,0,0
anos_dejo,0,0,1,0
anos_ocupa_vivienda,1,1,0,0
anos_primert,0,0,1,0
anos_retiro,0,0,1,0
anos_superior,0,0,1,1
anos_tiene_hogar,1,1,0,0
anos_trabaja,0,0,1,0
anos_trabajo,0,0,1,0
aquien_cual_1,1,1,0,0
aquien_cual_10,1,0,0,0
aquien_cual_11,1,0,0,0
aquien_cual_16,1,0,0,0
aquien_cual_2,1,1,0,0
aquien_cual_3,1,1,0,0
aquien_cual_4,1,1,0,0
aquien_cual_5,1,1,0,0
aquien_cual_6,1,1,0,0
aquien_cual_7,1,1,0,0
aquien_cual_8,1,1,0,0
aquien_cual_9,1,0,0,0
aquien_deben_1,1,1,0,0
aquien_deben_10,1,0,0,0
aquien_deben_11,1,0,0,0
aquien_deben_12,1,0,0,0
aquien_deben_13,1,0,0,0
aquien_deben_15,1,0,0,0
aquien_deben_16,1,0,0,0
aquien_deben_2,1,1,0,0
aquien_deben_3,1,1,0,0
aquien_deben_4,1,1,0,0
aquien_deben_5,1,1,0,0
aquien_deben_6,1,1,0,0
aquien_deben_7,1,1,0,0
aquien_deben_8,1,1,0,0
aquien_deben_9,1,0,0,0
arren_bodega,1,0,0,0
arren_casa,1,0,0,0
arren_cuarto,1,0,0,0
arren_finca,1,0,0,0
arren_garaje,1,0,0,0
arren_local,1,0,0,0
arren_oficina,1,0,0,0
artritis_m,0,0,1,1
artritis_p,0,0,1,1
asma_m,0,0,1,1
asma_p,0,0,1,1
asoc_vigil,0,0,1,1
automoviles,1,1,0,0
avalancha,1,1,0,0
ayu_ali_per,1,1,0,0
ayu_ali_vr,1,1,0,0
ayu_alimentos,1,1,0,0
ayu_desplazados,1,1,0,0
ayu_emergencias,1,1,0,0
ayu_fam_colom,1,1,0,0
ayu_fam_ext,1,1,0,0
ayu_fc_per,1,1,0,0
ayu_fc_vr,1,1,0,0
ayu_fe_per,1,1,0,0
ayu_fe_vr,1,1,0,0
ayu_oi_per,1,1,0,0
ayu_oi_vr,1,1,0,0
ayu_ong,1,1,0,0
ayu_ong_per,1,1,0,0
ayu_ong_vr,1,1,0,0
ayu_orgintern,1,1,0,0
ayu_rel_per,1,1,0,0
ayu_rel_vr,1,1,0,0
ayu_religiosas,1,1,0,0
beca_accionsocial,0,0,1,1
beca_cajacom,0,0,1,1
beca_cual,0,0,1,1
beca_emp_pri,0,0,1,1
beca_emp_pub,0,0,1,1
beca_misma_ins,0,0,1,1
beca_otro,0,0,1,1
beca_periodicidad,0,0,1,1
beca_prg_gob,0,0,1,1
benef_antes_1,0,0,1,0
benef_antes_2,0,0,1,0
benef_antes_3,0,0,1,0
benef_antes_4,0,0,1,0
benef_antes_5,0,0,1,0
benef_antesm_1,0,0,1,0
benef_antesm_2,0,0,1,0
benef_antesm_3,0,0,1,0
benef_antesm_4,0,0,1,0
benef_antesm_5,0,0,1,0
beneficiario_1,0,0,1,0
beneficiario_2,0,0,1,0
beneficiario_3,0,0,1,0
beneficiario_4,0,0,1,0
beneficiario_5,0,0,1,0
beneficiario_orden,0,0,1,1
beneficiario_sss,0,0,1,1
bronquitis_m,0,0,1,1
bronquitis_p,0,0,1,1
bustrab_fh,0,0,0,1
bustrab_fh1,0,0,0,1
bustrab_fh10,0,0,0,1
bustrab_fh11,0,0,0,1
bustrab_fh12,0,0,0,1
bustrab_fh2,0,0,0,1
bustrab_fh3,0,0,0,1
bustrab_fh4,0,0,0,1
bustrab_fh5,0,0,0,1
bustrab_fh6,0,0,0,1
bustrab_fh7,0,0,0,1
bustrab_fh8,0,0,0,1
bustrab_fh9,0,0,0,1
cabecera_nac,0,0,1,1
cabecera_vivia,0,0,1,1
cabecera_vivia5,0,0,1,1
caja_saludrec,1,1,0,0
caja_subsprest,1,1,0,0
califica_salud,0,0,1,1
cambio_vivienda,1,1,0,0
cancer_m,0,0,1,1
cancer_p,0,0,1,1
cargo1,0,0,0,1
cargo10,0,0,0,1
cargo11,0,0,0,1
cargo12,0,0,0,1
cargo2,0,0,0,1
cargo3,0,0,0,1
cargo4,0,0,0,1
cargo5,0,0,0,1
cargo6,0,0,0,1
cargo7,0,0,0,1
cargo8,0,0,0,1
cargo9,0,0,0,1
cargo_cr,0,0,0,1
casas,1,1,0,0
ceguera,0,0,1,1
cerebral_m,0,0,1,1
cerebral_p,0,0,1,1
choquec_1,0,1,0,0
choquec_2,0,1,0,0
choquec_3,0,1,0,0
choquec_4,0,1,0,0
choquec_5,0,1,0,0
cocina_es,1,1,0,0
cod_oficio,0,0,1,0
cod_oficio2,0,0,1,0
cod_oficio2_ta,0,0,1,0
cod_oficio_trabajaba,0,0,1,0
cod_programa_1,0,0,1,0
cod_programa_2,0,0,1,0
cod_programa_3,0,0,1,0
cod_programa_4,0,0,1,0
cod_programa_5,0,0,1,0
cod_rama,0,0,1,1
cod_rama1,0,0,1,1
cod_rama1_ta,0,0,1,0
cod_rama_trabajaba,0,0,1,0
compro_vc_cual,1,0,0,0
compro_vivcuando,1,0,0,0
con_quien_1,1,1,0,0
con_quien_10,1,0,0,0
con_quien_14,1,0,0,0
con_quien_2,1,1,0,0
con_quien_3,1,1,0,0
con_quien_4,1,1,0,0
con_quien_5,1,1,0,0
con_quien_6,1,1,0,0
con_quien_7,1,1,0,0
con_quien_8,1,1,0,0
con_quien_9,1,0,0,0
conquien_cual_1,1,1,0,0
conquien_cual_2,1,1,0,0
conquien_cual_3,1,1,0,0
conquien_cual_4,1,1,0,0
conquien_cual_5,1,0,0,0
consecutivo,1,1,1,1
consecutivo_c,1,1,0,0
consulta_libros,0,0,1,1
contabilidad,0,0,1,0
corazon_m,0,0,1,1
corazon_p,0,0,1,1
coronaria_m,0,0,1,1
coronaria_p,0,0,1,1
cotiza_fp,0,0,1,1
cr_activ1_ma,0,0,0,1
cr_activ1_no,0,0,0,1
cr_activ1_ta,0,0,0,1
cr_activ2_ma,0,0,0,1
cr_activ2_no,0,0,0,1
cr_activ2_ta,0,0,0,1
cr_activ3_ma,0,0,0,1
cr_activ3_no,0,0,0,1
cr_activ3_ta,0,0,0,1
cr_activ4_ma,0,0,0,1
cr_activ4_no,0,0,0,1
cr_activ4_ta,0,0,0,1
cr_activ5_ma,0,0,0,1
cr_activ5_no,0,0,0,1
cr_activ5_ta,0,0,0,1
cr_activ6_ma,0,0,0,1
cr_activ6_no,0,0,0,1
cr_activ6_ta,0,0,0,1
cr_arriendos,0,0,1,0
cr_asisteorg1,0,0,1,1
cr_asisteorg2,0,0,1,1
cr_asisteorg3,0,0,1,1
cr_asisteorg4,0,0,1,1
cr_asisteorg5,0,0,1,1
cr_dividendos,0,0,1,0
cr_ganaba_in,0,0,1,0
creciente,1,1,0,0
cred_banco,0,0,1,1
cred_cajacom,0,0,1,1
cred_cual,0,0,1,1
cred_emp_pri,0,0,1,1
cred_emp_pub,0,0,1,1
cred_fna,0,0,1,1
cred_fondo,0,0,1,1
cred_icetex,0,0,1,1
cred_misma_ins,0,0,1,1
cred_otro,0,0,1,1
cred_periodicidad,0,0,1,1
credito_cooperativa,1,0,0,0
credito_estudiar,0,0,1,1
credito_financiera,1,1,0,0
credito_fna,1,0,0,0
credito_gremios,0,1,0,0
credito_proveedor,1,1,0,0
crlider_org1,0,0,1,1
crlider_org2,0,0,1,1
crlider_org3,0,0,1,1
crlider_org4,0,0,1,1
crlider_org5,0,0,1,1
cuando_monto,0,0,1,0
cuando_monto_edad,0,0,1,0
cuantas_unionesm,0,0,1,1
cuidado_personal,0,0,1,1
cuota_1,1,1,0,0
cuota_10,1,0,0,0
cuota_14,1,0,0,0
cuota_2,1,1,0,0
cuota_3,1,1,0,0
cuota_4,1,1,0,0
cuota_5,1,1,0,0
cuota_6,1,1,0,0
cuota_7,1,1,0,0
cuota_8,1,1,0,0
cuota_9,1,0,0,0
dcto_viv_cual,1,0,0,0
dcto_vivienda,1,0,0,0
dejo_trabajo,0,0,1,0
depresion_m,0,0,1,1
depresion_p,0,0,1,1
des_oficio2_ta,0,0,1,0
des_rama1_ta,0,0,1,0
des_rama_trabajaba,0,0,1,0
descrip_oficio,0,0,1,0
descrip_rama,0,0,1,1
descripcion_ciiu,0,0,1,0
descripcion_ciiu_2digitos,0,0,1,0
descripcion_cno,0,0,1,0
descripcion_cno_2digitos,0,0,1,0
desde_ano_1,0,0,1,0
desde_ano_2,0,0,1,0
desde_ano_3,0,0,1,0
desde_ano_4,0,0,1,0
desde_ano_5,0,0,1,0
desde_edad_1,0,0,1,0
desde_edad_2,0,0,1,0
desde_edad_3,0,0,1,0
desde_edad_4,0,0,1,0
desde_edad_5,0,0,1,0
desde_mes_1,0,0,1,0
desde_mes_2,0,0,1,0
desde_mes_3,0,0,1,0
desde_mes_4,0,0,1,0
desde_mes_5,0,0,1,0
desempleado,0,0,1,0
destino1_1,1,1,0,0
destino1_10,1,0,0,0
destino1_14,1,0,0,0
destino1_2,1,1,0,0
destino1_3,1,1,0,0
destino1_4,1,1,0,0
destino1_5,1,1,0,0
destino1_6,1,1,0,0
destino1_7,1,1,0,0
destino1_8,1,1,0,0
destino1_9,1,0,0,0
destino2_1,1,1,0,0
destino2_10,1,0,0,0
destino2_14,1,0,0,0
destino2_2,1,1,0,0
destino2_3,1,1,0,0
destino2_4,1,1,0,0
destino2_5,1,1,0,0
destino2_6,1,1,0,0
destino2_7,1,1,0,0
destino2_8,1,1,0,0
destino2_9,1,0,0,0
destino3_1,1,1,0,0
destino3_10,1,0,0,0
destino3_14,1,0,0,0
destino3_2,1,1,0,0
destino3_3,1,1,0,0
destino3_4,1,1,0,0
destino3_5,1,1,0,0
destino3_6,1,1,0,0
destino3_7,1,1,0,0
destino3_8,1,1,0,0
destino3_9,1,0,0,0
destino4_1,1,1,0,0
destino4_10,1,0,0,0
destino4_14,1,0,0,0
destino4_2,1,1,0,0
destino4_3,1,1,0,0
destino4_4,1,1,0,0
destino4_5,1,1,0,0
destino4_6,1,1,0,0
destino4_7,1,1,0,0
destino4_8,1,1,0,0
destino4_9,1,0,0,0
diabetes_m,0,0,1,1
diabetes_p,0,0,1,1
dias_noasistio,0,0,1,1
dif_aprender,0,0,1,1
dif_banarse,0,0,1,1
dif_calle,0,0,1,1
dif_moverse,0,0,1,1
dif_ninguna,0,0,1,1
diligencias12,0,0,1,0
diligencias4,0,0,1,0
disp_pagar_vr,0,0,1,0
disp_recibir,0,0,1,0
disponibilidad,0,0,1,0
eay_alim_per,1,1,0,0
eay_alim_vr,1,1,0,0
eay_alimentos,1,1,0,0
eay_fam_colom,1,1,0,0
eay_fam_exte,1,1,0,0
eay_fc_per,1,1,0,0
eay_fc_vr,1,1,0,0
eay_fe_per,1,1,0,0
eay_fe_vr,1,1,0,0
eay_otras,1,1,0,0
eay_otras_per,1,1,0,0
eay_otras_vr,1,1,0,0
edad,0,0,1,1
edad_dejoestudio,0,0,1,1
edad_hijo_mayor,0,0,1,1
edad_hijo_mayora,0,0,1,1
edad_hijo_mayorm,0,0,1,1
edad_meses,0,0,1,1
edad_primert,0,0,1,0
edad_retirot,0,0,1,0
edad_tenia,0,0,1,1
edad_tenia_ds,0,0,1,0
edad_unionm,0,0,1,1
educ_madre,0,0,1,1
educ_padre,0,0,1,1
eliminan_basura,1,1,0,0
empleo2,0,0,1,0
empleo2_ta,0,0,1,0
energia_cocinan,1,1,0,0
enfermedad_m,0,0,1,1
enfermedad_p,0,0,1,1
es_bisnieto,0,0,1,1
espalda_m,0,0,1,1
espalda_p,0,0,1,1
est_superiores,0,0,1,1
estaba_fp,0,0,1,0
estaba_sss,0,0,1,0
estado_civil,0,0,1,1
estrato,1,0,0,0
estudia,0,0,1,1
etnia,0,0,1,1
ev_acci,0,0,1,1
ev_ciru,0,0,1,1
ev_enfe,0,0,1,1
ev_ning,0,0,1,1
ev_odon,0,0,1,1
familias_accion,1,1,0,0
fecha_ano_adviv,1,0,0,0
fecha_mes_adviv,1,0,0,0
fechai_ano_1,1,1,0,0
fechai_ano_10,1,0,0,0
fechai_ano_14,1,0,0,0
fechai_ano_2,1,1,0,0
fechai_ano_3,1,1,0,0
fechai_ano_4,1,1,0,0
fechai_ano_5,1,1,0,0
fechai_ano_6,1,1,0,0
fechai_ano_7,1,1,0,0
fechai_ano_8,1,1,0,0
fechai_ano_9,1,0,0,0
fechai_mes_1,1,1,0,0
fechai_mes_10,1,0,0,0
fechai_mes_14,1,0,0,0
fechai_mes_2,1,1,0,0
fechai_mes_3,1,1,0,0
fechai_mes_4,1,1,0,0
fechai_mes_5,1,1,0,0
fechai_mes_6,1,1,0,0
fechai_mes_7,1,1,0,0
fechai_mes_8,1,1,0,0
fechai_mes_9,1,0,0,0
fexhog,1,1,0,0
fexpers,0,0,1,1
fhog,1,1,0,0
finan_educ_pago,0,0,1,1
fpers,0,0,1,1
fue_jornalero,0,0,0,1
fue_jornalero1,0,0,0,1
fue_jornalero10,0,0,0,1
fue_jornalero11,0,0,0,1
fue_jornalero12,0,0,0,1
fue_jornalero2,0,0,0,1
fue_jornalero3,0,0,0,1
fue_jornalero4,0,0,0,1
fue_jornalero5,0,0,0,1
fue_jornalero6,0,0,0,1
fue_jornalero7,0,0,0,1
fue_jornalero8,0,0,0,1
fue_jornalero9,0,0,0,1
fundo_negocio,0,0,1,0
gan_actagr,0,1,0,0
gan_actnag,0,1,0,0
gan_vtaanimales,0,1,0,0
gastritis_m,0,0,1,1
gastritis_p,0,0,1,1
grado_educ,0,0,1,1
grado_educ_cursa,0,0,1,1
gto_t_actagr,0,1,0,0
gto_t_actnag,0,1,0,0
gto_t_vtaanimales,0,1,0,0
hijos_hombres_unionm,0,0,1,1
hijos_mujeres_unionm,0,0,1,1
hizo1c_1,0,1,0,0
hizo1c_2,0,1,0,0
hizo1c_3,0,1,0,0
hizo1c_4,0,1,0,0
hizo1c_5,0,1,0,0
hizo2c_1,0,1,0,0
hizo2c_2,0,1,0,0
hizo2c_3,0,1,0,0
hizo2c_4,0,1,0,0
hizo2c_5,0,1,0,0
hizo3c_2,0,1,0,0
hizo3c_4,0,1,0,0
hizo3c_5,0,1,0,0
hor_aactv1_ma,0,0,0,1
hor_aactv1_no,0,0,0,1
hor_aactv1_ta,0,0,0,1
hor_aactv2_ma,0,0,0,1
hor_aactv2_no,0,0,0,1
hor_aactv2_ta,0,0,0,1
hor_aactv3_ma,0,0,0,1
hor_aactv3_no,0,0,0,1
hor_aactv3_ta,0,0,0,1
hor_aactv4_ma,0,0,0,1
hor_aactv4_no,0,0,0,1
hor_aactv4_ta,0,0,0,1
hor_aactv5_ma,0,0,0,1
hor_aactv5_no,0,0,0,1
hor_aactv5_ta,0,0,0,1
hor_aactv6_ma,0,0,0,1
hor_aactv6_no,0,0,0,1
hor_aactv6_ta,0,0,0,1
horas_2,0,0,1,0
horas_conseguir_t,0,0,1,0
horas_normal,0,0,1,1
horas_normal_pt,0,0,1,0
horas_normal_ta,0,0,1,0
hospital_veces,0,0,1,1
hospitalizado,0,0,1,1
hundimiento,1,1,0,0
icbf,1,1,0,0
id_dpto,1,1,0,0
id_dpto_nac,0,0,1,1
id_dpto_vivia,0,0,1,1
id_dpto_vivia5,0,0,1,1
id_mpio,1,1,0,0
id_mpio_nac,0,0,1,1
id_mpio_vivia,0,0,1,1
id_mpio_vivia5,0,0,1,1
id_mpiou,1,1,0,0
inc_libros,0,0,1,1
inc_otros,0,0,1,1
inc_salidasp,0,0,1,1
inc_solom,0,0,1,1
incapac_perm,0,0,0,1
informante,0,0,1,1
ing_arriendos,1,1,0,0
ing_ayudas,1,0,0,0
ing_hextras,0,0,0,1
ing_intereses_div,1,1,0,0
ing_otros_nrem,1,1,0,0
ing_pensiones,1,1,0,0
ing_t_actagr,0,1,0,0
ing_t_actnag,0,1,0,0
ing_t_vtaanimales,0,1,0,0
ing_t_vtapastos,0,1,0,0
ing_trabajo,1,1,0,0
inundacion,1,1,0,0
jovenes_accion,1,1,0,0
junta_edif,0,0,1,1
lee_escribe,0,0,1,1
llave_id_lb,0,0,1,1
lotes,1,1,0,0
lugar_ahorra,0,0,1,1
lugar_ahorra_cual,0,0,1,1
lugar_nacimiento,0,0,1,1
lugar_vivia,0,0,1,1
lugar_vivia5,0,0,1,1
madre_vive,0,0,1,1
malestar,0,0,1,1
maquinaria,1,0,0,0
material_paredes,1,1,0,0
material_pisos,1,1,0,0
medio_busco,0,0,1,0
medio_busco_cual,0,0,1,0
medio_cons_cual,0,0,1,0
medio_consiguio,0,0,1,0
mes_dejo_t,0,0,1,0
mes_inicio,0,0,1,1
mes_inicio_ta,0,0,1,0
mes_llevaviviendo,1,1,0,0
mes_retiro,0,0,1,0
mes_unionm,0,0,1,1
meses_adqviv,1,0,0,0
meses_busc_trab,0,0,1,0
meses_dejo,0,0,1,0
meses_dejo_trab,0,0,1,0
meses_duro,0,0,1,0
meses_ganancia,0,0,1,0
meses_ocupa_vivienda,1,1,0,0
meses_plazo_1,1,1,0,0
meses_plazo_10,1,0,0,0
meses_plazo_11,1,0,0,0
meses_plazo_12,1,0,0,0
meses_plazo_13,1,0,0,0
meses_plazo_14,1,0,0,0
meses_plazo_15,1,0,0,0
meses_plazo_16,1,0,0,0
meses_plazo_2,1,1,0,0
meses_plazo_3,1,1,0,0
meses_plazo_4,1,1,0,0
meses_plazo_5,1,1,0,0
meses_plazo_6,1,1,0,0
meses_plazo_7,1,1,0,0
meses_plazo_8,1,1,0,0
meses_plazo_9,1,0,0,0
meses_retiro,0,0,1,0
meses_trabaja,0,0,1,0
min_activ1_ma,0,0,0,1
min_activ1_no,0,0,0,1
min_activ1_ta,0,0,0,1
min_activ2_ma,0,0,0,1
min_activ2_no,0,0,0,1
min_activ2_ta,0,0,0,1
min_activ3_ma,0,0,0,1
min_activ3_no,0,0,0,1
min_activ3_ta,0,0,0,1
min_activ4_ma,0,0,0,1
min_activ4_no,0,0,0,1
min_activ4_ta,0,0,0,1
min_activ5_ma,0,0,0,1
min_activ5_no,0,0,0,1
min_activ5_ta,0,0,0,1
min_activ6_ma,0,0,0,1
min_activ6_no,0,0,0,1
min_activ6_ta,0,0,0,1
motocicletas,1,1,0,0
mov_parpol,0,0,1,1
movilidad,0,0,1,1
mudez,0,0,1,1
n_aire_acondicionado,1,1,0,0
n_bicicletas,1,1,0,0
n_calentadores,1,1,0,0
n_computadores,1,1,0,0
n_duchas,1,1,0,0
n_empleados,0,0,1,0
n_empleados_pt,0,0,1,0
n_empleados_tenia,0,0,1,0
n_equipos_sonido,1,1,0,0
n_equipos_video,1,1,0,0
n_hornos,1,1,0,0
n_internet,1,1,0,0
n_lavadoras,1,1,0,0
n_licuadoras,1,1,0,0
n_microondas,1,1,0,0
n_neveras,1,1,0,0
n_otros_bienes,1,1,0,0
n_radios,1,1,0,0
n_secadoras,1,0,0,0
n_television_cable,1,1,0,0
n_televisores,1,1,0,0
n_vecesc_1,0,1,0,0
n_vecesc_2,0,1,0,0
n_vecesc_3,0,1,0,0
n_vecesc_4,0,1,0,0
n_vecesc_5,0,1,0,0
nac_ano,0,0,1,1
nac_dia,0,0,1,1
nac_mes,0,0,1,1
nhoras_org1,0,0,1,1
nhoras_org2,0,0,1,1
nhoras_org3,0,0,1,1
nhoras_org4,0,0,1,1
nhoras_org5,0,0,1,1
ningun_subsidio,1,1,0,0
nivel_educ,0,0,1,1
nivel_educ_cursa,0,0,1,1
noestudia_cual,0,0,1,1
nombre_empresa,0,0,1,0
noprof_acci,0,0,1,1
noprof_ciru,0,0,1,1
noprof_enfe,0,0,1,1
noprof_odon,0,0,1,1
noson_hogar,0,0,0,1
noson_hogar_cual,0,0,0,1
obtencion_agua,1,1,0,0
ocupacion,0,0,1,1
ocupacion2,0,0,1,0
ocupacion_cual,0,0,1,1
ocupacion_pt,0,0,1,0
ocupacion_pt_cual,0,0,1,0
ocupacion_tenia,0,0,1,0
ocupacion_tenia_cual,0,0,1,0
ofertas_emp1,0,0,1,0
ofertas_emp12,0,0,1,0
ofertas_empleo,0,0,1,0
oficina,1,1,0,0
oficio_trabajaba,0,0,1,0
ofrecev_ano,1,0,0,0
ofrecev_mes,1,0,0,0
ofrecev_vivi,1,0,0,0
ola,1,1,1,1
orden,0,0,1,1
orden_conyuge,0,0,1,1
orden_madre,0,0,1,1
orden_padre,0,0,1,1
orden_pariente,0,0,1,1
orden_tareas,0,0,1,1
ordeninforma,1,1,0,0
org_caridad,0,0,1,1
org_comunitaria,0,0,1,1
org_culdep,0,0,1,1
org_educ,0,0,1,1
org_etnica,0,0,1,1
org_iestado,0,0,1,1
org_jac,0,0,1,1
org_mamb,0,0,1,1
org_ninguna,0,0,1,1
org_otra,0,0,1,1
org_otra_cual,0,0,1,1
org_religiosa,0,0,1,1
otra_financiacion,1,1,0,0
otra_financiacion_cual,1,1,0,0
otras_unionesm,0,0,1,1
otro_bien_cual,1,1,0,0
otro_programa,1,1,0,0
otro_programa_cual,1,1,0,0
padre_vive,0,0,1,1
pago_bono,0,0,1,1
pago_complem,0,0,1,1
pago_matricula,0,0,1,1
pago_pension,0,0,1,1
pago_uniformes,0,0,1,1
pago_utiles,0,0,1,1
pais_nac,0,0,1,1
pais_vivia,0,0,1,1
pais_vivia5,0,0,1,1
parentesco,0,0,1,1
pariente,0,0,1,1
pds,0,0,1,0
period_cuota_1,1,1,0,0
period_cuota_10,1,0,0,0
period_cuota_14,1,0,0,0
period_cuota_2,1,1,0,0
period_cuota_3,1,1,0,0
period_cuota_4,1,1,0,0
period_cuota_5,1,1,0,0
period_cuota_6,1,1,0,0
period_cuota_7,1,1,0,0
period_cuota_8,1,1,0,0
period_cuota_9,1,0,0,0
pin,0,0,1,0
pinc_aliment,0,0,1,1
pinc_otros,0,0,1,1
pinc_solop,0,0,1,1
pinc_transp,0,0,1,1
poc,0,0,1,0
porcentaje_participacion,0,0,1,0
ppt,0,0,1,0
prepagada,0,0,1,1
presion_m,0,0,1,1
presion_p,0,0,1,1
prestamo_empleador,1,0,0,0
prestamo_familiar,1,1,0,0
prestamo_libros,0,0,1,1
prestamo_particular,1,1,0,0
prev_malter,0,0,1,1
prev_med,0,0,1,1
prev_nousa,0,0,1,1
prev_odo,0,0,1,1
prev_opto,0,0,1,1
prev_pediatra,0,0,1,1
prev_planif,0,0,1,1
prg_adultomayor,1,1,0,0
prg_tierras,0,1,0,0
proyecto,0,0,1,0
pta,0,0,1,0
ptd_org1,0,0,1,1
ptd_org2,0,0,1,1
ptd_org3,0,0,1,1
ptd_org4,0,0,1,1
ptd_org5,0,0,1,1
razon_db_cual,0,0,1,0
razon_dejo_bus,0,0,1,0
razon_dejo_trab,0,0,1,0
razon_dt_cual,0,0,1,0
razon_jornalero,0,0,0,1
razon_jornalero_cual,0,0,0,1
razon_llego,0,0,1,1
razon_llego_cual,0,0,1,1
razon_na_cual,0,0,1,1
razon_noacepto,0,0,1,0
razon_noacepto_cual,0,0,1,0
razon_noahorra,0,0,1,1
razon_noestudia,0,0,1,1
razon_novivia,0,0,1,1
razon_nsfinan,0,0,1,1
razon_nsfinan_cual,0,0,1,1
razon_nv_cual,0,0,1,1
razon_retiro_in,0,0,1,0
razon_retiro_pt,0,0,1,0
razon_ri_cual,0,0,1,0
razon_rpt_cual,0,0,1,0
razon_tiene_negocio,0,0,1,0
razon_tn_cual,0,0,1,0
rec_alimentos_pago,0,0,1,1
rec_almuerzo,0,0,1,1
rec_balimenta,0,0,1,1
rec_bfotocop,0,0,1,1
rec_btransp,0,0,1,1
rec_desayuno,0,0,1,1
rec_nada,0,0,1,1
rec_otros_pago,0,0,1,0
rec_refrigerio,0,0,1,1
rec_uniformes,0,0,1,1
rec_vivienda_pago,0,0,1,1
recibia_pt,0,0,1,0
recibio_beca,0,0,1,1
recursos_propios,1,1,0,0
red_juntos,1,1,0,0
regimen,0,0,1,1
region,1,1,0,0
registro_mercantil,0,0,1,0
religion,1,1,0,0
religion_cual,1,1,0,0
religion_cual2,1,1,0,0
rinon_m,0,0,1,1
rinon_p,0,0,1,1
riqueza_pca,1,1,0,0
seguimiento,0,0,1,1
semovientes,1,0,0,0
sena,1,1,0,0
servicio_sanitario,1,1,0,0
sexo,0,0,1,1
sindicato,0,0,1,1
sitio_alimentos,1,1,0,0
sordera,0,0,1,1
sp_acueducto,1,1,0,0
sp_alcantarillado,1,1,0,0
sp_energia,1,1,0,0
sp_estrato,1,0,0,0
sp_gasnatural,1,1,0,0
sp_recoleccion_basura,1,1,0,0
sp_telefono,1,1,0,0
sss,0,0,1,1
sss_meses,0,0,1,1
sss_porque,0,0,1,1
sss_pt,0,0,1,0
sub_aliment,0,0,0,1
sub_desempleo,1,1,0,0
sub_familiar,0,0,0,1
sub_transp,0,0,0,1
subsidio_compra,1,1,0,0
subsidio_legalizar,1,1,0,0
subsidio_mejora,1,1,0,0
subsidio_negado,1,1,0,0
subsidio_nousado,1,1,0,0
subsidio_recibido,1,1,0,0
subsidios,1,0,0,0
t_abr,0,0,0,1
t_act_cotidiana,0,0,1,1
t_ago,0,0,0,1
t_angustia,0,0,1,1
t_busco_trab,0,0,1,0
t_bustrab_a,0,0,1,0
t_bustrab_m,0,0,1,0
t_cuartos_dormir,1,1,0,0
t_cuartos_hogar,1,1,0,0
t_cuidado_personal,0,0,1,1
t_dejo_trabajar,0,0,1,0
t_dic,0,0,0,1
t_ene,0,0,0,1
t_este_hogar,0,0,0,1
t_feb,0,0,0,1
t_hogar,1,1,0,0
t_hogares,1,1,0,0
t_jul,0,0,0,1
t_jun,0,0,0,1
t_malestar,0,0,1,1
t_mar,0,0,0,1
t_may,0,0,0,1
t_movilidad,0,0,1,1
t_nov,0,0,0,1
t_oct,0,0,0,1
t_personas,1,1,0,0
t_sep,0,0,0,1
t_tod,0,0,0,1
tam_empresa,0,0,1,0
tamano_pt,0,0,1,0
tamano_tenia,0,0,1,0
tareas,0,0,1,1
tasa_interes_1,1,1,0,0
tasa_interes_10,1,0,0,0
tasa_interes_14,1,0,0,0
tasa_interes_2,1,1,0,0
tasa_interes_3,1,1,0,0
tasa_interes_4,1,1,0,0
tasa_interes_5,1,1,0,0
tasa_interes_6,1,1,0,0
tasa_interes_7,1,1,0,0
tasa_interes_8,1,1,0,0
tasa_interes_9,1,0,0,0
tasa_period_1,1,1,0,0
tasa_period_10,1,0,0,0
tasa_period_14,1,0,0,0
tasa_period_2,1,1,0,0
tasa_period_3,1,1,0,0
tasa_period_4,1,1,0,0
tasa_period_5,1,1,0,0
tasa_period_6,1,1,0,0
tasa_period_7,1,1,0,0
tasa_period_8,1,1,0,0
tasa_period_9,1,0,0,0
tenencia_vivienda,1,1,0,0
tercil2010,1,1,0,0
terremoto,1,1,0,0
tiempo_anos,0,0,1,1
tiempo_meses,0,0,1,1
tienen_deudas,1,1,0,0
tipo_deuda_1,1,1,0,0
tipo_deuda_10,1,0,0,0
tipo_deuda_11,1,0,0,0
tipo_deuda_12,1,0,0,0
tipo_deuda_13,1,0,0,0
tipo_deuda_14,1,0,0,0
tipo_deuda_15,1,0,0,0
tipo_deuda_16,1,0,0,0
tipo_deuda_2,1,1,0,0
tipo_deuda_3,1,1,0,0
tipo_deuda_4,1,1,0,0
tipo_deuda_5,1,1,0,0
tipo_deuda_6,1,1,0,0
tipo_deuda_7,1,1,0,0
tipo_deuda_8,1,1,0,0
tipo_deuda_9,1,0,0,0
tipo_estab,0,0,1,1
tipo_vivienda,1,1,0,0
tit_baldios,0,1,0,0
trabajo_antes,0,0,1,0
trabajo_madre,0,0,1,1
trabajo_padre,0,0,1,1
trabajo_ultimo12,0,0,0,1
trabajo_ultimo12_cuantos,0,0,0,1
transporte,1,0,0,0
tratar_acci,0,0,1,1
tratar_ciru,0,0,1,1
tratar_enfe,0,0,1,1
tratar_odon,0,0,1,1
uay_agropec,1,1,0,0
uay_ahorrar,1,1,0,0
uay_comida,1,1,0,0
uay_educacion,1,1,0,0
uay_noagropec,1,1,0,0
uay_noinfo,1,0,0,0
uay_otros,1,1,0,0
uay_otros_cual,1,1,0,0
uay_salud,1,1,0,0
uay_tierras,1,1,0,0
uay_vivienda,1,1,0,0
uc_aeropuerto,1,1,0,0
uc_basureros,1,1,0,0
uc_cagno_agua,1,1,0,0
uc_fabricas,1,1,0,0
uc_linea_alta_tension,1,1,0,0
uc_planta_tratamiento,1,1,0,0
uc_plaza_mercado,1,1,0,0
uc_terminal_bus,1,1,0,0
uc_trans_hidrocarburo,1,1,0,0
uc_vias_ppales,1,0,0,0
ult_hosp_cual,0,0,1,1
ult_hosp_dias,0,0,1,1
ultima_hosp,0,0,1,1
uso_sanitario,1,1,0,0
valor_arriendo_pagado,1,1,0,0
veces_cambio_vivienda,1,1,0,0
vih_m,0,0,1,1
vih_p,0,0,1,1
vive_conyuge,0,0,1,1
vivia_con,0,0,1,1
vivido_otro5,0,0,1,1
vivido_siempre5,0,0,1,1
vr_acci,0,0,1,1
vr_ahorro,0,0,1,1
vr_alimentos_pago,0,0,1,1
vr_automoviles,1,1,0,0
vr_beca,0,0,1,1
vr_bono,0,0,1,1
vr_bonos,0,0,1,0
vr_casas,1,1,0,0
vr_ciru,0,0,1,1
vr_complem,0,0,1,1
vr_credito,0,0,1,1
vr_educ_pago,0,0,1,1
vr_empleo2,0,0,1,0
vr_enfe,0,0,1,1
vr_ganaba_in,0,0,1,0
vr_ganancia,0,0,1,0
vr_gtos_mens_alim,1,1,0,0
vr_gtos_mensuales,1,1,0,0
vr_ing_hextras,0,0,0,1
vr_ingmen_ase,0,0,1,0
vr_inicial_1,1,1,0,0
vr_inicial_10,1,0,0,0
vr_inicial_14,1,0,0,0
vr_inicial_2,1,1,0,0
vr_inicial_3,1,1,0,0
vr_inicial_4,1,1,0,0
vr_inicial_5,1,1,0,0
vr_inicial_6,1,1,0,0
vr_inicial_7,1,1,0,0
vr_inicial_8,1,1,0,0
vr_inicial_9,1,0,0,0
vr_lotes,1,1,0,0
vr_maquinaria,1,0,0,0
vr_matricula,0,0,1,1
vr_motocicletas,1,1,0,0
vr_negocio,0,0,1,0
vr_odon,0,0,1,1
vr_oficina,1,1,0,0
vr_otros_bienes,1,1,0,0
vr_pension,0,0,1,1
vr_rec_arriendos,0,0,1,0
vr_rec_dividendos,0,0,1,0
vr_rec_pension,0,0,1,1
vr_recibia_pt,0,0,1,0
vr_salario,0,0,1,1
vr_salario_acep,0,0,1,0
vr_salario_disp,0,0,1,0
vr_salario_ofr,0,0,1,0
vr_saldo_1,1,1,0,0
vr_saldo_10,1,0,0,0
vr_saldo_11,1,0,0,0
vr_saldo_12,1,0,0,0
vr_saldo_13,1,0,0,0
vr_saldo_14,1,0,0,0
vr_saldo_15,1,0,0,0
vr_saldo_16,1,0,0,0
vr_saldo_2,1,1,0,0
vr_saldo_3,1,1,0,0
vr_saldo_4,1,1,0,0
vr_saldo_5,1,1,0,0
vr_saldo_6,1,1,0,0
vr_saldo_7,1,1,0,0
vr_saldo_8,1,1,0,0
vr_saldo_9,1,0,0,0
vr_semovientes,1,0,0,0
vr_subalimentacion,0,0,1,1
vr_subfamiliar,0,0,1,1
vr_subtransporte,0,0,1,1
vr_transporte,1,0,0,0
vr_ult_hosp,0,0,1,1
vr_uniformes,0,0,1,1
vr_utiles,0,0,1,1
vr_vivienda_pago,0,0,1,1
zona,1,1,0,0
